image_id,model,serial,seed,mahalanobis_distance,cosine_CNV,cosine_DME,cosine_DRUSEN,mahalanobis_percentile
NORMAL/NORMAL-1017237-1.jpeg,resnet_baseline,1,42,3.105088,-0.60335755,-0.68810225,-0.47347483,10.37344398340249
NORMAL/NORMAL-101880-1.jpeg,resnet_baseline,1,42,5.51109,-0.5684231,-0.4518909,-0.56958234,97.0954356846473
NORMAL/NORMAL-1025847-1.jpeg,resnet_baseline,1,42,4.609888,-0.48057464,-0.5764802,-0.539177,85.06224066390041
NORMAL/NORMAL-1038998-1.jpeg,resnet_baseline,1,42,3.9484375,-0.61374474,-0.58588266,-0.202353,59.33609958506224
NORMAL/NORMAL-1042462-1.jpeg,resnet_baseline,1,42,3.893903,0.40408176,0.30845392,0.75761694,56.016597510373444
NORMAL/NORMAL-1058176-1.jpeg,resnet_baseline,1,42,2.4973738,-0.2557456,-0.6037958,0.14500579,2.0746887966804977
NORMAL/NORMAL-1063128-1.jpeg,resnet_baseline,1,42,4.248138,-0.6154455,-0.5329691,-0.5023452,75.10373443983403
NORMAL/NORMAL-1073137-1.jpeg,resnet_baseline,1,42,3.9944315,-0.56448114,-0.6278926,-0.42175603,62.655601659751035
NORMAL/NORMAL-1081406-1.jpeg,resnet_baseline,1,42,3.844694,0.5376141,0.37234926,0.5107924,51.867219917012456
NORMAL/NORMAL-112928-1.jpeg,resnet_baseline,1,42,4.579215,-0.60381544,-0.6141092,-0.41507953,84.23236514522821
NORMAL/NORMAL-119840-1.jpeg,resnet_baseline,1,42,3.927372,-0.027356848,0.44633558,-0.0048960224,57.676348547717836
NORMAL/NORMAL-12494-1.jpeg,resnet_baseline,1,42,3.4980524,-0.39001817,-0.7079681,-0.20331493,29.87551867219917
NORMAL/NORMAL-12494-2.jpeg,resnet_baseline,1,42,3.4751036,-0.5944408,-0.610691,-0.45126992,27.385892116182575
NORMAL/NORMAL-12494-3.jpeg,resnet_baseline,1,42,3.0459235,-0.3864536,-0.24320579,-0.60467327,9.54356846473029
NORMAL/NORMAL-12494-4.jpeg,resnet_baseline,1,42,3.8300705,-0.5228152,-0.22929272,-0.5702369,50.62240663900415
NORMAL/NORMAL-12494-5.jpeg,resnet_baseline,1,42,3.808262,-0.5206062,-0.69868356,-0.31347787,48.96265560165975
NORMAL/NORMAL-133321-1.jpeg,resnet_baseline,1,42,5.0849752,-0.33211863,-0.5157608,-0.5451278,92.5311203319502
NORMAL/NORMAL-138971-1.jpeg,resnet_baseline,1,42,3.2047594,-0.49832046,-0.35105544,0.059785336,13.278008298755188
NORMAL/NORMAL-15208-1.jpeg,resnet_baseline,1,42,3.908575,0.3677236,-0.14001638,0.013726536,56.43153526970954
NORMAL/NORMAL-15307-1.jpeg,resnet_baseline,1,42,4.0714607,0.47919577,0.35487056,0.5157567,66.39004149377593
NORMAL/NORMAL-153950-1.jpeg,resnet_baseline,1,42,3.4757302,-0.5826003,-0.6584312,-0.40223822,27.800829875518673
NORMAL/NORMAL-1746717-1.jpeg,resnet_baseline,1,42,4.398779,-0.49654138,-0.4118253,-0.5872291,79.66804979253112
NORMAL/NORMAL-1759350-1.jpeg,resnet_baseline,1,42,3.243937,-0.6705295,-0.5359659,-0.29383713,14.937759336099585
NORMAL/NORMAL-1781140-1.jpeg,resnet_baseline,1,42,4.18834,0.07796538,-0.3268428,0.15113214,71.78423236514523
NORMAL/NORMAL-1791409-1.jpeg,resnet_baseline,1,42,3.4820743,-0.25472075,0.25006562,0.041490477,28.63070539419087
NORMAL/NORMAL-1831654-1.jpeg,resnet_baseline,1,42,3.2920399,-0.5871987,-0.4104337,-0.60122067,19.502074688796682
NORMAL/NORMAL-1853526-1.jpeg,resnet_baseline,1,42,3.6420455,-0.35119504,-0.56624746,0.12747799,39.83402489626556
NORMAL/NORMAL-1860310-1.jpeg,resnet_baseline,1,42,5.0857835,-0.1648585,-0.065469,-0.47403708,92.9460580912863
NORMAL/NORMAL-1897894-1.jpeg,resnet_baseline,1,42,3.818088,-0.5858446,-0.26682705,-0.5513841,50.20746887966805
NORMAL/NORMAL-1907560-1.jpeg,resnet_baseline,1,42,3.1473954,0.29302683,-0.01270768,0.6179913,10.78838174273859
NORMAL/NORMAL-1908313-1.jpeg,resnet_baseline,1,42,7.0883975,0.07853513,-0.27264968,0.5460198,100.0
NORMAL/NORMAL-1951042-1.jpeg,resnet_baseline,1,42,3.6528127,-0.5578629,-0.29361984,-0.5734966,40.66390041493776
NORMAL/NORMAL-1957379-1.jpeg,resnet_baseline,1,42,3.8788526,-0.69801176,-0.71451557,-0.32864642,54.356846473029044
NORMAL/NORMAL-197082-1.jpeg,resnet_baseline,1,42,3.860372,0.4198683,0.57776093,0.39169052,53.941908713692946
NORMAL/NORMAL-1983894-1.jpeg,resnet_baseline,1,42,3.515523,-0.30292267,-0.5893328,-0.48986134,30.70539419087137
NORMAL/NORMAL-1988065-1.jpeg,resnet_baseline,1,42,3.5335615,-0.5468391,-0.6510501,-0.49133193,32.365145228215766
NORMAL/NORMAL-1989796-1.jpeg,resnet_baseline,1,42,4.105112,0.405735,-0.15521987,0.492491,68.04979253112033
NORMAL/NORMAL-1998191-1.jpeg,resnet_baseline,1,42,4.513745,-0.4921053,-0.66654176,-0.35336956,82.15767634854771
NORMAL/NORMAL-2010714-1.jpeg,resnet_baseline,1,42,3.638088,-0.29951006,-0.023436137,-0.6021812,39.41908713692946
NORMAL/NORMAL-2011412-1.jpeg,resnet_baseline,1,42,2.699608,-0.080827475,-0.5185994,-0.040948406,4.979253112033195
NORMAL/NORMAL-2019006-1.jpeg,resnet_baseline,1,42,2.6177795,0.091451235,0.453178,-0.065336645,3.7344398340248963
NORMAL/NORMAL-2019423-1.jpeg,resnet_baseline,1,42,2.7086456,-0.2769117,-0.52023137,0.25559786,5.809128630705394
NORMAL/NORMAL-2055634-1.jpeg,resnet_baseline,1,42,4.720216,-0.17280445,-0.40473855,-0.004047055,85.89211618257261
NORMAL/NORMAL-2059629-1.jpeg,resnet_baseline,1,42,3.4253132,-0.36872154,-0.07186859,-0.5971942,24.481327800829874
NORMAL/NORMAL-2075832-1.jpeg,resnet_baseline,1,42,3.3969195,-0.4940671,0.10588771,-0.33232486,23.236514522821576
NORMAL/NORMAL-2082689-1.jpeg,resnet_baseline,1,42,4.792066,0.40242437,0.23312026,0.5443939,87.96680497925311
NORMAL/NORMAL-2095710-1.jpeg,resnet_baseline,1,42,4.568984,-0.5033101,-0.60126287,-0.5378542,82.98755186721992
NORMAL/NORMAL-2113822-1.jpeg,resnet_baseline,1,42,3.2044108,-0.036154337,0.41639125,-0.1583393,12.863070539419086
NORMAL/NORMAL-2120559-1.jpeg,resnet_baseline,1,42,4.049338,-0.4415959,-0.70313156,-0.1691366,65.14522821576763
NORMAL/NORMAL-2120559-2.jpeg,resnet_baseline,1,42,4.3098392,-0.71963894,-0.63077575,-0.4988796,77.59336099585063
NORMAL/NORMAL-2120559-3.jpeg,resnet_baseline,1,42,3.2750509,-0.5266791,-0.5797472,-0.49094123,17.012448132780083
NORMAL/NORMAL-2126186-1.jpeg,resnet_baseline,1,42,3.7845018,-0.6471299,-0.4253242,-0.5670377,47.71784232365145
NORMAL/NORMAL-2131138-1.jpeg,resnet_baseline,1,42,4.0214715,-0.51975036,-0.5771891,-0.4861147,63.48547717842323
NORMAL/NORMAL-2158556-1.jpeg,resnet_baseline,1,42,3.7211316,-0.49701923,-0.7338109,-0.21448123,46.058091286307054
NORMAL/NORMAL-2167295-1.jpeg,resnet_baseline,1,42,5.1548867,-0.47152853,-0.5276946,-0.23567717,94.1908713692946
NORMAL/NORMAL-2181272-1.jpeg,resnet_baseline,1,42,3.29177,-0.5462705,-0.6448499,-0.41863805,19.08713692946058
NORMAL/NORMAL-2192790-1.jpeg,resnet_baseline,1,42,4.5864115,-0.67992175,-0.6051495,-0.5234445,84.64730290456431
NORMAL/NORMAL-2197972-1.jpeg,resnet_baseline,1,42,5.390072,-0.14522809,-0.14054942,-0.4450537,95.850622406639
NORMAL/NORMAL-2226488-1.jpeg,resnet_baseline,1,42,3.982009,-0.6533148,-0.36267087,-0.36825383,62.24066390041494
NORMAL/NORMAL-2231056-1.jpeg,resnet_baseline,1,42,3.797048,-0.56399643,-0.612115,-0.51813394,48.54771784232365
NORMAL/NORMAL-223814-1.jpeg,resnet_baseline,1,42,4.570555,-0.25452453,-0.66747355,-0.008312544,83.40248962655602
NORMAL/NORMAL-2244950-1.jpeg,resnet_baseline,1,42,4.020176,-0.3376698,-0.67150277,-0.15980366,63.07053941908713
NORMAL/NORMAL-2287992-1.jpeg,resnet_baseline,1,42,3.281311,-0.60319775,-0.63990605,-0.3786335,17.842323651452283
NORMAL/NORMAL-2305502-1.jpeg,resnet_baseline,1,42,3.9291444,0.06711326,-0.27284992,0.36305565,58.50622406639005
NORMAL/NORMAL-2312921-1.jpeg,resnet_baseline,1,42,3.329787,0.2878604,0.066118285,0.49722207,21.16182572614108
NORMAL/NORMAL-2316423-1.jpeg,resnet_baseline,1,42,4.731021,-0.28947785,-0.6146269,-0.063182145,86.72199170124482
NORMAL/NORMAL-2335256-1.jpeg,resnet_baseline,1,42,3.5654113,-0.43742645,-0.1493307,-0.61093044,35.26970954356847
NORMAL/NORMAL-2342517-1.jpeg,resnet_baseline,1,42,3.7184243,-0.36310303,-0.65313876,-0.16488212,45.643153526970956
NORMAL/NORMAL-2350851-1.jpeg,resnet_baseline,1,42,4.6581755,-0.5497134,-0.54596806,-0.57953906,85.47717842323651
NORMAL/NORMAL-2351012-1.jpeg,resnet_baseline,1,42,2.6826644,-0.34089518,0.22654076,-0.2519456,4.564315352697095
NORMAL/NORMAL-2362579-1.jpeg,resnet_baseline,1,42,3.8892825,-0.4543423,-0.7563318,-0.24504398,55.601659751037346
NORMAL/NORMAL-2366700-1.jpeg,resnet_baseline,1,42,3.7394917,-0.66347516,-0.42174864,-0.5098872,47.30290456431535
NORMAL/NORMAL-2373878-1.jpeg,resnet_baseline,1,42,3.960295,-0.53213865,-0.6851542,-0.19780701,60.58091286307054
NORMAL/NORMAL-2377429-1.jpeg,resnet_baseline,1,42,4.914485,-0.29175264,0.2528225,-0.37802398,89.62655601659752
NORMAL/NORMAL-2392366-1.jpeg,resnet_baseline,1,42,3.9729767,-0.5238857,-0.48576143,-0.53356206,61.41078838174274
NORMAL/NORMAL-2397754-1.jpeg,resnet_baseline,1,42,2.5567112,-0.55196214,-0.66929746,-0.5093059,2.4896265560165975
NORMAL/NORMAL-2403175-1.jpeg,resnet_baseline,1,42,3.5442278,0.28869545,-0.10304589,0.60859466,33.60995850622407
NORMAL/NORMAL-2416187-1.jpeg,resnet_baseline,1,42,3.2979069,-0.7306111,-0.21045968,-0.24203004,20.33195020746888
NORMAL/NORMAL-2421067-1.jpeg,resnet_baseline,1,42,4.423886,-0.5760343,-0.6631177,-0.23967549,80.49792531120332
NORMAL/NORMAL-2424949-1.jpeg,resnet_baseline,1,42,3.79411,-0.51469254,-0.69318694,-0.23528203,48.13278008298755
NORMAL/NORMAL-2434258-1.jpeg,resnet_baseline,1,42,3.5202744,0.0063069826,-0.5135688,-0.011649691,31.535269709543567
NORMAL/NORMAL-2436365-1.jpeg,resnet_baseline,1,42,3.83374,-0.6187501,-0.62538224,-0.36568248,51.037344398340245
NORMAL/NORMAL-2448954-1.jpeg,resnet_baseline,1,42,4.317255,0.29968995,0.14452294,-0.19302991,78.42323651452283
NORMAL/NORMAL-2459401-1.jpeg,resnet_baseline,1,42,3.972711,-0.3698672,-0.69060314,-0.11220673,60.99585062240664
NORMAL/NORMAL-2460548-1.jpeg,resnet_baseline,1,42,4.131624,-0.25789124,-0.50149304,-0.50313425,69.70954356846472
NORMAL/NORMAL-2476896-1.jpeg,resnet_baseline,1,42,4.7224994,-0.53227586,-0.6914129,-0.11068453,86.30705394190872
NORMAL/NORMAL-2493975-1.jpeg,resnet_baseline,1,42,2.3142679,-0.51171565,-0.65032935,-0.5412729,1.2448132780082988
NORMAL/NORMAL-2504667-1.jpeg,resnet_baseline,1,42,4.857325,-0.62300843,-0.44887787,-0.5406951,88.79668049792531
NORMAL/NORMAL-2509453-1.jpeg,resnet_baseline,1,42,4.7809463,-0.44504648,-0.4949172,-0.5007701,87.55186721991701
NORMAL/NORMAL-2517546-1.jpeg,resnet_baseline,1,42,6.0594773,-0.3865294,-0.14246044,-0.6019411,99.5850622406639
NORMAL/NORMAL-2549549-1.jpeg,resnet_baseline,1,42,3.3833475,-0.45398703,-0.73956364,-0.28506058,22.821576763485478
NORMAL/NORMAL-2551333-1.jpeg,resnet_baseline,1,42,3.2222059,-0.68739724,-0.51326853,-0.4992341,14.107883817427386
NORMAL/NORMAL-2569106-1.jpeg,resnet_baseline,1,42,2.702046,-0.4742177,-0.49920362,-0.51678264,5.394190871369295
NORMAL/NORMAL-2570020-1.jpeg,resnet_baseline,1,42,3.5583007,-0.4563,-0.5687854,-0.520887,34.85477178423236
NORMAL/NORMAL-2579419-1.jpeg,resnet_baseline,1,42,5.0005236,-0.3790804,-0.6667477,-0.0676068,91.70124481327801
NORMAL/NORMAL-2598368-1.jpeg,resnet_baseline,1,42,3.9106436,-0.35393792,-0.6014264,0.05300101,56.84647302904564
NORMAL/NORMAL-2602596-1.jpeg,resnet_baseline,1,42,3.1706786,-0.55241835,-0.064189404,-0.49273995,11.618257261410788
NORMAL/NORMAL-2627129-1.jpeg,resnet_baseline,1,42,4.1226954,-0.64725125,-0.54398274,-0.52784693,68.87966804979253
NORMAL/NORMAL-2633503-1.jpeg,resnet_baseline,1,42,3.2773838,-0.17406973,-0.056071997,0.21749558,17.42738589211618
NORMAL/NORMAL-2636641-1.jpeg,resnet_baseline,1,42,3.8586435,-0.34535384,-0.6752174,-0.2417353,53.52697095435685
NORMAL/NORMAL-2665491-1.jpeg,resnet_baseline,1,42,2.8111503,0.045922026,-0.33186924,-0.48671624,6.639004149377594
NORMAL/NORMAL-269181-1.jpeg,resnet_baseline,1,42,4.024267,-0.04468564,-0.23850179,-0.5252416,63.90041493775933
NORMAL/NORMAL-2705520-1.jpeg,resnet_baseline,1,42,4.904197,-0.13949725,-0.5114552,-0.27796283,89.21161825726142
NORMAL/NORMAL-2709055-1.jpeg,resnet_baseline,1,42,4.2686944,-0.6197681,-0.6781033,-0.24232057,76.34854771784232
NORMAL/NORMAL-2733663-1.jpeg,resnet_baseline,1,42,4.335038,-0.5421757,-0.32149106,-0.105558194,78.83817427385893
NORMAL/NORMAL-2739821-1.jpeg,resnet_baseline,1,42,4.117452,-0.49491578,-0.5725764,-0.5528048,68.46473029045643
NORMAL/NORMAL-2769622-1.jpeg,resnet_baseline,1,42,3.9276223,-0.50354636,-0.49871147,-0.56583905,58.09128630705395
NORMAL/NORMAL-2769622-2.jpeg,resnet_baseline,1,42,3.5559082,-0.07519946,0.18437393,0.46436644,34.024896265560166
NORMAL/NORMAL-279206-1.jpeg,resnet_baseline,1,42,3.2747676,-0.4989366,-0.32151774,-0.5658777,16.59751037344398
NORMAL/NORMAL-283376-1.jpeg,resnet_baseline,1,42,3.614592,-0.614396,-0.317571,-0.5318233,38.589211618257266
NORMAL/NORMAL-285896-1.jpeg,resnet_baseline,1,42,3.5337484,-0.56623936,0.005759943,-0.38746428,32.780082987551864
NORMAL/NORMAL-2973935-1.jpeg,resnet_baseline,1,42,4.576976,-0.49860775,-0.2561647,-0.57562506,83.81742738589212
NORMAL/NORMAL-3059523-1.jpeg,resnet_baseline,1,42,3.3820417,-0.67269826,-0.39543936,-0.49130586,22.40663900414938
NORMAL/NORMAL-307151-1.jpeg,resnet_baseline,1,42,3.428559,-0.5773519,-0.42672092,-0.5707367,25.311203319502074
NORMAL/NORMAL-307151-2.jpeg,resnet_baseline,1,42,3.4257038,-0.5043575,-0.7216241,-0.21050866,24.896265560165975
NORMAL/NORMAL-3077276-1.jpeg,resnet_baseline,1,42,4.040822,-0.5698724,-0.5315657,-0.3348997,64.73029045643153
NORMAL/NORMAL-3100637-1.jpeg,resnet_baseline,1,42,3.2558699,0.013928292,-0.42763373,0.28588867,15.767634854771783
NORMAL/NORMAL-3103940-1.jpeg,resnet_baseline,1,42,3.1706262,-0.7055514,-0.20047393,-0.19790484,11.20331950207469
NORMAL/NORMAL-3108564-1.jpeg,resnet_baseline,1,42,3.7384856,-0.48629317,-0.6329988,-0.472543,46.88796680497925
NORMAL/NORMAL-3134896-1.jpeg,resnet_baseline,1,42,2.6365066,0.04694765,-0.4107713,0.22772044,4.149377593360995
NORMAL/NORMAL-3166591-1.jpeg,resnet_baseline,1,42,4.244778,-0.5429179,-0.6757271,-0.30788255,74.68879668049793
NORMAL/NORMAL-3220509-1.jpeg,resnet_baseline,1,42,3.4225945,-0.64721614,-0.59980243,-0.3930496,24.066390041493776
NORMAL/NORMAL-3244919-1.jpeg,resnet_baseline,1,42,3.8828933,-0.53678995,-0.6990869,-0.35669577,54.77178423236515
NORMAL/NORMAL-3256489-1.jpeg,resnet_baseline,1,42,3.5120592,-0.60779595,-0.56931907,-0.51383126,30.29045643153527
NORMAL/NORMAL-3277704-1.jpeg,resnet_baseline,1,42,3.8566158,-0.7110783,-0.4977165,-0.25612187,53.11203319502075
NORMAL/NORMAL-3300015-1.jpeg,resnet_baseline,1,42,3.6922956,-0.60090876,-0.6639359,-0.16426189,43.56846473029046
NORMAL/NORMAL-3307598-1.jpeg,resnet_baseline,1,42,3.5973313,-0.72875965,-0.22552817,-0.4722528,37.344398340248965
NORMAL/NORMAL-3307598-2.jpeg,resnet_baseline,1,42,3.7050958,-0.5873031,-0.6302171,-0.43346703,44.398340248962654
NORMAL/NORMAL-3308307-1.jpeg,resnet_baseline,1,42,4.4496994,-0.6309627,-0.5200674,-0.5336061,80.91286307053942
NORMAL/NORMAL-330905-1.jpeg,resnet_baseline,1,42,4.201658,-0.2641527,-0.6482874,-0.03291609,72.61410788381743
NORMAL/NORMAL-3320960-1.jpeg,resnet_baseline,1,42,3.650332,-0.13337646,-0.14704561,0.4910521,40.24896265560166
NORMAL/NORMAL-3326661-1.jpeg,resnet_baseline,1,42,3.4953406,-0.6228776,-0.5839963,-0.28670672,29.460580912863072
NORMAL/NORMAL-3330006-1.jpeg,resnet_baseline,1,42,5.443162,-0.25923127,-0.35434246,0.1859861,96.6804979253112
NORMAL/NORMAL-3332063-1.jpeg,resnet_baseline,1,42,4.2499514,-0.5844615,-0.3191549,-0.52406865,75.93360995850622
NORMAL/NORMAL-33350-1.jpeg,resnet_baseline,1,42,3.0594528,0.40163398,0.520725,0.47308534,9.95850622406639
NORMAL/NORMAL-33350-2.jpeg,resnet_baseline,1,42,2.8346405,0.07476896,0.09793626,0.45995924,7.053941908713693
NORMAL/NORMAL-33350-3.jpeg,resnet_baseline,1,42,3.47115,0.13094336,0.45374364,-0.39598036,26.970954356846473
NORMAL/NORMAL-3340309-1.jpeg,resnet_baseline,1,42,3.8169518,-0.4273162,-0.5931839,-0.5828361,49.79253112033195
NORMAL/NORMAL-3346049-1.jpeg,resnet_baseline,1,42,2.8902376,-0.33508128,-0.7030324,-0.20205137,7.883817427385892
NORMAL/NORMAL-3347645-1.jpeg,resnet_baseline,1,42,3.5179327,0.6232246,0.20936918,0.25773475,31.12033195020747
NORMAL/NORMAL-3354044-1.jpeg,resnet_baseline,1,42,3.708171,-0.20386462,-0.5429559,0.13586336,44.81327800829876
NORMAL/NORMAL-3361560-1.jpeg,resnet_baseline,1,42,2.805872,-0.41509974,-0.6128713,0.091914445,6.224066390041494
NORMAL/NORMAL-3361750-1.jpeg,resnet_baseline,1,42,3.9579418,-0.51473194,-0.7072675,-0.363088,60.16597510373444
NORMAL/NORMAL-33637-1.jpeg,resnet_baseline,1,42,3.6942585,-0.6043287,-0.45879698,-0.55470115,43.983402489626556
NORMAL/NORMAL-3373954-1.jpeg,resnet_baseline,1,42,3.2880433,0.070417434,-0.35553426,0.2942742,18.672199170124482
NORMAL/NORMAL-3380901-1.jpeg,resnet_baseline,1,42,4.9909883,-0.57478523,-0.58865905,-0.49612188,91.28630705394191
NORMAL/NORMAL-338568-1.jpeg,resnet_baseline,1,42,2.604215,-0.6358321,-0.18271661,-0.50288284,3.319502074688797
NORMAL/NORMAL-3390782-1.jpeg,resnet_baseline,1,42,4.9644723,-0.60341537,-0.27136272,-0.39656407,90.45643153526972
NORMAL/NORMAL-3398969-1.jpeg,resnet_baseline,1,42,3.664536,-0.49539408,-0.61299455,-0.51251495,41.90871369294606
NORMAL/NORMAL-3399839-1.jpeg,resnet_baseline,1,42,3.5844254,-0.4110133,-0.114592955,0.28134668,35.684647302904565
NORMAL/NORMAL-3416330-1.jpeg,resnet_baseline,1,42,3.9241114,-0.46243042,-0.6805608,-0.45837185,57.26141078838174
NORMAL/NORMAL-3431386-1.jpeg,resnet_baseline,1,42,3.9469895,-0.5397123,-0.25489455,-0.60839236,58.921161825726145
NORMAL/NORMAL-3451887-1.jpeg,resnet_baseline,1,42,3.416182,-0.5439464,-0.66912436,-0.39860958,23.651452282157674
NORMAL/NORMAL-3465750-1.jpeg,resnet_baseline,1,42,3.483197,-0.48308414,-0.71733975,-0.348072,29.045643153526974
NORMAL/NORMAL-3466714-1.jpeg,resnet_baseline,1,42,3.835949,-0.17070143,-0.3040155,0.27523494,51.45228215767634
NORMAL/NORMAL-3475211-1.jpeg,resnet_baseline,1,42,6.009791,-0.40246004,-0.25175864,-0.62416935,99.1701244813278
NORMAL/NORMAL-348347-1.jpeg,resnet_baseline,1,42,4.4137607,-0.42356968,-0.24136811,-0.6304265,80.08298755186722
NORMAL/NORMAL-349021-1.jpeg,resnet_baseline,1,42,2.2688084,-0.46167976,-0.4331085,0.06859285,0.4149377593360996
NORMAL/NORMAL-351109-1.jpeg,resnet_baseline,1,42,5.1870723,-0.39789674,-0.6529188,-0.4506281,94.6058091286307
NORMAL/NORMAL-351109-2.jpeg,resnet_baseline,1,42,2.903206,-0.6314502,-0.43002784,-0.58467066,8.29875518672199
NORMAL/NORMAL-3531215-1.jpeg,resnet_baseline,1,42,3.6192644,-0.6127214,-0.4265712,-0.53437394,39.004149377593365
NORMAL/NORMAL-3538316-1.jpeg,resnet_baseline,1,42,3.7180626,0.15520996,-0.1222456,-0.33587337,45.22821576763486
NORMAL/NORMAL-3561306-1.jpeg,resnet_baseline,1,42,3.6054428,-0.32555196,0.0016641133,-0.5647385,37.75933609958506
NORMAL/NORMAL-3561306-2.jpeg,resnet_baseline,1,42,4.0662746,-0.6138849,-0.6799384,-0.36109975,65.97510373443983
NORMAL/NORMAL-366503-1.jpeg,resnet_baseline,1,42,3.258853,-0.61394495,-0.68709594,-0.1914342,16.182572614107883
NORMAL/NORMAL-366503-2.jpeg,resnet_baseline,1,42,4.1034775,-0.28608668,-0.6362268,0.12178762,67.63485477178423
NORMAL/NORMAL-36734-1.jpeg,resnet_baseline,1,42,2.992112,-0.5928519,-0.76507425,-0.352446,9.12863070539419
NORMAL/NORMAL-37818-1.jpeg,resnet_baseline,1,42,5.5162044,0.27049398,-0.050027713,-0.049518205,97.5103734439834
NORMAL/NORMAL-395557-1.jpeg,resnet_baseline,1,42,3.4294357,-0.5688065,-0.74470097,-0.40454012,25.72614107883817
NORMAL/NORMAL-402066-1.jpeg,resnet_baseline,1,42,3.224654,-0.6806774,-0.48928496,-0.009924712,14.522821576763487
NORMAL/NORMAL-402066-2.jpeg,resnet_baseline,1,42,3.9779458,-0.33850318,0.23513363,-0.06654214,61.82572614107884
NORMAL/NORMAL-402066-3.jpeg,resnet_baseline,1,42,2.306894,-0.6685729,-0.5550873,-0.50784934,0.8298755186721992
NORMAL/NORMAL-402066-4.jpeg,resnet_baseline,1,42,4.0864053,-0.58829814,-0.64469504,-0.053251706,67.21991701244814
NORMAL/NORMAL-402066-5.jpeg,resnet_baseline,1,42,4.505336,-0.47391647,-0.03699038,-0.510009,81.74273858921161
NORMAL/NORMAL-438684-1.jpeg,resnet_baseline,1,42,4.5211563,-0.54827654,-0.6575137,-0.42834067,82.57261410788381
NORMAL/NORMAL-438684-2.jpeg,resnet_baseline,1,42,5.05982,-0.5306516,-0.68775576,-0.34452087,92.11618257261411
NORMAL/NORMAL-438684-3.jpeg,resnet_baseline,1,42,3.6680937,-0.4625435,-0.6147933,-0.4823977,42.738589211618255
NORMAL/NORMAL-443980-1.jpeg,resnet_baseline,1,42,5.0997877,-0.594835,-0.5368963,-0.51741517,93.3609958506224
NORMAL/NORMAL-446851-1.jpeg,resnet_baseline,1,42,5.340842,0.439866,0.0749678,0.41579252,95.0207468879668
NORMAL/NORMAL-446851-2.jpeg,resnet_baseline,1,42,4.4883876,0.50598073,0.37624994,0.48065796,81.32780082987551
NORMAL/NORMAL-447690-1.jpeg,resnet_baseline,1,42,5.4105873,-0.40775102,-0.6582089,-0.39521396,96.2655601659751
NORMAL/NORMAL-447690-2.jpeg,resnet_baseline,1,42,3.6531224,-0.5160526,-0.62832975,-0.4854444,41.078838174273855
NORMAL/NORMAL-450532-1.jpeg,resnet_baseline,1,42,3.185227,-0.69635755,-0.56164336,-0.4438027,12.033195020746888
NORMAL/NORMAL-450923-1.jpeg,resnet_baseline,1,42,3.5229099,-0.5708937,-0.16321214,-0.2614584,31.950207468879665
NORMAL/NORMAL-450923-2.jpeg,resnet_baseline,1,42,3.6107817,-0.5434269,-0.25110787,-0.5936276,38.17427385892116
NORMAL/NORMAL-460711-1.jpeg,resnet_baseline,1,42,5.7143726,-0.5720704,-0.6687589,-0.23987031,98.3402489626556
NORMAL/NORMAL-460844-1.jpeg,resnet_baseline,1,42,4.9679623,-0.6258728,-0.34614512,-0.5942708,90.87136929460581
NORMAL/NORMAL-466978-1.jpeg,resnet_baseline,1,42,5.6092105,-0.3180058,-0.6011183,-0.44767934,97.9253112033195
NORMAL/NORMAL-469935-1.jpeg,resnet_baseline,1,42,3.8891454,-0.16168068,-0.28283453,0.32251382,55.18672199170125
NORMAL/NORMAL-4761187-1.jpeg,resnet_baseline,1,42,5.1154943,-0.4659392,-0.6945816,-0.19140127,93.7759336099585
NORMAL/NORMAL-4790999-1.jpeg,resnet_baseline,1,42,4.2169538,-0.58945185,-0.67785126,-0.34503084,73.44398340248964
NORMAL/NORMAL-48053-1.jpeg,resnet_baseline,1,42,3.1920426,-0.6018764,-0.6068876,-0.4826483,12.448132780082988
NORMAL/NORMAL-4839633-1.jpeg,resnet_baseline,1,42,4.052153,-0.581062,-0.5645178,-0.459243,65.56016597510373
NORMAL/NORMAL-486271-1.jpeg,resnet_baseline,1,42,4.1352787,-0.48620296,-0.4870469,-0.59315777,70.12448132780082
NORMAL/NORMAL-508852-1.jpeg,resnet_baseline,1,42,3.5854936,0.23755577,0.2778238,0.5735806,36.09958506224066
NORMAL/NORMAL-508852-2.jpeg,resnet_baseline,1,42,3.4609995,-0.58124614,-0.69874704,-0.3616255,26.556016597510375
NORMAL/NORMAL-519372-1.jpeg,resnet_baseline,1,42,4.313891,-0.44558746,-0.36834323,-0.5211649,78.00829875518673
NORMAL/NORMAL-524640-1.jpeg,resnet_baseline,1,42,2.960888,-0.46198007,-0.03946642,-0.52847105,8.71369294605809
NORMAL/NORMAL-544457-1.jpeg,resnet_baseline,1,42,3.6687367,0.18734208,0.5970449,0.06334296,43.15352697095436
NORMAL/NORMAL-544711-1.jpeg,resnet_baseline,1,42,4.2074103,-0.38562834,0.018346619,-0.50629723,73.02904564315352
NORMAL/NORMAL-547422-1.jpeg,resnet_baseline,1,42,4.1747074,-0.3697995,-0.67105544,-0.35330033,71.36929460580913
NORMAL/NORMAL-547422-2.jpeg,resnet_baseline,1,42,3.3560135,-0.35968646,-0.6830834,-0.34997612,21.991701244813278
NORMAL/NORMAL-549356-1.jpeg,resnet_baseline,1,42,4.2838116,-0.5563656,-0.67025614,-0.4823675,76.76348547717843
NORMAL/NORMAL-549356-2.jpeg,resnet_baseline,1,42,4.339768,-0.46331936,-0.19244188,-0.6153016,79.25311203319502
NORMAL/NORMAL-549356-3.jpeg,resnet_baseline,1,42,4.130688,-0.32241285,0.098093554,-0.549914,69.29460580912863
NORMAL/NORMAL-552739-1.jpeg,resnet_baseline,1,42,4.0853333,-0.06487614,-0.4021233,-0.19138153,66.80497925311202
NORMAL/NORMAL-557437-1.jpeg,resnet_baseline,1,42,3.6615694,-0.45746803,-0.626819,-0.49658152,41.49377593360996
NORMAL/NORMAL-557437-2.jpeg,resnet_baseline,1,42,3.2482529,-0.12234757,-0.51777446,0.14310133,15.352697095435685
NORMAL/NORMAL-565818-1.jpeg,resnet_baseline,1,42,3.287572,-0.46927404,-0.29249486,-0.59261847,18.25726141078838
NORMAL/NORMAL-566040-1.jpeg,resnet_baseline,1,42,3.3305058,0.22276321,-0.1579299,0.3288256,21.57676348547718
NORMAL/NORMAL-568518-1.jpeg,resnet_baseline,1,42,5.860097,-0.5574047,-0.42489448,-0.37757006,98.7551867219917
NORMAL/NORMAL-568518-2.jpeg,resnet_baseline,1,42,4.7976556,-0.067888126,-0.50938964,0.07130147,88.38174273858921
NORMAL/NORMAL-571157-1.jpeg,resnet_baseline,1,42,3.5577729,-0.63868254,-0.6545232,-0.45003778,34.439834024896264
NORMAL/NORMAL-571484-1.jpeg,resnet_baseline,1,42,2.872133,-0.11214276,-0.2776376,-0.3078164,7.468879668049793
NORMAL/NORMAL-572972-1.jpeg,resnet_baseline,1,42,2.3571923,-0.61920524,-0.3471892,-0.77504337,1.6597510373443984
NORMAL/NORMAL-574089-1.jpeg,resnet_baseline,1,42,3.536613,-0.35373256,-0.5526538,-0.5349593,33.19502074688796
NORMAL/NORMAL-582215-1.jpeg,resnet_baseline,1,42,3.6674876,0.5072194,0.5690932,0.40240934,42.32365145228216
NORMAL/NORMAL-588227-1.jpeg,resnet_baseline,1,42,3.2956097,-0.6251298,-0.26401478,-0.66204184,19.91701244813278
NORMAL/NORMAL-60471-1.jpeg,resnet_baseline,1,42,4.28682,0.45711428,0.676941,0.2378343,77.17842323651453
NORMAL/NORMAL-605310-1.jpeg,resnet_baseline,1,42,4.1963787,0.38350925,0.5986974,0.31603992,72.19917012448133
NORMAL/NORMAL-626127-1.jpeg,resnet_baseline,1,42,3.8559325,-0.58981866,-0.45297658,-0.31618333,52.69709543568465
NORMAL/NORMAL-628048-1.jpeg,resnet_baseline,1,42,3.2218196,-0.5168781,-0.08427959,-0.57368004,13.692946058091287
NORMAL/NORMAL-629493-1.jpeg,resnet_baseline,1,42,4.140983,-0.5033368,-0.120531134,-0.54749966,70.53941908713693
NORMAL/NORMAL-651257-1.jpeg,resnet_baseline,1,42,4.2261353,0.54410136,0.25711048,0.3492319,73.85892116182573
NORMAL/NORMAL-655117-1.jpeg,resnet_baseline,1,42,4.2338243,-0.60000885,-0.6920072,-0.51200587,74.27385892116183
NORMAL/NORMAL-655447-1.jpeg,resnet_baseline,1,42,3.5953338,0.013564679,-0.21129969,-0.17663023,36.51452282157676
NORMAL/NORMAL-664536-1.jpeg,resnet_baseline,1,42,3.596703,0.24584296,0.58820766,0.28256744,36.92946058091287
NORMAL/NORMAL-66515-1.jpeg,resnet_baseline,1,42,4.0263658,-0.5571438,-0.59809935,-0.16916332,64.31535269709543
NORMAL/NORMAL-672619-1.jpeg,resnet_baseline,1,42,4.2487473,-0.48697343,-0.15063745,-0.5785216,75.51867219917013
NORMAL/NORMAL-692554-1.jpeg,resnet_baseline,1,42,2.5935829,0.076680675,0.53940415,-0.22524178,2.904564315352697
NORMAL/NORMAL-693575-1.jpeg,resnet_baseline,1,42,3.8088362,-0.047272157,-0.5117817,0.039923053,49.37759336099585
NORMAL/NORMAL-697826-1.jpeg,resnet_baseline,1,42,3.9574175,0.41209057,0.25310278,0.79974943,59.75103734439834
NORMAL/NORMAL-744709-1.jpeg,resnet_baseline,1,42,3.7241313,-0.44488585,-0.44851288,-0.540603,46.47302904564315
NORMAL/NORMAL-755659-1.jpeg,resnet_baseline,1,42,3.8501608,-0.6697611,-0.32615778,-0.22905463,52.282157676348554
NORMAL/NORMAL-758272-1.jpeg,resnet_baseline,1,42,3.3285158,-0.17366087,-0.53512955,0.18321238,20.74688796680498
NORMAL/NORMAL-76914-1.jpeg,resnet_baseline,1,42,3.4411886,-0.45017362,-0.6838079,-0.07666053,26.141078838174277
NORMAL/NORMAL-772481-1.jpeg,resnet_baseline,1,42,5.377117,-0.55062056,-0.41910404,-0.60010326,95.4356846473029
NORMAL/NORMAL-84466-1.jpeg,resnet_baseline,1,42,3.481788,-0.3582459,-0.68245137,-0.01357941,28.21576763485477
NORMAL/NORMAL-85367-1.jpeg,resnet_baseline,1,42,4.963468,-0.5889673,-0.7009949,-0.09526123,90.04149377593362
NORMAL/NORMAL-9251-1.jpeg,resnet_baseline,1,42,4.1600103,-0.2671255,-0.63913906,-0.06454888,70.95435684647303
NORMAL/NORMAL-98720-1.jpeg,resnet_baseline,1,42,4.7735443,-0.08150841,-0.47248054,-0.42690456,87.13692946058092
NORMAL/NORMAL-1017237-1.jpeg,se_resnet,2,42,4.074884,-0.43959725,-0.6088776,0.048333094,73.44398340248964
NORMAL/NORMAL-101880-1.jpeg,se_resnet,2,42,5.3843975,-0.31722808,-0.7288965,-0.3557542,95.4356846473029
NORMAL/NORMAL-1025847-1.jpeg,se_resnet,2,42,3.833808,-0.36104232,0.16188791,-0.6328782,64.73029045643153
NORMAL/NORMAL-1038998-1.jpeg,se_resnet,2,42,3.5341456,-0.7928295,-0.22110796,-0.54852766,46.47302904564315
NORMAL/NORMAL-1042462-1.jpeg,se_resnet,2,42,5.283071,0.32726958,0.29728583,0.75811505,94.1908713692946
NORMAL/NORMAL-1058176-1.jpeg,se_resnet,2,42,2.7916825,-0.12118222,-0.6494957,0.16746147,11.20331950207469
NORMAL/NORMAL-1063128-1.jpeg,se_resnet,2,42,4.0681376,-0.3976084,-0.74323404,-0.10219315,72.61410788381743
NORMAL/NORMAL-1073137-1.jpeg,se_resnet,2,42,3.1467812,-0.26699683,-0.5593145,0.1458486,26.141078838174277
NORMAL/NORMAL-1081406-1.jpeg,se_resnet,2,42,3.543652,0.3790651,0.32076687,0.71461666,47.71784232365145
NORMAL/NORMAL-112928-1.jpeg,se_resnet,2,42,3.42541,-0.17419174,-0.7410308,-0.13846806,41.078838174273855
NORMAL/NORMAL-119840-1.jpeg,se_resnet,2,42,3.5499988,-0.48393187,0.07541832,-0.5387403,48.96265560165975
NORMAL/NORMAL-12494-1.jpeg,se_resnet,2,42,3.4753246,-0.110252455,-0.4771115,0.34798664,42.738589211618255
NORMAL/NORMAL-12494-2.jpeg,se_resnet,2,42,2.878522,-0.6082725,-0.5041163,-0.48981068,15.352697095435685
NORMAL/NORMAL-12494-3.jpeg,se_resnet,2,42,3.2382958,-0.7513755,-0.5761967,-0.24898419,28.63070539419087
NORMAL/NORMAL-12494-4.jpeg,se_resnet,2,42,3.4851518,-0.40166315,0.058232136,-0.5465059,43.15352697095436
NORMAL/NORMAL-12494-5.jpeg,se_resnet,2,42,3.393683,-0.02552183,-0.59866047,-0.042837612,38.17427385892116
NORMAL/NORMAL-133321-1.jpeg,se_resnet,2,42,3.9278018,0.3913604,0.26294917,-0.19105552,66.80497925311202
NORMAL/NORMAL-138971-1.jpeg,se_resnet,2,42,4.7801704,-0.07011548,-0.7425785,-0.03433238,88.79668049792531
NORMAL/NORMAL-15208-1.jpeg,se_resnet,2,42,3.85774,-0.48552275,-0.4595641,-0.7002733,65.97510373443983
NORMAL/NORMAL-15307-1.jpeg,se_resnet,2,42,3.3109832,-0.1052613,0.4644987,0.14834338,32.365145228215766
NORMAL/NORMAL-153950-1.jpeg,se_resnet,2,42,4.2607083,-0.43638438,-0.5619078,-0.53328496,79.66804979253112
NORMAL/NORMAL-1746717-1.jpeg,se_resnet,2,42,4.059281,-0.34839943,-0.08078984,-0.61002827,71.78423236514523
NORMAL/NORMAL-1759350-1.jpeg,se_resnet,2,42,5.3627944,-0.2583381,-0.6603392,0.0840474,95.0207468879668
NORMAL/NORMAL-1781140-1.jpeg,se_resnet,2,42,2.985165,-0.19051236,-0.59338075,0.21511301,19.91701244813278
NORMAL/NORMAL-1791409-1.jpeg,se_resnet,2,42,2.0344095,-0.78473574,-0.6881216,-0.68485403,0.4149377593360996
NORMAL/NORMAL-1831654-1.jpeg,se_resnet,2,42,3.0144296,-0.44119987,-0.69892967,-0.036573857,20.33195020746888
NORMAL/NORMAL-1853526-1.jpeg,se_resnet,2,42,3.9534667,-0.4390595,0.051692836,-0.40652648,67.63485477178423
NORMAL/NORMAL-1860310-1.jpeg,se_resnet,2,42,3.373178,-0.54668677,-0.62445927,-0.61746895,36.09958506224066
NORMAL/NORMAL-1897894-1.jpeg,se_resnet,2,42,3.8089538,-0.16951993,-0.02200573,-0.55556536,63.48547717842323
NORMAL/NORMAL-1907560-1.jpeg,se_resnet,2,42,4.8339787,0.34706247,-0.16735941,0.7162345,89.62655601659752
NORMAL/NORMAL-1908313-1.jpeg,se_resnet,2,42,3.3186603,-0.13637093,-0.59275043,0.22505373,33.19502074688796
NORMAL/NORMAL-1951042-1.jpeg,se_resnet,2,42,5.8839674,-0.028584693,-0.5988986,0.23186857,98.7551867219917
NORMAL/NORMAL-1957379-1.jpeg,se_resnet,2,42,4.7319818,-0.46093518,-0.3083287,-0.11961922,87.96680497925311
NORMAL/NORMAL-197082-1.jpeg,se_resnet,2,42,2.9467647,-0.7973583,-0.62776726,-0.47963572,18.25726141078838
NORMAL/NORMAL-1983894-1.jpeg,se_resnet,2,42,2.5174072,-0.026233621,0.21875432,-0.47287416,4.564315352697095
NORMAL/NORMAL-1988065-1.jpeg,se_resnet,2,42,4.0778275,-0.08558875,-0.70002675,-0.16937666,74.27385892116183
NORMAL/NORMAL-1989796-1.jpeg,se_resnet,2,42,3.7131917,-0.112292394,0.4080699,-0.4518249,57.676348547717836
NORMAL/NORMAL-1998191-1.jpeg,se_resnet,2,42,3.5067332,-0.21292639,-0.7516607,-0.051215798,43.56846473029046
NORMAL/NORMAL-2010714-1.jpeg,se_resnet,2,42,2.869372,-0.3453267,-0.2846763,-0.62649286,14.107883817427386
NORMAL/NORMAL-2011412-1.jpeg,se_resnet,2,42,2.269171,-0.12741408,-0.6257813,0.21298113,1.6597510373443984
NORMAL/NORMAL-2019006-1.jpeg,se_resnet,2,42,4.091102,0.32295728,0.6273728,0.49748564,75.10373443983403
NORMAL/NORMAL-2019423-1.jpeg,se_resnet,2,42,2.9352882,-0.47003666,-0.72332156,-0.19790517,17.842323651452283
NORMAL/NORMAL-2055634-1.jpeg,se_resnet,2,42,4.723071,-0.21539089,-0.497247,0.20716995,87.55186721991701
NORMAL/NORMAL-2059629-1.jpeg,se_resnet,2,42,3.6430728,-0.3202529,0.07916791,-0.5538354,53.52697095435685
NORMAL/NORMAL-2075832-1.jpeg,se_resnet,2,42,2.4708326,0.08253268,-0.615494,0.061897792,3.7344398340248963
NORMAL/NORMAL-2082689-1.jpeg,se_resnet,2,42,3.5846767,0.061003365,0.505409,0.24683285,49.79253112033195
NORMAL/NORMAL-2095710-1.jpeg,se_resnet,2,42,5.5000234,-0.35250077,-0.780869,-0.33463672,97.0954356846473
NORMAL/NORMAL-2113822-1.jpeg,se_resnet,2,42,4.22045,-0.1396341,0.0021458324,-0.55109715,78.83817427385893
NORMAL/NORMAL-2120559-1.jpeg,se_resnet,2,42,3.6149116,-0.12060882,-0.64656174,-0.28749114,50.62240663900415
NORMAL/NORMAL-2120559-2.jpeg,se_resnet,2,42,2.5698538,-0.5557691,-0.6869377,-0.54902744,5.394190871369295
NORMAL/NORMAL-2120559-3.jpeg,se_resnet,2,42,5.897552,0.25362635,-0.49089196,0.23039895,99.1701244813278
NORMAL/NORMAL-2126186-1.jpeg,se_resnet,2,42,4.882174,-0.3145511,-0.7556521,-0.22265115,90.04149377593362
NORMAL/NORMAL-2131138-1.jpeg,se_resnet,2,42,3.4506142,-0.17667207,-0.732127,0.0070703775,42.32365145228216
NORMAL/NORMAL-2158556-1.jpeg,se_resnet,2,42,3.8884645,-0.45839074,-0.57543045,-0.62055737,66.39004149377593
NORMAL/NORMAL-2167295-1.jpeg,se_resnet,2,42,3.3277373,-0.42830306,0.017434971,-0.6506906,34.024896265560166
NORMAL/NORMAL-2181272-1.jpeg,se_resnet,2,42,4.6290774,-0.04755479,-0.6117289,0.214726,86.30705394190872
NORMAL/NORMAL-2192790-1.jpeg,se_resnet,2,42,2.6523373,-0.50936115,-0.64616525,-0.6312077,7.053941908713693
NORMAL/NORMAL-2197972-1.jpeg,se_resnet,2,42,3.3665063,-0.81716365,-0.47353604,-0.5968673,35.684647302904565
NORMAL/NORMAL-2226488-1.jpeg,se_resnet,2,42,2.7589257,-0.2157121,-0.08552212,-0.5536709,9.95850622406639
NORMAL/NORMAL-2231056-1.jpeg,se_resnet,2,42,4.2021194,-0.51217514,-0.6093429,-0.6225165,78.42323651452283
NORMAL/NORMAL-223814-1.jpeg,se_resnet,2,42,3.7474952,-0.40853682,-0.63021284,0.0055528358,58.921161825726145
NORMAL/NORMAL-2244950-1.jpeg,se_resnet,2,42,3.991736,-0.1313145,-0.73775667,-0.07907952,68.46473029045643
NORMAL/NORMAL-2287992-1.jpeg,se_resnet,2,42,3.7012863,-0.40246493,-0.75232625,-0.4124434,56.43153526970954
NORMAL/NORMAL-2305502-1.jpeg,se_resnet,2,42,2.6211467,-0.20083669,-0.7577547,-0.025145333,6.224066390041494
NORMAL/NORMAL-2312921-1.jpeg,se_resnet,2,42,3.277895,0.066133425,0.17867154,0.40289855,31.12033195020747
NORMAL/NORMAL-2316423-1.jpeg,se_resnet,2,42,4.480298,0.031775855,-0.65897787,0.004930783,84.23236514522821
NORMAL/NORMAL-2335256-1.jpeg,se_resnet,2,42,3.384334,-0.31442606,-0.021987721,-0.58548737,36.92946058091287
NORMAL/NORMAL-2342517-1.jpeg,se_resnet,2,42,4.4903846,-0.5170254,-0.09131846,-0.66500926,84.64730290456431
NORMAL/NORMAL-2350851-1.jpeg,se_resnet,2,42,5.163792,-0.37435168,-0.72029114,-0.3645942,92.11618257261411
NORMAL/NORMAL-2351012-1.jpeg,se_resnet,2,42,5.404587,-0.3308827,0.18203914,-0.4662626,96.2655601659751
NORMAL/NORMAL-2362579-1.jpeg,se_resnet,2,42,3.7575204,-0.060184594,-0.69346744,0.026734171,59.75103734439834
NORMAL/NORMAL-2366700-1.jpeg,se_resnet,2,42,2.5625448,-0.44144392,-0.76804173,-0.36536896,4.979253112033195
NORMAL/NORMAL-2373878-1.jpeg,se_resnet,2,42,2.3960104,-0.57696235,-0.7218975,-0.5230286,2.904564315352697
NORMAL/NORMAL-2377429-1.jpeg,se_resnet,2,42,3.775457,-0.47857428,-0.7840301,-0.38029534,60.99585062240664
NORMAL/NORMAL-2392366-1.jpeg,se_resnet,2,42,3.2558608,0.07573052,-0.44915828,0.26540703,29.87551867219917
NORMAL/NORMAL-2397754-1.jpeg,se_resnet,2,42,3.1426942,-0.68762547,-0.045711614,-0.43157145,25.72614107883817
NORMAL/NORMAL-2403175-1.jpeg,se_resnet,2,42,4.1702924,0.20035085,0.5235496,0.4689845,77.59336099585063
NORMAL/NORMAL-2416187-1.jpeg,se_resnet,2,42,5.1900125,-0.130906,-0.15528193,-0.574824,92.9460580912863
NORMAL/NORMAL-2421067-1.jpeg,se_resnet,2,42,2.2959456,-0.5718006,-0.760515,-0.35300627,2.0746887966804977
NORMAL/NORMAL-2424949-1.jpeg,se_resnet,2,42,2.769732,-0.2568155,-0.73851883,0.0049615316,10.78838174273859
NORMAL/NORMAL-2434258-1.jpeg,se_resnet,2,42,3.5283806,-0.45632234,-0.80912894,-0.257395,46.058091286307054
NORMAL/NORMAL-2436365-1.jpeg,se_resnet,2,42,2.818039,-0.49600863,-0.68870586,-0.43722782,12.033195020746888
NORMAL/NORMAL-2448954-1.jpeg,se_resnet,2,42,3.1827755,-0.39789364,-0.6722337,-0.52913487,27.385892116182575
NORMAL/NORMAL-2459401-1.jpeg,se_resnet,2,42,3.7570624,-0.27508572,-0.6290174,-0.48843998,59.33609958506224
NORMAL/NORMAL-2460548-1.jpeg,se_resnet,2,42,3.7965152,-0.41644454,-0.67968297,-0.5378349,62.24066390041494
NORMAL/NORMAL-2476896-1.jpeg,se_resnet,2,42,4.0401983,-0.29081866,-0.62311596,0.06846452,71.36929460580913
NORMAL/NORMAL-2493975-1.jpeg,se_resnet,2,42,4.5216675,-0.11878946,0.2589309,-0.468521,85.47717842323651
NORMAL/NORMAL-2504667-1.jpeg,se_resnet,2,42,4.347904,-0.4507532,-0.7847655,-0.329292,82.15767634854771
NORMAL/NORMAL-2509453-1.jpeg,se_resnet,2,42,3.779809,-0.38729244,-0.40504077,-0.6008315,61.41078838174274
NORMAL/NORMAL-2517546-1.jpeg,se_resnet,2,42,3.7431383,-0.15292227,-0.09110624,-0.5812011,58.50622406639005
NORMAL/NORMAL-2549549-1.jpeg,se_resnet,2,42,3.1375086,-0.699255,-0.051001854,-0.59810936,24.896265560165975
NORMAL/NORMAL-2551333-1.jpeg,se_resnet,2,42,5.551262,-0.39157176,-0.04735703,-0.6579388,97.5103734439834
NORMAL/NORMAL-2569106-1.jpeg,se_resnet,2,42,3.6740353,-0.35493585,-0.7890432,-0.2698728,55.18672199170125
NORMAL/NORMAL-2570020-1.jpeg,se_resnet,2,42,3.3830295,-0.36304796,-0.7396972,-0.44576037,36.51452282157676
NORMAL/NORMAL-2579419-1.jpeg,se_resnet,2,42,2.6596885,-0.025513392,-0.69968843,0.04718726,7.468879668049793
NORMAL/NORMAL-2598368-1.jpeg,se_resnet,2,42,3.5139308,-0.11725021,-0.58625895,0.13967028,44.81327800829876
NORMAL/NORMAL-2602596-1.jpeg,se_resnet,2,42,3.6492295,-0.376319,-0.12408827,-0.66513586,53.941908713692946
NORMAL/NORMAL-2627129-1.jpeg,se_resnet,2,42,4.3331122,-0.4264508,-0.42740488,-0.6138655,81.74273858921161
NORMAL/NORMAL-2633503-1.jpeg,se_resnet,2,42,5.2729983,0.16846101,0.49851453,-0.1834581,93.7759336099585
NORMAL/NORMAL-2636641-1.jpeg,se_resnet,2,42,3.044949,0.1140173,0.6263986,-0.23364308,21.991701244813278
NORMAL/NORMAL-2665491-1.jpeg,se_resnet,2,42,3.5408278,0.18659924,-0.3302359,0.6387408,47.30290456431535
NORMAL/NORMAL-269181-1.jpeg,se_resnet,2,42,4.145967,0.18721232,-0.3260634,0.5484854,77.17842323651453
NORMAL/NORMAL-2705520-1.jpeg,se_resnet,2,42,4.136599,-0.48551232,0.07250106,-0.1966784,76.76348547717843
NORMAL/NORMAL-2709055-1.jpeg,se_resnet,2,42,3.034457,-0.37499142,-0.7752203,-0.0027779043,21.16182572614108
NORMAL/NORMAL-2733663-1.jpeg,se_resnet,2,42,3.6711566,-0.4646324,-0.674916,-0.3511234,54.77178423236515
NORMAL/NORMAL-2739821-1.jpeg,se_resnet,2,42,3.4120533,-0.44660914,-0.7148665,-0.48102778,39.41908713692946
NORMAL/NORMAL-2769622-1.jpeg,se_resnet,2,42,3.443208,-0.63308275,-0.26300117,-0.5888504,41.90871369294606
NORMAL/NORMAL-2769622-2.jpeg,se_resnet,2,42,2.9083676,0.07273716,0.09286865,0.5115125,16.182572614107883
NORMAL/NORMAL-279206-1.jpeg,se_resnet,2,42,2.909642,-0.3327777,0.11422934,-0.5673395,16.59751037344398
NORMAL/NORMAL-283376-1.jpeg,se_resnet,2,42,3.4102674,-0.35405445,-0.7716373,-0.11453544,39.004149377593365
NORMAL/NORMAL-285896-1.jpeg,se_resnet,2,42,4.016533,-0.18925099,-0.0045445524,-0.52732575,70.12448132780082
NORMAL/NORMAL-2973935-1.jpeg,se_resnet,2,42,4.124078,-0.04834463,0.45156804,-0.30922115,75.93360995850622
NORMAL/NORMAL-3059523-1.jpeg,se_resnet,2,42,2.7666376,-0.25255632,-0.7892841,-0.13264495,10.37344398340249
NORMAL/NORMAL-307151-1.jpeg,se_resnet,2,42,3.527598,-0.16448255,-0.6354852,-0.34012073,45.22821576763486
NORMAL/NORMAL-307151-2.jpeg,se_resnet,2,42,3.6402614,-0.27737248,-0.29773328,0.15731229,53.11203319502075
NORMAL/NORMAL-3077276-1.jpeg,se_resnet,2,42,4.7186413,-0.44886148,-0.79198766,-0.288187,87.13692946058092
NORMAL/NORMAL-3100637-1.jpeg,se_resnet,2,42,2.173796,-0.46956638,-0.7483728,-0.0884382,1.2448132780082988
NORMAL/NORMAL-3103940-1.jpeg,se_resnet,2,42,2.8083854,-0.60360146,0.10492566,-0.52226806,11.618257261410788
NORMAL/NORMAL-3108564-1.jpeg,se_resnet,2,42,4.321994,-0.53912246,-0.74649537,-0.4497398,80.91286307053942
NORMAL/NORMAL-3134896-1.jpeg,se_resnet,2,42,2.8555014,-0.28316507,-0.16336043,0.19424646,13.278008298755188
NORMAL/NORMAL-3166591-1.jpeg,se_resnet,2,42,3.2884426,-0.3957356,-0.77884173,-0.16919264,31.535269709543567
NORMAL/NORMAL-3220509-1.jpeg,se_resnet,2,42,3.6237214,-0.5328709,-0.6758605,-0.2069709,51.867219917012456
NORMAL/NORMAL-3244919-1.jpeg,se_resnet,2,42,3.9677753,-0.24094538,-0.5936762,-0.494713,68.04979253112033
NORMAL/NORMAL-3256489-1.jpeg,se_resnet,2,42,4.2846107,-0.07605893,0.29763928,-0.4577858,80.08298755186722
NORMAL/NORMAL-3277704-1.jpeg,se_resnet,2,42,3.6337478,-0.56670123,-0.28610724,-0.21998899,52.69709543568465
NORMAL/NORMAL-3300015-1.jpeg,se_resnet,2,42,3.165302,-0.34814918,-0.6451084,0.071359634,26.556016597510375
NORMAL/NORMAL-3307598-1.jpeg,se_resnet,2,42,4.3509707,-0.23474981,-0.7137312,0.031509176,82.57261410788381
NORMAL/NORMAL-3307598-2.jpeg,se_resnet,2,42,5.3937306,-0.37898052,-0.77328986,-0.35533196,95.850622406639
NORMAL/NORMAL-3308307-1.jpeg,se_resnet,2,42,3.4169655,-0.23538065,-0.3078457,0.08536482,39.83402489626556
NORMAL/NORMAL-330905-1.jpeg,se_resnet,2,42,4.3597126,-0.24739854,-0.7285014,0.020352155,82.98755186721992
NORMAL/NORMAL-3320960-1.jpeg,se_resnet,2,42,3.1166856,0.006288506,-0.2577306,0.5293878,24.481327800829874
NORMAL/NORMAL-3326661-1.jpeg,se_resnet,2,42,2.6331847,-0.78420556,-0.5364997,-0.61664265,6.639004149377594
NORMAL/NORMAL-3330006-1.jpeg,se_resnet,2,42,3.1389568,-0.01350987,-0.30729118,0.4740384,25.311203319502074
NORMAL/NORMAL-3332063-1.jpeg,se_resnet,2,42,3.3241444,-0.55093545,-0.7535831,-0.22884521,33.60995850622407
NORMAL/NORMAL-33350-1.jpeg,se_resnet,2,42,3.5112975,0.50597894,0.28475362,0.31974417,44.398340248962654
NORMAL/NORMAL-33350-2.jpeg,se_resnet,2,42,3.545023,0.50484645,0.3078884,0.619136,48.13278008298755
NORMAL/NORMAL-33350-3.jpeg,se_resnet,2,42,5.2507153,0.23667777,0.5732869,-0.28264028,93.3609958506224
NORMAL/NORMAL-3340309-1.jpeg,se_resnet,2,42,3.2314014,0.12503758,0.21578738,-0.40330386,28.21576763485477
NORMAL/NORMAL-3346049-1.jpeg,se_resnet,2,42,3.423046,0.1576275,-0.040720873,-0.15801722,40.66390041493776
NORMAL/NORMAL-3347645-1.jpeg,se_resnet,2,42,2.8456037,-0.41267788,-0.65641886,-0.42593187,12.448132780082988
NORMAL/NORMAL-3354044-1.jpeg,se_resnet,2,42,4.4512014,-0.57033,-0.71294457,-0.54488915,83.81742738589212
NORMAL/NORMAL-3361560-1.jpeg,se_resnet,2,42,3.8050032,-0.32890213,-0.81466866,-0.18329522,63.07053941908713
NORMAL/NORMAL-3361750-1.jpeg,se_resnet,2,42,5.0521245,0.22383533,-0.43238515,-0.083897665,91.28630705394191
NORMAL/NORMAL-33637-1.jpeg,se_resnet,2,42,3.3310728,-0.2575475,0.07429208,-0.59196925,34.439834024896264
NORMAL/NORMAL-3373954-1.jpeg,se_resnet,2,42,3.6115868,-0.2508382,-0.77034605,-0.09434462,50.20746887966805
NORMAL/NORMAL-3380901-1.jpeg,se_resnet,2,42,3.7124062,-0.3226315,-0.661516,-0.42322415,57.26141078838174
NORMAL/NORMAL-338568-1.jpeg,se_resnet,2,42,2.8929307,-0.21286918,-0.72443265,-0.15647723,15.767634854771783
NORMAL/NORMAL-3390782-1.jpeg,se_resnet,2,42,3.0457659,-0.66680115,-0.6221071,-0.5324678,22.40663900414938
NORMAL/NORMAL-3398969-1.jpeg,se_resnet,2,42,3.8425882,-0.51767653,-0.8008196,-0.39218283,65.14522821576763
NORMAL/NORMAL-3399839-1.jpeg,se_resnet,2,42,2.9701953,-0.6597002,-0.6356733,-0.6593744,19.502074688796682
NORMAL/NORMAL-3416330-1.jpeg,se_resnet,2,42,4.0123134,-0.08424362,-0.24600896,-0.49170926,69.70954356846472
NORMAL/NORMAL-3431386-1.jpeg,se_resnet,2,42,3.3501475,-0.35555565,-0.035815928,-0.6698489,34.85477178423236
NORMAL/NORMAL-3451887-1.jpeg,se_resnet,2,42,4.769754,-0.26331228,-0.57380164,-0.5072855,88.38174273858921
NORMAL/NORMAL-3465750-1.jpeg,se_resnet,2,42,3.3507226,-0.16329412,-0.5888814,0.23152854,35.26970954356847
NORMAL/NORMAL-3466714-1.jpeg,se_resnet,2,42,2.8509438,0.15361226,-0.21491024,0.50343317,12.863070539419086
NORMAL/NORMAL-3475211-1.jpeg,se_resnet,2,42,5.1392584,-0.17017797,-0.20049316,-0.52781546,91.70124481327801
NORMAL/NORMAL-348347-1.jpeg,se_resnet,2,42,2.8763793,-0.06199381,-0.5179908,0.37882334,14.937759336099585
NORMAL/NORMAL-349021-1.jpeg,se_resnet,2,42,2.6649342,-0.52006704,-0.3653915,-0.72432077,7.883817427385892
NORMAL/NORMAL-351109-1.jpeg,se_resnet,2,42,5.5625286,-0.21118428,-0.7428005,-0.13277124,97.9253112033195
NORMAL/NORMAL-351109-2.jpeg,se_resnet,2,42,4.8043413,-0.14193541,-0.008097554,-0.5637796,89.21161825726142
NORMAL/NORMAL-3531215-1.jpeg,se_resnet,2,42,3.06889,-0.14543594,-0.045423724,-0.57528657,22.821576763485478
NORMAL/NORMAL-3538316-1.jpeg,se_resnet,2,42,2.4318674,-0.57962155,-0.8266678,-0.5091326,3.319502074688797
NORMAL/NORMAL-3561306-1.jpeg,se_resnet,2,42,3.318212,-0.38475698,-0.18729636,-0.59043634,32.780082987551864
NORMAL/NORMAL-3561306-2.jpeg,se_resnet,2,42,3.8572524,-0.4469203,-0.72373545,-0.30826956,65.56016597510373
NORMAL/NORMAL-366503-1.jpeg,se_resnet,2,42,2.9538374,-0.50518626,-0.76867825,-0.31301627,18.672199170124482
NORMAL/NORMAL-366503-2.jpeg,se_resnet,2,42,8.807627,0.6182964,0.24902432,0.9318104,100.0
NORMAL/NORMAL-36734-1.jpeg,se_resnet,2,42,4.0752425,-0.29156974,-0.29840285,-0.4619703,73.85892116182573
NORMAL/NORMAL-37818-1.jpeg,se_resnet,2,42,3.4221475,-0.41445932,-0.6015321,-0.48199606,40.24896265560166
NORMAL/NORMAL-395557-1.jpeg,se_resnet,2,42,3.8246958,-0.22410284,-0.6370346,-0.43448818,63.90041493775933
NORMAL/NORMAL-402066-1.jpeg,se_resnet,2,42,4.068196,0.047872737,-0.37747133,0.44997188,73.02904564315352
NORMAL/NORMAL-402066-2.jpeg,se_resnet,2,42,4.328952,-0.2464338,-0.6861963,0.09975588,81.32780082987551
NORMAL/NORMAL-402066-3.jpeg,se_resnet,2,42,4.003321,-0.23486958,-0.70219636,-0.30883515,69.29460580912863
NORMAL/NORMAL-402066-4.jpeg,se_resnet,2,42,3.6989872,-0.25387305,-0.6056311,0.07907992,56.016597510373444
NORMAL/NORMAL-402066-5.jpeg,se_resnet,2,42,3.393085,-0.36281484,-0.6482744,-0.5394076,37.75933609958506
NORMAL/NORMAL-438684-1.jpeg,se_resnet,2,42,4.6305585,-0.19721824,-0.7239486,-0.23910925,86.72199170124482
NORMAL/NORMAL-438684-2.jpeg,se_resnet,2,42,5.458908,-0.0647411,-0.56730306,-0.35499114,96.6804979253112
NORMAL/NORMAL-438684-3.jpeg,se_resnet,2,42,4.30903,-0.19634981,-0.41389555,-0.5809412,80.49792531120332
NORMAL/NORMAL-443980-1.jpeg,se_resnet,2,42,4.0297694,-0.26179206,-0.51756895,-0.4941963,70.95435684647303
NORMAL/NORMAL-446851-1.jpeg,se_resnet,2,42,5.616497,0.53018636,0.25238734,0.65251654,98.3402489626556
NORMAL/NORMAL-446851-2.jpeg,se_resnet,2,42,6.191583,0.6118537,0.6843482,0.63766694,99.5850622406639
NORMAL/NORMAL-447690-1.jpeg,se_resnet,2,42,4.8864694,-0.26285934,-0.3845651,-0.56482065,90.45643153526972
NORMAL/NORMAL-447690-2.jpeg,se_resnet,2,42,3.622973,-0.42404485,-0.44786337,-0.65713894,51.45228215767634
NORMAL/NORMAL-450532-1.jpeg,se_resnet,2,42,3.404824,-0.8079523,-0.4254059,-0.5828744,38.589211618257266
NORMAL/NORMAL-450923-1.jpeg,se_resnet,2,42,3.5281017,-0.20475942,-0.74127877,-0.052607067,45.643153526970956
NORMAL/NORMAL-450923-2.jpeg,se_resnet,2,42,3.571894,-0.31015754,-0.43235874,-0.5248559,49.37759336099585
NORMAL/NORMAL-460711-1.jpeg,se_resnet,2,42,4.43203,-0.2122439,-0.7068131,0.046399973,83.40248962655602
NORMAL/NORMAL-460844-1.jpeg,se_resnet,2,42,4.02419,-0.40400252,-0.6707555,-0.012606999,70.53941908713693
NORMAL/NORMAL-466978-1.jpeg,se_resnet,2,42,3.6164591,-0.04140181,-0.33121008,-0.421874,51.037344398340245
NORMAL/NORMAL-469935-1.jpeg,se_resnet,2,42,2.7334292,-0.5943695,-0.7259331,-0.4461175,9.12863070539419
NORMAL/NORMAL-4761187-1.jpeg,se_resnet,2,42,3.7119339,-0.5017358,-0.7926276,-0.29739374,56.84647302904564
NORMAL/NORMAL-4790999-1.jpeg,se_resnet,2,42,2.9145381,-0.33279645,-0.8059372,-0.19516361,17.012448132780083
NORMAL/NORMAL-48053-1.jpeg,se_resnet,2,42,4.063112,0.346354,0.6138203,0.46431944,72.19917012448133
NORMAL/NORMAL-4839633-1.jpeg,se_resnet,2,42,4.1347647,-0.086034924,-0.04844738,-0.31684548,76.34854771784232
NORMAL/NORMAL-486271-1.jpeg,se_resnet,2,42,3.53623,-0.27726784,-0.52644825,-0.5286998,46.88796680497925
NORMAL/NORMAL-508852-1.jpeg,se_resnet,2,42,4.191392,0.48681346,0.77453536,0.5409197,78.00829875518673
NORMAL/NORMAL-508852-2.jpeg,se_resnet,2,42,4.078401,-0.060614273,0.28427583,-0.50981057,74.68879668049793
NORMAL/NORMAL-519372-1.jpeg,se_resnet,2,42,3.9496543,-0.49314493,-0.6360822,-0.5639841,67.21991701244814
NORMAL/NORMAL-524640-1.jpeg,se_resnet,2,42,2.9342027,-0.26382634,-0.6479964,-0.21379396,17.42738589211618
NORMAL/NORMAL-544457-1.jpeg,se_resnet,2,42,4.224874,0.050468884,-0.21050343,0.4799429,79.25311203319502
NORMAL/NORMAL-544711-1.jpeg,se_resnet,2,42,2.8565178,-0.32457614,0.08625992,-0.59130275,13.692946058091287
NORMAL/NORMAL-547422-1.jpeg,se_resnet,2,42,3.4369268,-0.22163182,-0.27643564,-0.5844072,41.49377593360996
NORMAL/NORMAL-547422-2.jpeg,se_resnet,2,42,3.8309758,-0.08715501,-0.25361297,-0.49491253,64.31535269709543
NORMAL/NORMAL-549356-1.jpeg,se_resnet,2,42,3.1669002,-0.1002692,-0.27693903,-0.5333365,26.970954356846473
NORMAL/NORMAL-549356-2.jpeg,se_resnet,2,42,3.306392,-0.13217023,0.16759658,-0.49938443,31.950207468879665
NORMAL/NORMAL-549356-3.jpeg,se_resnet,2,42,3.1129234,-0.54365325,-0.46558762,-0.6612152,24.066390041493776
NORMAL/NORMAL-552739-1.jpeg,se_resnet,2,42,3.2747028,-0.24183647,-0.6628113,-0.26336896,30.70539419087137
NORMAL/NORMAL-557437-1.jpeg,se_resnet,2,42,3.6296446,-0.42972863,-0.80197537,-0.33163416,52.282157676348554
NORMAL/NORMAL-557437-2.jpeg,se_resnet,2,42,3.5454774,-0.02596187,-0.5792099,0.22847699,48.54771784232365
NORMAL/NORMAL-565818-1.jpeg,se_resnet,2,42,2.9576824,-0.34767878,-0.7088056,0.044610646,19.08713692946058
NORMAL/NORMAL-566040-1.jpeg,se_resnet,2,42,2.375787,-0.5119878,-0.7649423,-0.49019665,2.4896265560165975
NORMAL/NORMAL-568518-1.jpeg,se_resnet,2,42,4.5131664,0.06083654,0.40411693,0.40681866,85.06224066390041
NORMAL/NORMAL-568518-2.jpeg,se_resnet,2,42,4.6103196,0.1434224,0.24591705,0.47782046,85.89211618257261
NORMAL/NORMAL-571157-1.jpeg,se_resnet,2,42,3.081032,-0.70582354,-0.686715,-0.446131,23.236514522821576
NORMAL/NORMAL-571484-1.jpeg,se_resnet,2,42,3.5083318,-0.14784476,-0.011882262,-0.5652348,43.983402489626556
NORMAL/NORMAL-572972-1.jpeg,se_resnet,2,42,2.5721612,-0.30333418,-0.8023725,-0.21528089,5.809128630705394
NORMAL/NORMAL-574089-1.jpeg,se_resnet,2,42,3.3889015,-0.3465646,-0.21164536,-0.62748915,37.344398340248965
NORMAL/NORMAL-582215-1.jpeg,se_resnet,2,42,3.272784,-0.12794717,-0.05734884,0.35957986,30.29045643153527
NORMAL/NORMAL-588227-1.jpeg,se_resnet,2,42,3.7651098,-0.6818227,-0.43620634,-0.6539042,60.16597510373444
NORMAL/NORMAL-60471-1.jpeg,se_resnet,2,42,2.7391565,-0.3025167,-0.16347228,-0.66654325,9.54356846473029
NORMAL/NORMAL-605310-1.jpeg,se_resnet,2,42,3.2409985,-0.355304,-0.7886225,-0.21628761,29.045643153526974
NORMAL/NORMAL-626127-1.jpeg,se_resnet,2,42,3.0415745,-0.63795143,-0.67133087,-0.31139517,21.57676348547718
NORMAL/NORMAL-628048-1.jpeg,se_resnet,2,42,4.0929995,-0.29059246,-0.106767364,-0.61654586,75.51867219917013
NORMAL/NORMAL-629493-1.jpeg,se_resnet,2,42,3.6618469,-0.27344146,-0.58348095,-0.49388778,54.356846473029044
NORMAL/NORMAL-651257-1.jpeg,se_resnet,2,42,2.1096349,-0.3963661,-0.44499314,-0.65628815,0.8298755186721992
NORMAL/NORMAL-655117-1.jpeg,se_resnet,2,42,3.8025806,-0.57769424,-0.64909166,-0.20245552,62.655601659751035
NORMAL/NORMAL-655447-1.jpeg,se_resnet,2,42,3.692861,0.21037467,0.52268404,-0.022039652,55.601659751037346
NORMAL/NORMAL-664536-1.jpeg,se_resnet,2,42,3.1031723,-0.6423937,-0.21612144,-0.65185714,23.651452282157674
NORMAL/NORMAL-66515-1.jpeg,se_resnet,2,42,3.78411,-0.67786586,-0.72155905,-0.49265876,61.82572614107884
NORMAL/NORMAL-672619-1.jpeg,se_resnet,2,42,3.7705383,-0.37499252,-0.3582844,-0.59464383,60.58091286307054
NORMAL/NORMAL-692554-1.jpeg,se_resnet,2,42,2.8734424,-0.022225358,0.021359676,-0.40745902,14.522821576763487
NORMAL/NORMAL-693575-1.jpeg,se_resnet,2,42,2.70018,0.2448165,0.20017925,0.59143156,8.71369294605809
NORMAL/NORMAL-697826-1.jpeg,se_resnet,2,42,3.994106,0.2486713,0.35872144,0.59647214,68.87966804979253
NORMAL/NORMAL-744709-1.jpeg,se_resnet,2,42,5.332022,-0.29982203,-0.7944987,-0.23486216,94.6058091286307
NORMAL/NORMAL-755659-1.jpeg,se_resnet,2,42,3.017647,-0.15422744,-0.4680906,0.2995726,20.74688796680498
NORMAL/NORMAL-758272-1.jpeg,se_resnet,2,42,3.189307,-0.16787194,-0.7312794,0.04624127,27.800829875518673
NORMAL/NORMAL-76914-1.jpeg,se_resnet,2,42,3.2529633,-0.018469615,-0.50492626,0.28692204,29.460580912863072
NORMAL/NORMAL-772481-1.jpeg,se_resnet,2,42,3.7231705,-0.5031049,-0.629606,-0.62111306,58.09128630705395
NORMAL/NORMAL-84466-1.jpeg,se_resnet,2,42,2.6776175,-0.68136185,-0.66903794,-0.28255194,8.29875518672199
NORMAL/NORMAL-85367-1.jpeg,se_resnet,2,42,5.172572,-0.030840715,-0.6571733,0.12496971,92.5311203319502
NORMAL/NORMAL-9251-1.jpeg,se_resnet,2,42,2.4712532,-0.40838763,-0.7963186,-0.29697236,4.149377593360995
NORMAL/NORMAL-98720-1.jpeg,se_resnet,2,42,5.03469,-0.45407212,-0.78513694,-0.34520847,90.87136929460581
NORMAL/NORMAL-1017237-1.jpeg,resnet_baseline,3,84,4.461514,-0.043223184,-0.20978221,-0.4270159,77.17842323651453
NORMAL/NORMAL-101880-1.jpeg,resnet_baseline,3,84,3.9174707,-0.42928076,-0.18468836,-0.5279288,48.13278008298755
NORMAL/NORMAL-1025847-1.jpeg,resnet_baseline,3,84,4.1356463,-0.5260297,-0.035106063,-0.48310181,62.24066390041494
NORMAL/NORMAL-1038998-1.jpeg,resnet_baseline,3,84,3.367252,-0.5653871,-0.3953852,-0.495625,25.72614107883817
NORMAL/NORMAL-1042462-1.jpeg,resnet_baseline,3,84,3.6206276,0.13142149,-0.46566182,0.19596367,36.92946058091287
NORMAL/NORMAL-1058176-1.jpeg,resnet_baseline,3,84,3.5983815,-0.13762946,-0.55095476,0.12381957,35.684647302904565
NORMAL/NORMAL-1063128-1.jpeg,resnet_baseline,3,84,4.596099,-0.4943938,-0.43828478,-0.33876443,79.25311203319502
NORMAL/NORMAL-1073137-1.jpeg,resnet_baseline,3,84,4.0552077,-0.4597354,-0.57986665,-0.3491583,57.26141078838174
NORMAL/NORMAL-1081406-1.jpeg,resnet_baseline,3,84,4.1688867,0.3699422,0.2985777,0.41095775,65.56016597510373
NORMAL/NORMAL-112928-1.jpeg,resnet_baseline,3,84,3.2357678,-0.37736177,-0.50111943,-0.23755276,18.672199170124482
NORMAL/NORMAL-119840-1.jpeg,resnet_baseline,3,84,4.047683,-0.6071851,-0.18931174,-0.42707846,56.84647302904564
NORMAL/NORMAL-12494-1.jpeg,resnet_baseline,3,84,4.6283107,-0.25849918,-0.0011935271,-0.53445923,80.49792531120332
NORMAL/NORMAL-12494-2.jpeg,resnet_baseline,3,84,4.1655498,-0.32586104,-0.5175217,-0.2470097,65.14522821576763
NORMAL/NORMAL-12494-3.jpeg,resnet_baseline,3,84,3.5748806,-0.60390025,-0.48230636,-0.5251471,34.85477178423236
NORMAL/NORMAL-12494-4.jpeg,resnet_baseline,3,84,4.122163,-0.33646333,-0.49999034,-0.14142448,60.16597510373444
NORMAL/NORMAL-12494-5.jpeg,resnet_baseline,3,84,3.9740293,-0.40021288,-0.23327918,-0.48398098,51.45228215767634
NORMAL/NORMAL-133321-1.jpeg,resnet_baseline,3,84,4.1232977,-0.19033097,-0.1381129,-0.5336066,60.58091286307054
NORMAL/NORMAL-138971-1.jpeg,resnet_baseline,3,84,3.6826859,0.24376336,-0.2242775,0.3048187,39.41908713692946
NORMAL/NORMAL-15208-1.jpeg,resnet_baseline,3,84,2.6791663,0.2388546,-0.24253929,0.3256294,3.7344398340248963
NORMAL/NORMAL-15307-1.jpeg,resnet_baseline,3,84,4.1133065,0.14691935,0.48955965,0.21826196,58.921161825726145
NORMAL/NORMAL-153950-1.jpeg,resnet_baseline,3,84,5.0208898,-0.4822288,-0.40922853,-0.35271728,89.62655601659752
NORMAL/NORMAL-1746717-1.jpeg,resnet_baseline,3,84,3.4666014,-0.5911682,-0.14677663,-0.5115874,31.535269709543567
NORMAL/NORMAL-1759350-1.jpeg,resnet_baseline,3,84,4.321212,-0.59758747,-0.11697221,-0.271062,72.19917012448133
NORMAL/NORMAL-1781140-1.jpeg,resnet_baseline,3,84,3.9392593,0.14475149,-0.36401135,0.3236922,48.96265560165975
NORMAL/NORMAL-1791409-1.jpeg,resnet_baseline,3,84,3.0520916,0.3158536,0.30526122,0.18594003,12.448132780082988
NORMAL/NORMAL-1831654-1.jpeg,resnet_baseline,3,84,5.1807904,-0.4020899,-0.49328423,-0.33449882,92.11618257261411
NORMAL/NORMAL-1853526-1.jpeg,resnet_baseline,3,84,3.654518,-0.34480444,0.13330287,-0.51869166,38.17427385892116
NORMAL/NORMAL-1860310-1.jpeg,resnet_baseline,3,84,2.6632168,-0.5151279,-0.28236026,-0.5576798,2.0746887966804977
NORMAL/NORMAL-1897894-1.jpeg,resnet_baseline,3,84,3.6355176,-0.6639396,-0.18848646,-0.48607805,37.344398340248965
NORMAL/NORMAL-1907560-1.jpeg,resnet_baseline,3,84,6.1296663,0.30417186,-0.21776256,0.7400006,97.5103734439834
NORMAL/NORMAL-1908313-1.jpeg,resnet_baseline,3,84,4.350235,-0.28329086,-0.48675334,-0.07415222,73.85892116182573
NORMAL/NORMAL-1951042-1.jpeg,resnet_baseline,3,84,4.042547,-0.34465438,-0.12360297,-0.12182728,56.016597510373444
NORMAL/NORMAL-1957379-1.jpeg,resnet_baseline,3,84,4.0039997,-0.4646312,-0.1404624,-0.51756674,53.941908713692946
NORMAL/NORMAL-197082-1.jpeg,resnet_baseline,3,84,4.105477,0.18043135,-0.21258107,0.5525143,58.09128630705395
NORMAL/NORMAL-1983894-1.jpeg,resnet_baseline,3,84,3.6526403,-0.4103828,-0.39634818,-0.4546458,37.75933609958506
NORMAL/NORMAL-1988065-1.jpeg,resnet_baseline,3,84,4.4554987,-0.44392,-0.31381547,-0.44221354,76.34854771784232
NORMAL/NORMAL-1989796-1.jpeg,resnet_baseline,3,84,3.0719976,0.050225254,-0.47687954,0.1953421,13.692946058091287
NORMAL/NORMAL-1998191-1.jpeg,resnet_baseline,3,84,6.3439755,0.21611497,-0.034860425,0.23523693,98.7551867219917
NORMAL/NORMAL-2010714-1.jpeg,resnet_baseline,3,84,3.2206864,-0.001185976,0.24203914,-0.36730397,17.842323651452283
NORMAL/NORMAL-2011412-1.jpeg,resnet_baseline,3,84,2.6725152,-0.6937517,-0.41898942,-0.502757,2.904564315352697
NORMAL/NORMAL-2019006-1.jpeg,resnet_baseline,3,84,3.312902,0.10884627,0.3962276,0.106343806,23.236514522821576
NORMAL/NORMAL-2019423-1.jpeg,resnet_baseline,3,84,4.1461434,-0.546266,-0.4571895,-0.38525736,63.90041493775933
NORMAL/NORMAL-2055634-1.jpeg,resnet_baseline,3,84,2.8790991,0.35715356,0.25702795,0.06592929,7.053941908713693
NORMAL/NORMAL-2059629-1.jpeg,resnet_baseline,3,84,3.0074224,-0.6592178,-0.06717999,-0.39863458,11.20331950207469
NORMAL/NORMAL-2075832-1.jpeg,resnet_baseline,3,84,4.223464,0.11364856,0.010266978,-0.14887188,66.80497925311202
NORMAL/NORMAL-2082689-1.jpeg,resnet_baseline,3,84,4.2031245,-0.31675214,0.23655081,-0.42666325,66.39004149377593
NORMAL/NORMAL-2095710-1.jpeg,resnet_baseline,3,84,4.44115,-0.39416063,-0.57699525,-0.23464738,75.93360995850622
NORMAL/NORMAL-2113822-1.jpeg,resnet_baseline,3,84,3.2748063,0.21354702,0.023225142,-0.1340184,20.74688796680498
NORMAL/NORMAL-2120559-1.jpeg,resnet_baseline,3,84,3.421367,-0.50662816,-0.3066796,-0.55763096,28.21576763485477
NORMAL/NORMAL-2120559-2.jpeg,resnet_baseline,3,84,3.4817731,-0.42380738,0.08484797,-0.4799158,31.950207468879665
NORMAL/NORMAL-2120559-3.jpeg,resnet_baseline,3,84,4.817938,-0.32370222,-0.12983647,-0.5078047,86.30705394190872
NORMAL/NORMAL-2126186-1.jpeg,resnet_baseline,3,84,3.8762393,-0.617743,-0.5984789,-0.3388573,47.30290456431535
NORMAL/NORMAL-2131138-1.jpeg,resnet_baseline,3,84,3.3645408,-0.4927454,-0.2392128,-0.4563473,25.311203319502074
NORMAL/NORMAL-2158556-1.jpeg,resnet_baseline,3,84,4.5975056,-0.3037755,0.27436918,-0.46997267,79.66804979253112
NORMAL/NORMAL-2167295-1.jpeg,resnet_baseline,3,84,4.226035,-0.41459137,-0.61948556,-0.14470977,67.21991701244814
NORMAL/NORMAL-2181272-1.jpeg,resnet_baseline,3,84,3.2853155,-0.6185572,-0.47615632,-0.41629744,21.16182572614108
NORMAL/NORMAL-2192790-1.jpeg,resnet_baseline,3,84,3.7537758,0.15303048,0.09723093,-0.3593263,41.90871369294606
NORMAL/NORMAL-2197972-1.jpeg,resnet_baseline,3,84,4.31166,0.42462826,0.16711235,0.46274847,71.36929460580913
NORMAL/NORMAL-2226488-1.jpeg,resnet_baseline,3,84,4.5906906,0.22424346,0.4670025,-0.15090492,78.83817427385893
NORMAL/NORMAL-2231056-1.jpeg,resnet_baseline,3,84,3.387829,-0.38817436,-0.43949685,-0.3870561,26.556016597510375
NORMAL/NORMAL-223814-1.jpeg,resnet_baseline,3,84,3.983916,-0.06431086,0.14146987,-0.15672368,52.69709543568465
NORMAL/NORMAL-2244950-1.jpeg,resnet_baseline,3,84,3.9506223,-0.47625482,-0.5535158,-0.3074977,49.79253112033195
NORMAL/NORMAL-2287992-1.jpeg,resnet_baseline,3,84,4.9834347,-0.5226158,-0.28938168,-0.4566995,88.79668049792531
NORMAL/NORMAL-2305502-1.jpeg,resnet_baseline,3,84,4.82064,0.19712295,0.034419633,0.5053108,86.72199170124482
NORMAL/NORMAL-2312921-1.jpeg,resnet_baseline,3,84,4.265072,0.3580597,0.68110824,-0.04385531,68.87966804979253
NORMAL/NORMAL-2316423-1.jpeg,resnet_baseline,3,84,3.8171654,-0.31326383,-0.61131877,0.025599726,43.56846473029046
NORMAL/NORMAL-2335256-1.jpeg,resnet_baseline,3,84,3.4564023,-0.41114163,-0.58429897,-0.21006472,31.12033195020747
NORMAL/NORMAL-2342517-1.jpeg,resnet_baseline,3,84,3.5333629,-0.62063193,-0.10106343,-0.4817472,34.024896265560166
NORMAL/NORMAL-2350851-1.jpeg,resnet_baseline,3,84,4.001328,-0.5374253,-0.20881578,-0.5066781,53.52697095435685
NORMAL/NORMAL-2351012-1.jpeg,resnet_baseline,3,84,4.433384,-0.37831095,0.19568789,-0.3753932,75.51867219917013
NORMAL/NORMAL-2362579-1.jpeg,resnet_baseline,3,84,3.914597,-0.53047734,-0.22027741,-0.47366476,47.71784232365145
NORMAL/NORMAL-2366700-1.jpeg,resnet_baseline,3,84,2.6544483,-0.6117389,-0.58099884,-0.27705333,1.6597510373443984
NORMAL/NORMAL-2373878-1.jpeg,resnet_baseline,3,84,2.6789334,-0.48342198,-0.29192924,-0.48448992,3.319502074688797
NORMAL/NORMAL-2377429-1.jpeg,resnet_baseline,3,84,4.6366925,-0.08676539,0.3790785,-0.3576876,80.91286307053942
NORMAL/NORMAL-2392366-1.jpeg,resnet_baseline,3,84,3.9818845,-0.40915525,-0.21138364,-0.6416596,52.282157676348554
NORMAL/NORMAL-2397754-1.jpeg,resnet_baseline,3,84,5.217417,-0.43062094,-0.3738286,-0.14037338,92.5311203319502
NORMAL/NORMAL-2403175-1.jpeg,resnet_baseline,3,84,6.0915413,0.42769295,0.4678264,0.55497706,97.0954356846473
NORMAL/NORMAL-2416187-1.jpeg,resnet_baseline,3,84,3.5046773,-0.42224383,-0.32059062,-0.5280891,32.780082987551864
NORMAL/NORMAL-2421067-1.jpeg,resnet_baseline,3,84,3.3821573,-0.45197964,-0.27850038,-0.47244197,26.141078838174277
NORMAL/NORMAL-2424949-1.jpeg,resnet_baseline,3,84,2.7391639,-0.48401004,-0.4131952,-0.5939155,4.149377593360995
NORMAL/NORMAL-2434258-1.jpeg,resnet_baseline,3,84,2.969205,-0.4080174,-0.615734,-0.059476823,10.37344398340249
NORMAL/NORMAL-2436365-1.jpeg,resnet_baseline,3,84,4.3787565,-0.46993202,-0.20084298,-0.52777934,74.68879668049793
NORMAL/NORMAL-2448954-1.jpeg,resnet_baseline,3,84,4.6879206,-0.6057846,-0.15645364,-0.5411024,82.57261410788381
NORMAL/NORMAL-2459401-1.jpeg,resnet_baseline,3,84,2.9623759,-0.40949306,-0.5894278,-0.27984762,9.95850622406639
NORMAL/NORMAL-2460548-1.jpeg,resnet_baseline,3,84,2.667203,-0.027015068,0.39942333,-0.4102615,2.4896265560165975
NORMAL/NORMAL-2476896-1.jpeg,resnet_baseline,3,84,4.781156,-0.16582736,-0.49261203,0.013422132,85.89211618257261
NORMAL/NORMAL-2493975-1.jpeg,resnet_baseline,3,84,4.354216,-0.39011642,0.087593004,-0.48686373,74.27385892116183
NORMAL/NORMAL-2504667-1.jpeg,resnet_baseline,3,84,4.239924,-0.57760584,-0.31392783,-0.46567374,67.63485477178423
NORMAL/NORMAL-2509453-1.jpeg,resnet_baseline,3,84,3.197261,-0.19558904,-0.15031303,-0.53226185,17.012448132780083
NORMAL/NORMAL-2517546-1.jpeg,resnet_baseline,3,84,3.227956,-0.37815005,0.1487195,-0.4321984,18.25726141078838
NORMAL/NORMAL-2549549-1.jpeg,resnet_baseline,3,84,4.158542,-0.3973972,0.028372774,-0.53801703,64.31535269709543
NORMAL/NORMAL-2551333-1.jpeg,resnet_baseline,3,84,3.7163699,-0.1771259,0.10045838,-0.03252608,40.24896265560166
NORMAL/NORMAL-2569106-1.jpeg,resnet_baseline,3,84,5.1789365,-0.42969626,-0.42603457,-0.35481086,91.28630705394191
NORMAL/NORMAL-2570020-1.jpeg,resnet_baseline,3,84,3.019398,-0.5371852,-0.4110548,-0.48115718,11.618257261410788
NORMAL/NORMAL-2579419-1.jpeg,resnet_baseline,3,84,3.6074326,0.49610084,0.22181505,0.55553985,36.51452282157676
NORMAL/NORMAL-2598368-1.jpeg,resnet_baseline,3,84,3.1240363,0.12091684,-0.24834886,0.23437062,14.522821576763487
NORMAL/NORMAL-2602596-1.jpeg,resnet_baseline,3,84,2.8939795,-0.17850041,0.2314451,-0.3133446,7.468879668049793
NORMAL/NORMAL-2627129-1.jpeg,resnet_baseline,3,84,4.677575,-0.18993089,0.13028146,-0.2227745,81.74273858921161
NORMAL/NORMAL-2633503-1.jpeg,resnet_baseline,3,84,3.318304,-0.47113723,-0.05708155,-0.56410325,23.651452282157674
NORMAL/NORMAL-2636641-1.jpeg,resnet_baseline,3,84,3.3017993,-0.38220567,-0.6568792,-0.22215228,22.40663900414938
NORMAL/NORMAL-2665491-1.jpeg,resnet_baseline,3,84,4.7768507,-0.25942022,-0.26377252,-0.33764017,85.47717842323651
NORMAL/NORMAL-269181-1.jpeg,resnet_baseline,3,84,3.3012538,0.27162904,-0.062054146,0.2855599,21.991701244813278
NORMAL/NORMAL-2705520-1.jpeg,resnet_baseline,3,84,3.8620508,-0.09388213,0.16469607,0.254212,46.058091286307054
NORMAL/NORMAL-2709055-1.jpeg,resnet_baseline,3,84,3.491097,-0.62194014,-0.18635976,-0.37414727,32.365145228215766
NORMAL/NORMAL-2733663-1.jpeg,resnet_baseline,3,84,4.458566,-0.5305452,-0.1801085,-0.46690708,76.76348547717843
NORMAL/NORMAL-2739821-1.jpeg,resnet_baseline,3,84,3.3119683,-0.50685394,-0.055511795,-0.5440966,22.821576763485478
NORMAL/NORMAL-2769622-1.jpeg,resnet_baseline,3,84,2.917636,-0.23792492,-0.4922766,-0.32198578,7.883817427385892
NORMAL/NORMAL-2769622-2.jpeg,resnet_baseline,3,84,3.0613487,-0.28856075,0.31347322,-0.21794218,12.863070539419086
NORMAL/NORMAL-279206-1.jpeg,resnet_baseline,3,84,3.1813717,-0.6478003,-0.5085956,-0.45064133,15.767634854771783
NORMAL/NORMAL-283376-1.jpeg,resnet_baseline,3,84,5.1136136,-0.35910034,-0.54908645,-0.06633197,90.45643153526972
NORMAL/NORMAL-285896-1.jpeg,resnet_baseline,3,84,4.135042,-0.0012878776,0.36016023,-0.34241822,61.82572614107884
NORMAL/NORMAL-2973935-1.jpeg,resnet_baseline,3,84,3.849449,-0.60562086,-0.4515586,-0.46092057,44.81327800829876
NORMAL/NORMAL-3059523-1.jpeg,resnet_baseline,3,84,4.1589227,-0.048078727,-0.4992652,0.19719715,64.73029045643153
NORMAL/NORMAL-307151-1.jpeg,resnet_baseline,3,84,3.8048239,-0.38813278,-0.30954215,-0.45758325,43.15352697095436
NORMAL/NORMAL-307151-2.jpeg,resnet_baseline,3,84,3.3625405,-0.057681546,-0.13839287,0.32122234,24.481327800829874
NORMAL/NORMAL-3077276-1.jpeg,resnet_baseline,3,84,3.4223955,-0.32044458,0.28348166,-0.3390525,28.63070539419087
NORMAL/NORMAL-3100637-1.jpeg,resnet_baseline,3,84,4.120161,0.12536314,-0.14365476,0.34384733,59.33609958506224
NORMAL/NORMAL-3103940-1.jpeg,resnet_baseline,3,84,4.0307417,-0.26131123,0.26712066,-0.37935218,55.18672199170125
NORMAL/NORMAL-3108564-1.jpeg,resnet_baseline,3,84,4.9834166,-0.4949066,-0.21928236,-0.50516224,88.38174273858921
NORMAL/NORMAL-3134896-1.jpeg,resnet_baseline,3,84,3.4476216,-0.6515405,-0.053744815,-0.34640077,29.460580912863072
NORMAL/NORMAL-3166591-1.jpeg,resnet_baseline,3,84,5.3360095,-0.013624614,-0.39916044,0.3702724,94.1908713692946
NORMAL/NORMAL-3220509-1.jpeg,resnet_baseline,3,84,4.0407505,-0.59197134,-0.48744485,-0.32568437,55.601659751037346
NORMAL/NORMAL-3244919-1.jpeg,resnet_baseline,3,84,4.8732247,-0.39718848,-0.44112134,-0.3927883,87.96680497925311
NORMAL/NORMAL-3256489-1.jpeg,resnet_baseline,3,84,4.6966996,-0.1757099,-0.15316659,-0.43629777,82.98755186721992
NORMAL/NORMAL-3277704-1.jpeg,resnet_baseline,3,84,4.0119452,-0.50898635,-0.14696951,-0.5665889,54.77178423236515
NORMAL/NORMAL-3300015-1.jpeg,resnet_baseline,3,84,4.641747,-0.17973447,-0.43867826,-0.13583374,81.32780082987551
NORMAL/NORMAL-3307598-1.jpeg,resnet_baseline,3,84,4.3186855,-0.37383962,0.0042914413,-0.5358094,71.78423236514523
NORMAL/NORMAL-3307598-2.jpeg,resnet_baseline,3,84,4.008413,-0.5400611,-0.38670024,-0.39096415,54.356846473029044
NORMAL/NORMAL-3308307-1.jpeg,resnet_baseline,3,84,3.364417,-0.53200674,-0.46347782,0.045885064,24.896265560165975
NORMAL/NORMAL-330905-1.jpeg,resnet_baseline,3,84,5.2887177,-0.33431664,-0.58357227,-0.144107,93.7759336099585
NORMAL/NORMAL-3320960-1.jpeg,resnet_baseline,3,84,4.2445946,0.30045116,0.106843114,0.36292595,68.46473029045643
NORMAL/NORMAL-3326661-1.jpeg,resnet_baseline,3,84,3.0950012,-0.42963952,-0.37643278,-0.41620955,14.107883817427386
NORMAL/NORMAL-3330006-1.jpeg,resnet_baseline,3,84,3.4133122,-0.23366114,-0.5249079,0.11632788,27.385892116182575
NORMAL/NORMAL-3332063-1.jpeg,resnet_baseline,3,84,3.4523716,-0.56981605,-0.5363891,-0.24726346,30.29045643153527
NORMAL/NORMAL-33350-1.jpeg,resnet_baseline,3,84,3.7969053,-0.37913254,0.15248924,-0.4513922,42.738589211618255
NORMAL/NORMAL-33350-2.jpeg,resnet_baseline,3,84,3.865169,-0.29963565,0.26129594,-0.390926,46.47302904564315
NORMAL/NORMAL-33350-3.jpeg,resnet_baseline,3,84,6.0014224,0.5866219,0.19422397,0.45777714,96.2655601659751
NORMAL/NORMAL-3340309-1.jpeg,resnet_baseline,3,84,4.9928436,0.008787237,0.1265109,-0.21808156,89.21161825726142
NORMAL/NORMAL-3346049-1.jpeg,resnet_baseline,3,84,4.2794833,-0.40976265,-0.36893833,-0.54605377,70.12448132780082
NORMAL/NORMAL-3347645-1.jpeg,resnet_baseline,3,84,4.6122284,0.29363966,0.6881959,-0.2738037,80.08298755186722
NORMAL/NORMAL-3354044-1.jpeg,resnet_baseline,3,84,4.0867724,-0.090558425,-0.5232422,0.06052588,57.676348547717836
NORMAL/NORMAL-3361560-1.jpeg,resnet_baseline,3,84,3.7721272,-0.351012,-0.4931308,-0.31418192,42.32365145228216
NORMAL/NORMAL-3361750-1.jpeg,resnet_baseline,3,84,6.158082,-0.15788516,-0.12080618,-0.42405593,97.9253112033195
NORMAL/NORMAL-33637-1.jpeg,resnet_baseline,3,84,3.1902208,-0.13203791,-0.55045533,0.14751132,16.59751037344398
NORMAL/NORMAL-3373954-1.jpeg,resnet_baseline,3,84,4.558015,0.33263272,0.053602144,0.34322047,78.00829875518673
NORMAL/NORMAL-3380901-1.jpeg,resnet_baseline,3,84,2.7481453,-0.23284358,-0.56665355,0.064771354,4.564315352697095
NORMAL/NORMAL-338568-1.jpeg,resnet_baseline,3,84,3.6878176,0.25058505,-0.16667312,0.10502072,39.83402489626556
NORMAL/NORMAL-3390782-1.jpeg,resnet_baseline,3,84,3.4498796,-0.25789213,-0.35743505,0.28916597,29.87551867219917
NORMAL/NORMAL-3398969-1.jpeg,resnet_baseline,3,84,3.870875,-0.061076004,-0.5048122,-0.022028867,46.88796680497925
NORMAL/NORMAL-3399839-1.jpeg,resnet_baseline,3,84,3.578607,-0.015496634,0.5366039,0.009041965,35.26970954356847
NORMAL/NORMAL-3416330-1.jpeg,resnet_baseline,3,84,3.2152584,-0.6432849,-0.08028303,-0.5019257,17.42738589211618
NORMAL/NORMAL-3431386-1.jpeg,resnet_baseline,3,84,4.1303663,-0.48508334,-0.3391232,-0.5285369,61.41078838174274
NORMAL/NORMAL-3451887-1.jpeg,resnet_baseline,3,84,4.140477,0.2910648,-0.19463463,0.3798241,63.48547717842323
NORMAL/NORMAL-3465750-1.jpeg,resnet_baseline,3,84,3.5051863,-0.27184403,-0.11022204,-0.33193737,33.19502074688796
NORMAL/NORMAL-3466714-1.jpeg,resnet_baseline,3,84,2.7676857,-0.40368932,0.16599812,-0.20256698,5.809128630705394
NORMAL/NORMAL-3475211-1.jpeg,resnet_baseline,3,84,4.121698,-0.51031643,-0.18342908,-0.61519027,59.75103734439834
NORMAL/NORMAL-348347-1.jpeg,resnet_baseline,3,84,3.5155919,-0.6397996,-0.64082074,-0.35798413,33.60995850622407
NORMAL/NORMAL-349021-1.jpeg,resnet_baseline,3,84,3.7496061,0.08091916,-0.23216449,0.28181487,41.49377593360996
NORMAL/NORMAL-351109-1.jpeg,resnet_baseline,3,84,3.7172399,-0.36366457,-0.6340703,-0.10474652,40.66390041493776
NORMAL/NORMAL-351109-2.jpeg,resnet_baseline,3,84,3.068267,-0.26028082,0.2862183,-0.4433189,13.278008298755188
NORMAL/NORMAL-3531215-1.jpeg,resnet_baseline,3,84,3.9421885,-0.3473954,-0.6127048,-0.052861832,49.37759336099585
NORMAL/NORMAL-3538316-1.jpeg,resnet_baseline,3,84,2.5691273,-0.7705928,-0.45583957,-0.31882042,0.8298755186721992
NORMAL/NORMAL-3561306-1.jpeg,resnet_baseline,3,84,3.5438108,-0.37679964,-0.04325246,-0.5876706,34.439834024896264
NORMAL/NORMAL-3561306-2.jpeg,resnet_baseline,3,84,5.661512,-0.32693678,-0.38814133,-0.28355002,95.4356846473029
NORMAL/NORMAL-366503-1.jpeg,resnet_baseline,3,84,3.2660313,-0.46010166,-0.32008582,-0.55366933,19.91701244813278
NORMAL/NORMAL-366503-2.jpeg,resnet_baseline,3,84,5.2638016,0.26928797,-0.08172053,0.7737728,93.3609958506224
NORMAL/NORMAL-36734-1.jpeg,resnet_baseline,3,84,4.1972404,-0.24089798,-0.4089258,-0.35608476,65.97510373443983
NORMAL/NORMAL-37818-1.jpeg,resnet_baseline,3,84,3.1851451,0.06938146,-0.33679414,0.28518695,16.182572614107883
NORMAL/NORMAL-395557-1.jpeg,resnet_baseline,3,84,2.9298687,-0.827492,-0.49952966,-0.4625731,8.29875518672199
NORMAL/NORMAL-402066-1.jpeg,resnet_baseline,3,84,2.7637227,-0.46010065,-0.60474277,-0.23247375,5.394190871369295
NORMAL/NORMAL-402066-2.jpeg,resnet_baseline,3,84,3.9190733,0.2969554,0.10920085,0.61760163,48.54771784232365
NORMAL/NORMAL-402066-3.jpeg,resnet_baseline,3,84,2.4479518,-0.6018884,-0.17258044,-0.47928143,0.4149377593360996
NORMAL/NORMAL-402066-4.jpeg,resnet_baseline,3,84,3.737759,-0.31075862,0.17873964,-0.2951139,41.078838174273855
NORMAL/NORMAL-402066-5.jpeg,resnet_baseline,3,84,3.8586097,-0.30586305,0.17024556,-0.0657464,45.643153526970956
NORMAL/NORMAL-438684-1.jpeg,resnet_baseline,3,84,4.7120934,-0.3369336,-0.09156732,-0.44386497,83.81742738589212
NORMAL/NORMAL-438684-2.jpeg,resnet_baseline,3,84,4.278972,-0.2923457,-0.12949793,-0.50617033,69.70954356846472
NORMAL/NORMAL-438684-3.jpeg,resnet_baseline,3,84,5.2548847,-0.22222814,0.03112902,-0.38320845,92.9460580912863
NORMAL/NORMAL-443980-1.jpeg,resnet_baseline,3,84,4.5757227,-0.44153017,-0.15852019,-0.55351794,78.42323651452283
NORMAL/NORMAL-446851-1.jpeg,resnet_baseline,3,84,5.790845,0.3234775,0.39017516,0.0106692,95.850622406639
NORMAL/NORMAL-446851-2.jpeg,resnet_baseline,3,84,6.456157,0.5943419,0.25939292,0.8343481,99.1701244813278
NORMAL/NORMAL-447690-1.jpeg,resnet_baseline,3,84,6.555913,-0.3146024,-0.09850636,-0.5603601,99.5850622406639
NORMAL/NORMAL-447690-2.jpeg,resnet_baseline,3,84,4.2421813,-0.48482573,-0.27015585,-0.43742028,68.04979253112033
NORMAL/NORMAL-450532-1.jpeg,resnet_baseline,3,84,4.332384,-0.33771753,-0.16850817,-0.29931882,72.61410788381743
NORMAL/NORMAL-450923-1.jpeg,resnet_baseline,3,84,2.9480588,-0.2912651,-0.28112316,-0.33093885,9.12863070539419
NORMAL/NORMAL-450923-2.jpeg,resnet_baseline,3,84,4.760764,-0.06135831,0.1104271,-0.08405159,85.06224066390041
NORMAL/NORMAL-460711-1.jpeg,resnet_baseline,3,84,5.057207,-0.13233605,-0.09538064,-0.32019874,90.04149377593362
NORMAL/NORMAL-460844-1.jpeg,resnet_baseline,3,84,4.836994,0.501649,0.13657512,0.57731354,87.13692946058092
NORMAL/NORMAL-466978-1.jpeg,resnet_baseline,3,84,4.04554,-0.48775953,-0.26528877,-0.5159915,56.43153526970954
NORMAL/NORMAL-469935-1.jpeg,resnet_baseline,3,84,3.9619205,-0.25355548,0.05465599,0.19903983,50.62240663900415
NORMAL/NORMAL-4761187-1.jpeg,resnet_baseline,3,84,3.959679,-0.33822185,-0.5960292,-0.03907471,50.20746887966805
NORMAL/NORMAL-4790999-1.jpeg,resnet_baseline,3,84,4.475621,-0.53828084,-0.43195248,-0.41549975,77.59336099585063
NORMAL/NORMAL-48053-1.jpeg,resnet_baseline,3,84,4.125824,0.322291,-0.1952466,0.2676887,60.99585062240664
NORMAL/NORMAL-4839633-1.jpeg,resnet_baseline,3,84,4.112918,-0.36968327,-0.07586919,-0.5241017,58.50622406639005
NORMAL/NORMAL-486271-1.jpeg,resnet_baseline,3,84,4.849303,-0.529071,-0.49705386,-0.41392425,87.55186721991701
NORMAL/NORMAL-508852-1.jpeg,resnet_baseline,3,84,6.7938843,0.488461,0.42961416,0.5193156,100.0
NORMAL/NORMAL-508852-2.jpeg,resnet_baseline,3,84,3.602447,0.16604757,0.14200315,0.38772067,36.09958506224066
NORMAL/NORMAL-519372-1.jpeg,resnet_baseline,3,84,3.1506405,-0.63821393,-0.17223628,-0.4478259,15.352697095435685
NORMAL/NORMAL-524640-1.jpeg,resnet_baseline,3,84,2.9549057,-0.3523357,0.11884851,-0.010068063,9.54356846473029
NORMAL/NORMAL-544457-1.jpeg,resnet_baseline,3,84,4.704623,0.21312638,0.38682452,0.29868615,83.40248962655602
NORMAL/NORMAL-544711-1.jpeg,resnet_baseline,3,84,3.2729607,-0.721457,-0.3465573,-0.25978506,20.33195020746888
NORMAL/NORMAL-547422-1.jpeg,resnet_baseline,3,84,2.9307027,-0.43523195,-0.6156576,-0.20164688,8.71369294605809
NORMAL/NORMAL-547422-2.jpeg,resnet_baseline,3,84,4.34624,-0.318864,-0.006710965,-0.530032,73.44398340248964
NORMAL/NORMAL-549356-1.jpeg,resnet_baseline,3,84,2.9966395,-0.55451924,-0.17648748,-0.5614473,10.78838174273859
NORMAL/NORMAL-549356-2.jpeg,resnet_baseline,3,84,3.2608566,-0.28730905,0.2480522,-0.45322055,19.502074688796682
NORMAL/NORMAL-549356-3.jpeg,resnet_baseline,3,84,3.4147089,-0.307409,0.31572193,-0.4320224,27.800829875518673
NORMAL/NORMAL-552739-1.jpeg,resnet_baseline,3,84,5.1790204,-0.4031844,-0.31401753,-0.5187391,91.70124481327801
NORMAL/NORMAL-557437-1.jpeg,resnet_baseline,3,84,6.2936177,-0.17069449,-0.34131932,-0.31062287,98.3402489626556
NORMAL/NORMAL-557437-2.jpeg,resnet_baseline,3,84,3.4016063,-0.053647697,-0.46838668,0.25474846,26.970954356846473
NORMAL/NORMAL-565818-1.jpeg,resnet_baseline,3,84,4.273688,-0.35002634,0.085212275,-0.37600815,69.29460580912863
NORMAL/NORMAL-566040-1.jpeg,resnet_baseline,3,84,3.4260676,-0.64645183,-0.500632,-0.35199052,29.045643153526974
NORMAL/NORMAL-568518-1.jpeg,resnet_baseline,3,84,4.683154,-0.3250798,-0.53594947,-0.05977108,82.15767634854771
NORMAL/NORMAL-568518-2.jpeg,resnet_baseline,3,84,4.393961,-0.242182,-0.49804592,0.01888855,75.10373443983403
NORMAL/NORMAL-571157-1.jpeg,resnet_baseline,3,84,4.2846546,-0.4848376,-0.051941022,-0.50971055,70.95435684647303
NORMAL/NORMAL-571484-1.jpeg,resnet_baseline,3,84,2.624266,-0.3308193,0.25589526,-0.31420383,1.2448132780082988
NORMAL/NORMAL-572972-1.jpeg,resnet_baseline,3,84,2.7803755,-0.5040182,-0.5909732,-0.37844014,6.224066390041494
NORMAL/NORMAL-574089-1.jpeg,resnet_baseline,3,84,2.7566803,-0.5318724,-0.41027007,-0.5929921,4.979253112033195
NORMAL/NORMAL-582215-1.jpeg,resnet_baseline,3,84,3.4555078,-0.213706,0.3098871,-0.020149546,30.70539419087137
NORMAL/NORMAL-588227-1.jpeg,resnet_baseline,3,84,4.339865,-0.55139875,-0.39044088,-0.4102674,73.02904564315352
NORMAL/NORMAL-60471-1.jpeg,resnet_baseline,3,84,4.75435,-0.17166957,-0.4946376,0.07355395,84.64730290456431
NORMAL/NORMAL-605310-1.jpeg,resnet_baseline,3,84,4.138494,0.46955642,0.09809948,0.076131575,63.07053941908713
NORMAL/NORMAL-626127-1.jpeg,resnet_baseline,3,84,5.1578484,-0.62801766,-0.31230998,-0.4799922,90.87136929460581
NORMAL/NORMAL-628048-1.jpeg,resnet_baseline,3,84,4.137906,-0.23330417,0.27104926,-0.5129112,62.655601659751035
NORMAL/NORMAL-629493-1.jpeg,resnet_baseline,3,84,2.8629317,-0.15439975,-0.37952414,0.18227191,6.639004149377594
NORMAL/NORMAL-651257-1.jpeg,resnet_baseline,3,84,4.2817626,0.27123588,-0.2704661,0.22968504,70.53941908713693
NORMAL/NORMAL-655117-1.jpeg,resnet_baseline,3,84,3.8197467,-0.14915438,0.38805613,-0.17668815,43.983402489626556
NORMAL/NORMAL-655447-1.jpeg,resnet_baseline,3,84,3.832344,-0.44460276,-0.14072242,-0.54625887,44.398340248962654
NORMAL/NORMAL-664536-1.jpeg,resnet_baseline,3,84,3.2525945,-0.5613327,-0.5198852,-0.46055824,19.08713692946058
NORMAL/NORMAL-66515-1.jpeg,resnet_baseline,3,84,3.9737248,-0.56028235,-0.3631006,-0.4367562,51.037344398340245
NORMAL/NORMAL-672619-1.jpeg,resnet_baseline,3,84,3.85286,-0.31684008,-0.5157765,-0.21492559,45.22821576763486
NORMAL/NORMAL-692554-1.jpeg,resnet_baseline,3,84,3.0490558,-0.57352966,-0.20447421,-0.30943096,12.033195020746888
NORMAL/NORMAL-693575-1.jpeg,resnet_baseline,3,84,3.3205748,-0.30145398,-0.058400463,-0.23676011,24.066390041493776
NORMAL/NORMAL-697826-1.jpeg,resnet_baseline,3,84,5.592891,0.51899683,0.28277612,0.8128054,95.0207468879668
NORMAL/NORMAL-744709-1.jpeg,resnet_baseline,3,84,5.3656936,-0.45321733,-0.35580003,-0.4921217,94.6058091286307
NORMAL/NORMAL-755659-1.jpeg,resnet_baseline,3,84,4.73213,-0.20135139,0.26766437,-0.3967203,84.23236514522821
NORMAL/NORMAL-758272-1.jpeg,resnet_baseline,3,84,3.681953,-0.18633637,-0.60536504,-0.14164943,39.004149377593365
NORMAL/NORMAL-76914-1.jpeg,resnet_baseline,3,84,3.655258,-0.41517013,-0.22616328,-0.4647472,38.589211618257266
NORMAL/NORMAL-772481-1.jpeg,resnet_baseline,3,84,3.9810197,-0.3526241,0.06046776,-0.5440296,51.867219917012456
NORMAL/NORMAL-84466-1.jpeg,resnet_baseline,3,84,3.1387453,-0.60711956,-0.008811813,-0.35472983,14.937759336099585
NORMAL/NORMAL-85367-1.jpeg,resnet_baseline,3,84,6.0580096,0.684201,0.49862152,0.16230199,96.6804979253112
NORMAL/NORMAL-9251-1.jpeg,resnet_baseline,3,84,3.997628,-0.40365928,-0.51663315,-0.36826742,53.11203319502075
NORMAL/NORMAL-98720-1.jpeg,resnet_baseline,3,84,3.2860937,-0.24100657,-0.46952498,-0.32014173,21.57676348547718
NORMAL/NORMAL-1017237-1.jpeg,se_resnet,4,42,4.074884,-0.43959725,-0.6088776,0.048333094,73.44398340248964
NORMAL/NORMAL-101880-1.jpeg,se_resnet,4,42,5.3843975,-0.31722808,-0.7288965,-0.3557542,95.4356846473029
NORMAL/NORMAL-1025847-1.jpeg,se_resnet,4,42,3.833808,-0.36104232,0.16188791,-0.6328782,64.73029045643153
NORMAL/NORMAL-1038998-1.jpeg,se_resnet,4,42,3.5341456,-0.7928295,-0.22110796,-0.54852766,46.47302904564315
NORMAL/NORMAL-1042462-1.jpeg,se_resnet,4,42,5.283071,0.32726958,0.29728583,0.75811505,94.1908713692946
NORMAL/NORMAL-1058176-1.jpeg,se_resnet,4,42,2.7916825,-0.12118222,-0.6494957,0.16746147,11.20331950207469
NORMAL/NORMAL-1063128-1.jpeg,se_resnet,4,42,4.0681376,-0.3976084,-0.74323404,-0.10219315,72.61410788381743
NORMAL/NORMAL-1073137-1.jpeg,se_resnet,4,42,3.1467812,-0.26699683,-0.5593145,0.1458486,26.141078838174277
NORMAL/NORMAL-1081406-1.jpeg,se_resnet,4,42,3.543652,0.3790651,0.32076687,0.71461666,47.71784232365145
NORMAL/NORMAL-112928-1.jpeg,se_resnet,4,42,3.42541,-0.17419174,-0.7410308,-0.13846806,41.078838174273855
NORMAL/NORMAL-119840-1.jpeg,se_resnet,4,42,3.5499988,-0.48393187,0.07541832,-0.5387403,48.96265560165975
NORMAL/NORMAL-12494-1.jpeg,se_resnet,4,42,3.4753246,-0.110252455,-0.4771115,0.34798664,42.738589211618255
NORMAL/NORMAL-12494-2.jpeg,se_resnet,4,42,2.878522,-0.6082725,-0.5041163,-0.48981068,15.352697095435685
NORMAL/NORMAL-12494-3.jpeg,se_resnet,4,42,3.2382958,-0.7513755,-0.5761967,-0.24898419,28.63070539419087
NORMAL/NORMAL-12494-4.jpeg,se_resnet,4,42,3.4851518,-0.40166315,0.058232136,-0.5465059,43.15352697095436
NORMAL/NORMAL-12494-5.jpeg,se_resnet,4,42,3.393683,-0.02552183,-0.59866047,-0.042837612,38.17427385892116
NORMAL/NORMAL-133321-1.jpeg,se_resnet,4,42,3.9278018,0.3913604,0.26294917,-0.19105552,66.80497925311202
NORMAL/NORMAL-138971-1.jpeg,se_resnet,4,42,4.7801704,-0.07011548,-0.7425785,-0.03433238,88.79668049792531
NORMAL/NORMAL-15208-1.jpeg,se_resnet,4,42,3.85774,-0.48552275,-0.4595641,-0.7002733,65.97510373443983
NORMAL/NORMAL-15307-1.jpeg,se_resnet,4,42,3.3109832,-0.1052613,0.4644987,0.14834338,32.365145228215766
NORMAL/NORMAL-153950-1.jpeg,se_resnet,4,42,4.2607083,-0.43638438,-0.5619078,-0.53328496,79.66804979253112
NORMAL/NORMAL-1746717-1.jpeg,se_resnet,4,42,4.059281,-0.34839943,-0.08078984,-0.61002827,71.78423236514523
NORMAL/NORMAL-1759350-1.jpeg,se_resnet,4,42,5.3627944,-0.2583381,-0.6603392,0.0840474,95.0207468879668
NORMAL/NORMAL-1781140-1.jpeg,se_resnet,4,42,2.985165,-0.19051236,-0.59338075,0.21511301,19.91701244813278
NORMAL/NORMAL-1791409-1.jpeg,se_resnet,4,42,2.0344095,-0.78473574,-0.6881216,-0.68485403,0.4149377593360996
NORMAL/NORMAL-1831654-1.jpeg,se_resnet,4,42,3.0144296,-0.44119987,-0.69892967,-0.036573857,20.33195020746888
NORMAL/NORMAL-1853526-1.jpeg,se_resnet,4,42,3.9534667,-0.4390595,0.051692836,-0.40652648,67.63485477178423
NORMAL/NORMAL-1860310-1.jpeg,se_resnet,4,42,3.373178,-0.54668677,-0.62445927,-0.61746895,36.09958506224066
NORMAL/NORMAL-1897894-1.jpeg,se_resnet,4,42,3.8089538,-0.16951993,-0.02200573,-0.55556536,63.48547717842323
NORMAL/NORMAL-1907560-1.jpeg,se_resnet,4,42,4.8339787,0.34706247,-0.16735941,0.7162345,89.62655601659752
NORMAL/NORMAL-1908313-1.jpeg,se_resnet,4,42,3.3186603,-0.13637093,-0.59275043,0.22505373,33.19502074688796
NORMAL/NORMAL-1951042-1.jpeg,se_resnet,4,42,5.8839674,-0.028584693,-0.5988986,0.23186857,98.7551867219917
NORMAL/NORMAL-1957379-1.jpeg,se_resnet,4,42,4.7319818,-0.46093518,-0.3083287,-0.11961922,87.96680497925311
NORMAL/NORMAL-197082-1.jpeg,se_resnet,4,42,2.9467647,-0.7973583,-0.62776726,-0.47963572,18.25726141078838
NORMAL/NORMAL-1983894-1.jpeg,se_resnet,4,42,2.5174072,-0.026233621,0.21875432,-0.47287416,4.564315352697095
NORMAL/NORMAL-1988065-1.jpeg,se_resnet,4,42,4.0778275,-0.08558875,-0.70002675,-0.16937666,74.27385892116183
NORMAL/NORMAL-1989796-1.jpeg,se_resnet,4,42,3.7131917,-0.112292394,0.4080699,-0.4518249,57.676348547717836
NORMAL/NORMAL-1998191-1.jpeg,se_resnet,4,42,3.5067332,-0.21292639,-0.7516607,-0.051215798,43.56846473029046
NORMAL/NORMAL-2010714-1.jpeg,se_resnet,4,42,2.869372,-0.3453267,-0.2846763,-0.62649286,14.107883817427386
NORMAL/NORMAL-2011412-1.jpeg,se_resnet,4,42,2.269171,-0.12741408,-0.6257813,0.21298113,1.6597510373443984
NORMAL/NORMAL-2019006-1.jpeg,se_resnet,4,42,4.091102,0.32295728,0.6273728,0.49748564,75.10373443983403
NORMAL/NORMAL-2019423-1.jpeg,se_resnet,4,42,2.9352882,-0.47003666,-0.72332156,-0.19790517,17.842323651452283
NORMAL/NORMAL-2055634-1.jpeg,se_resnet,4,42,4.723071,-0.21539089,-0.497247,0.20716995,87.55186721991701
NORMAL/NORMAL-2059629-1.jpeg,se_resnet,4,42,3.6430728,-0.3202529,0.07916791,-0.5538354,53.52697095435685
NORMAL/NORMAL-2075832-1.jpeg,se_resnet,4,42,2.4708326,0.08253268,-0.615494,0.061897792,3.7344398340248963
NORMAL/NORMAL-2082689-1.jpeg,se_resnet,4,42,3.5846767,0.061003365,0.505409,0.24683285,49.79253112033195
NORMAL/NORMAL-2095710-1.jpeg,se_resnet,4,42,5.5000234,-0.35250077,-0.780869,-0.33463672,97.0954356846473
NORMAL/NORMAL-2113822-1.jpeg,se_resnet,4,42,4.22045,-0.1396341,0.0021458324,-0.55109715,78.83817427385893
NORMAL/NORMAL-2120559-1.jpeg,se_resnet,4,42,3.6149116,-0.12060882,-0.64656174,-0.28749114,50.62240663900415
NORMAL/NORMAL-2120559-2.jpeg,se_resnet,4,42,2.5698538,-0.5557691,-0.6869377,-0.54902744,5.394190871369295
NORMAL/NORMAL-2120559-3.jpeg,se_resnet,4,42,5.897552,0.25362635,-0.49089196,0.23039895,99.1701244813278
NORMAL/NORMAL-2126186-1.jpeg,se_resnet,4,42,4.882174,-0.3145511,-0.7556521,-0.22265115,90.04149377593362
NORMAL/NORMAL-2131138-1.jpeg,se_resnet,4,42,3.4506142,-0.17667207,-0.732127,0.0070703775,42.32365145228216
NORMAL/NORMAL-2158556-1.jpeg,se_resnet,4,42,3.8884645,-0.45839074,-0.57543045,-0.62055737,66.39004149377593
NORMAL/NORMAL-2167295-1.jpeg,se_resnet,4,42,3.3277373,-0.42830306,0.017434971,-0.6506906,34.024896265560166
NORMAL/NORMAL-2181272-1.jpeg,se_resnet,4,42,4.6290774,-0.04755479,-0.6117289,0.214726,86.30705394190872
NORMAL/NORMAL-2192790-1.jpeg,se_resnet,4,42,2.6523373,-0.50936115,-0.64616525,-0.6312077,7.053941908713693
NORMAL/NORMAL-2197972-1.jpeg,se_resnet,4,42,3.3665063,-0.81716365,-0.47353604,-0.5968673,35.684647302904565
NORMAL/NORMAL-2226488-1.jpeg,se_resnet,4,42,2.7589257,-0.2157121,-0.08552212,-0.5536709,9.95850622406639
NORMAL/NORMAL-2231056-1.jpeg,se_resnet,4,42,4.2021194,-0.51217514,-0.6093429,-0.6225165,78.42323651452283
NORMAL/NORMAL-223814-1.jpeg,se_resnet,4,42,3.7474952,-0.40853682,-0.63021284,0.0055528358,58.921161825726145
NORMAL/NORMAL-2244950-1.jpeg,se_resnet,4,42,3.991736,-0.1313145,-0.73775667,-0.07907952,68.46473029045643
NORMAL/NORMAL-2287992-1.jpeg,se_resnet,4,42,3.7012863,-0.40246493,-0.75232625,-0.4124434,56.43153526970954
NORMAL/NORMAL-2305502-1.jpeg,se_resnet,4,42,2.6211467,-0.20083669,-0.7577547,-0.025145333,6.224066390041494
NORMAL/NORMAL-2312921-1.jpeg,se_resnet,4,42,3.277895,0.066133425,0.17867154,0.40289855,31.12033195020747
NORMAL/NORMAL-2316423-1.jpeg,se_resnet,4,42,4.480298,0.031775855,-0.65897787,0.004930783,84.23236514522821
NORMAL/NORMAL-2335256-1.jpeg,se_resnet,4,42,3.384334,-0.31442606,-0.021987721,-0.58548737,36.92946058091287
NORMAL/NORMAL-2342517-1.jpeg,se_resnet,4,42,4.4903846,-0.5170254,-0.09131846,-0.66500926,84.64730290456431
NORMAL/NORMAL-2350851-1.jpeg,se_resnet,4,42,5.163792,-0.37435168,-0.72029114,-0.3645942,92.11618257261411
NORMAL/NORMAL-2351012-1.jpeg,se_resnet,4,42,5.404587,-0.3308827,0.18203914,-0.4662626,96.2655601659751
NORMAL/NORMAL-2362579-1.jpeg,se_resnet,4,42,3.7575204,-0.060184594,-0.69346744,0.026734171,59.75103734439834
NORMAL/NORMAL-2366700-1.jpeg,se_resnet,4,42,2.5625448,-0.44144392,-0.76804173,-0.36536896,4.979253112033195
NORMAL/NORMAL-2373878-1.jpeg,se_resnet,4,42,2.3960104,-0.57696235,-0.7218975,-0.5230286,2.904564315352697
NORMAL/NORMAL-2377429-1.jpeg,se_resnet,4,42,3.775457,-0.47857428,-0.7840301,-0.38029534,60.99585062240664
NORMAL/NORMAL-2392366-1.jpeg,se_resnet,4,42,3.2558608,0.07573052,-0.44915828,0.26540703,29.87551867219917
NORMAL/NORMAL-2397754-1.jpeg,se_resnet,4,42,3.1426942,-0.68762547,-0.045711614,-0.43157145,25.72614107883817
NORMAL/NORMAL-2403175-1.jpeg,se_resnet,4,42,4.1702924,0.20035085,0.5235496,0.4689845,77.59336099585063
NORMAL/NORMAL-2416187-1.jpeg,se_resnet,4,42,5.1900125,-0.130906,-0.15528193,-0.574824,92.9460580912863
NORMAL/NORMAL-2421067-1.jpeg,se_resnet,4,42,2.2959456,-0.5718006,-0.760515,-0.35300627,2.0746887966804977
NORMAL/NORMAL-2424949-1.jpeg,se_resnet,4,42,2.769732,-0.2568155,-0.73851883,0.0049615316,10.78838174273859
NORMAL/NORMAL-2434258-1.jpeg,se_resnet,4,42,3.5283806,-0.45632234,-0.80912894,-0.257395,46.058091286307054
NORMAL/NORMAL-2436365-1.jpeg,se_resnet,4,42,2.818039,-0.49600863,-0.68870586,-0.43722782,12.033195020746888
NORMAL/NORMAL-2448954-1.jpeg,se_resnet,4,42,3.1827755,-0.39789364,-0.6722337,-0.52913487,27.385892116182575
NORMAL/NORMAL-2459401-1.jpeg,se_resnet,4,42,3.7570624,-0.27508572,-0.6290174,-0.48843998,59.33609958506224
NORMAL/NORMAL-2460548-1.jpeg,se_resnet,4,42,3.7965152,-0.41644454,-0.67968297,-0.5378349,62.24066390041494
NORMAL/NORMAL-2476896-1.jpeg,se_resnet,4,42,4.0401983,-0.29081866,-0.62311596,0.06846452,71.36929460580913
NORMAL/NORMAL-2493975-1.jpeg,se_resnet,4,42,4.5216675,-0.11878946,0.2589309,-0.468521,85.47717842323651
NORMAL/NORMAL-2504667-1.jpeg,se_resnet,4,42,4.347904,-0.4507532,-0.7847655,-0.329292,82.15767634854771
NORMAL/NORMAL-2509453-1.jpeg,se_resnet,4,42,3.779809,-0.38729244,-0.40504077,-0.6008315,61.41078838174274
NORMAL/NORMAL-2517546-1.jpeg,se_resnet,4,42,3.7431383,-0.15292227,-0.09110624,-0.5812011,58.50622406639005
NORMAL/NORMAL-2549549-1.jpeg,se_resnet,4,42,3.1375086,-0.699255,-0.051001854,-0.59810936,24.896265560165975
NORMAL/NORMAL-2551333-1.jpeg,se_resnet,4,42,5.551262,-0.39157176,-0.04735703,-0.6579388,97.5103734439834
NORMAL/NORMAL-2569106-1.jpeg,se_resnet,4,42,3.6740353,-0.35493585,-0.7890432,-0.2698728,55.18672199170125
NORMAL/NORMAL-2570020-1.jpeg,se_resnet,4,42,3.3830295,-0.36304796,-0.7396972,-0.44576037,36.51452282157676
NORMAL/NORMAL-2579419-1.jpeg,se_resnet,4,42,2.6596885,-0.025513392,-0.69968843,0.04718726,7.468879668049793
NORMAL/NORMAL-2598368-1.jpeg,se_resnet,4,42,3.5139308,-0.11725021,-0.58625895,0.13967028,44.81327800829876
NORMAL/NORMAL-2602596-1.jpeg,se_resnet,4,42,3.6492295,-0.376319,-0.12408827,-0.66513586,53.941908713692946
NORMAL/NORMAL-2627129-1.jpeg,se_resnet,4,42,4.3331122,-0.4264508,-0.42740488,-0.6138655,81.74273858921161
NORMAL/NORMAL-2633503-1.jpeg,se_resnet,4,42,5.2729983,0.16846101,0.49851453,-0.1834581,93.7759336099585
NORMAL/NORMAL-2636641-1.jpeg,se_resnet,4,42,3.044949,0.1140173,0.6263986,-0.23364308,21.991701244813278
NORMAL/NORMAL-2665491-1.jpeg,se_resnet,4,42,3.5408278,0.18659924,-0.3302359,0.6387408,47.30290456431535
NORMAL/NORMAL-269181-1.jpeg,se_resnet,4,42,4.145967,0.18721232,-0.3260634,0.5484854,77.17842323651453
NORMAL/NORMAL-2705520-1.jpeg,se_resnet,4,42,4.136599,-0.48551232,0.07250106,-0.1966784,76.76348547717843
NORMAL/NORMAL-2709055-1.jpeg,se_resnet,4,42,3.034457,-0.37499142,-0.7752203,-0.0027779043,21.16182572614108
NORMAL/NORMAL-2733663-1.jpeg,se_resnet,4,42,3.6711566,-0.4646324,-0.674916,-0.3511234,54.77178423236515
NORMAL/NORMAL-2739821-1.jpeg,se_resnet,4,42,3.4120533,-0.44660914,-0.7148665,-0.48102778,39.41908713692946
NORMAL/NORMAL-2769622-1.jpeg,se_resnet,4,42,3.443208,-0.63308275,-0.26300117,-0.5888504,41.90871369294606
NORMAL/NORMAL-2769622-2.jpeg,se_resnet,4,42,2.9083676,0.07273716,0.09286865,0.5115125,16.182572614107883
NORMAL/NORMAL-279206-1.jpeg,se_resnet,4,42,2.909642,-0.3327777,0.11422934,-0.5673395,16.59751037344398
NORMAL/NORMAL-283376-1.jpeg,se_resnet,4,42,3.4102674,-0.35405445,-0.7716373,-0.11453544,39.004149377593365
NORMAL/NORMAL-285896-1.jpeg,se_resnet,4,42,4.016533,-0.18925099,-0.0045445524,-0.52732575,70.12448132780082
NORMAL/NORMAL-2973935-1.jpeg,se_resnet,4,42,4.124078,-0.04834463,0.45156804,-0.30922115,75.93360995850622
NORMAL/NORMAL-3059523-1.jpeg,se_resnet,4,42,2.7666376,-0.25255632,-0.7892841,-0.13264495,10.37344398340249
NORMAL/NORMAL-307151-1.jpeg,se_resnet,4,42,3.527598,-0.16448255,-0.6354852,-0.34012073,45.22821576763486
NORMAL/NORMAL-307151-2.jpeg,se_resnet,4,42,3.6402614,-0.27737248,-0.29773328,0.15731229,53.11203319502075
NORMAL/NORMAL-3077276-1.jpeg,se_resnet,4,42,4.7186413,-0.44886148,-0.79198766,-0.288187,87.13692946058092
NORMAL/NORMAL-3100637-1.jpeg,se_resnet,4,42,2.173796,-0.46956638,-0.7483728,-0.0884382,1.2448132780082988
NORMAL/NORMAL-3103940-1.jpeg,se_resnet,4,42,2.8083854,-0.60360146,0.10492566,-0.52226806,11.618257261410788
NORMAL/NORMAL-3108564-1.jpeg,se_resnet,4,42,4.321994,-0.53912246,-0.74649537,-0.4497398,80.91286307053942
NORMAL/NORMAL-3134896-1.jpeg,se_resnet,4,42,2.8555014,-0.28316507,-0.16336043,0.19424646,13.278008298755188
NORMAL/NORMAL-3166591-1.jpeg,se_resnet,4,42,3.2884426,-0.3957356,-0.77884173,-0.16919264,31.535269709543567
NORMAL/NORMAL-3220509-1.jpeg,se_resnet,4,42,3.6237214,-0.5328709,-0.6758605,-0.2069709,51.867219917012456
NORMAL/NORMAL-3244919-1.jpeg,se_resnet,4,42,3.9677753,-0.24094538,-0.5936762,-0.494713,68.04979253112033
NORMAL/NORMAL-3256489-1.jpeg,se_resnet,4,42,4.2846107,-0.07605893,0.29763928,-0.4577858,80.08298755186722
NORMAL/NORMAL-3277704-1.jpeg,se_resnet,4,42,3.6337478,-0.56670123,-0.28610724,-0.21998899,52.69709543568465
NORMAL/NORMAL-3300015-1.jpeg,se_resnet,4,42,3.165302,-0.34814918,-0.6451084,0.071359634,26.556016597510375
NORMAL/NORMAL-3307598-1.jpeg,se_resnet,4,42,4.3509707,-0.23474981,-0.7137312,0.031509176,82.57261410788381
NORMAL/NORMAL-3307598-2.jpeg,se_resnet,4,42,5.3937306,-0.37898052,-0.77328986,-0.35533196,95.850622406639
NORMAL/NORMAL-3308307-1.jpeg,se_resnet,4,42,3.4169655,-0.23538065,-0.3078457,0.08536482,39.83402489626556
NORMAL/NORMAL-330905-1.jpeg,se_resnet,4,42,4.3597126,-0.24739854,-0.7285014,0.020352155,82.98755186721992
NORMAL/NORMAL-3320960-1.jpeg,se_resnet,4,42,3.1166856,0.006288506,-0.2577306,0.5293878,24.481327800829874
NORMAL/NORMAL-3326661-1.jpeg,se_resnet,4,42,2.6331847,-0.78420556,-0.5364997,-0.61664265,6.639004149377594
NORMAL/NORMAL-3330006-1.jpeg,se_resnet,4,42,3.1389568,-0.01350987,-0.30729118,0.4740384,25.311203319502074
NORMAL/NORMAL-3332063-1.jpeg,se_resnet,4,42,3.3241444,-0.55093545,-0.7535831,-0.22884521,33.60995850622407
NORMAL/NORMAL-33350-1.jpeg,se_resnet,4,42,3.5112975,0.50597894,0.28475362,0.31974417,44.398340248962654
NORMAL/NORMAL-33350-2.jpeg,se_resnet,4,42,3.545023,0.50484645,0.3078884,0.619136,48.13278008298755
NORMAL/NORMAL-33350-3.jpeg,se_resnet,4,42,5.2507153,0.23667777,0.5732869,-0.28264028,93.3609958506224
NORMAL/NORMAL-3340309-1.jpeg,se_resnet,4,42,3.2314014,0.12503758,0.21578738,-0.40330386,28.21576763485477
NORMAL/NORMAL-3346049-1.jpeg,se_resnet,4,42,3.423046,0.1576275,-0.040720873,-0.15801722,40.66390041493776
NORMAL/NORMAL-3347645-1.jpeg,se_resnet,4,42,2.8456037,-0.41267788,-0.65641886,-0.42593187,12.448132780082988
NORMAL/NORMAL-3354044-1.jpeg,se_resnet,4,42,4.4512014,-0.57033,-0.71294457,-0.54488915,83.81742738589212
NORMAL/NORMAL-3361560-1.jpeg,se_resnet,4,42,3.8050032,-0.32890213,-0.81466866,-0.18329522,63.07053941908713
NORMAL/NORMAL-3361750-1.jpeg,se_resnet,4,42,5.0521245,0.22383533,-0.43238515,-0.083897665,91.28630705394191
NORMAL/NORMAL-33637-1.jpeg,se_resnet,4,42,3.3310728,-0.2575475,0.07429208,-0.59196925,34.439834024896264
NORMAL/NORMAL-3373954-1.jpeg,se_resnet,4,42,3.6115868,-0.2508382,-0.77034605,-0.09434462,50.20746887966805
NORMAL/NORMAL-3380901-1.jpeg,se_resnet,4,42,3.7124062,-0.3226315,-0.661516,-0.42322415,57.26141078838174
NORMAL/NORMAL-338568-1.jpeg,se_resnet,4,42,2.8929307,-0.21286918,-0.72443265,-0.15647723,15.767634854771783
NORMAL/NORMAL-3390782-1.jpeg,se_resnet,4,42,3.0457659,-0.66680115,-0.6221071,-0.5324678,22.40663900414938
NORMAL/NORMAL-3398969-1.jpeg,se_resnet,4,42,3.8425882,-0.51767653,-0.8008196,-0.39218283,65.14522821576763
NORMAL/NORMAL-3399839-1.jpeg,se_resnet,4,42,2.9701953,-0.6597002,-0.6356733,-0.6593744,19.502074688796682
NORMAL/NORMAL-3416330-1.jpeg,se_resnet,4,42,4.0123134,-0.08424362,-0.24600896,-0.49170926,69.70954356846472
NORMAL/NORMAL-3431386-1.jpeg,se_resnet,4,42,3.3501475,-0.35555565,-0.035815928,-0.6698489,34.85477178423236
NORMAL/NORMAL-3451887-1.jpeg,se_resnet,4,42,4.769754,-0.26331228,-0.57380164,-0.5072855,88.38174273858921
NORMAL/NORMAL-3465750-1.jpeg,se_resnet,4,42,3.3507226,-0.16329412,-0.5888814,0.23152854,35.26970954356847
NORMAL/NORMAL-3466714-1.jpeg,se_resnet,4,42,2.8509438,0.15361226,-0.21491024,0.50343317,12.863070539419086
NORMAL/NORMAL-3475211-1.jpeg,se_resnet,4,42,5.1392584,-0.17017797,-0.20049316,-0.52781546,91.70124481327801
NORMAL/NORMAL-348347-1.jpeg,se_resnet,4,42,2.8763793,-0.06199381,-0.5179908,0.37882334,14.937759336099585
NORMAL/NORMAL-349021-1.jpeg,se_resnet,4,42,2.6649342,-0.52006704,-0.3653915,-0.72432077,7.883817427385892
NORMAL/NORMAL-351109-1.jpeg,se_resnet,4,42,5.5625286,-0.21118428,-0.7428005,-0.13277124,97.9253112033195
NORMAL/NORMAL-351109-2.jpeg,se_resnet,4,42,4.8043413,-0.14193541,-0.008097554,-0.5637796,89.21161825726142
NORMAL/NORMAL-3531215-1.jpeg,se_resnet,4,42,3.06889,-0.14543594,-0.045423724,-0.57528657,22.821576763485478
NORMAL/NORMAL-3538316-1.jpeg,se_resnet,4,42,2.4318674,-0.57962155,-0.8266678,-0.5091326,3.319502074688797
NORMAL/NORMAL-3561306-1.jpeg,se_resnet,4,42,3.318212,-0.38475698,-0.18729636,-0.59043634,32.780082987551864
NORMAL/NORMAL-3561306-2.jpeg,se_resnet,4,42,3.8572524,-0.4469203,-0.72373545,-0.30826956,65.56016597510373
NORMAL/NORMAL-366503-1.jpeg,se_resnet,4,42,2.9538374,-0.50518626,-0.76867825,-0.31301627,18.672199170124482
NORMAL/NORMAL-366503-2.jpeg,se_resnet,4,42,8.807627,0.6182964,0.24902432,0.9318104,100.0
NORMAL/NORMAL-36734-1.jpeg,se_resnet,4,42,4.0752425,-0.29156974,-0.29840285,-0.4619703,73.85892116182573
NORMAL/NORMAL-37818-1.jpeg,se_resnet,4,42,3.4221475,-0.41445932,-0.6015321,-0.48199606,40.24896265560166
NORMAL/NORMAL-395557-1.jpeg,se_resnet,4,42,3.8246958,-0.22410284,-0.6370346,-0.43448818,63.90041493775933
NORMAL/NORMAL-402066-1.jpeg,se_resnet,4,42,4.068196,0.047872737,-0.37747133,0.44997188,73.02904564315352
NORMAL/NORMAL-402066-2.jpeg,se_resnet,4,42,4.328952,-0.2464338,-0.6861963,0.09975588,81.32780082987551
NORMAL/NORMAL-402066-3.jpeg,se_resnet,4,42,4.003321,-0.23486958,-0.70219636,-0.30883515,69.29460580912863
NORMAL/NORMAL-402066-4.jpeg,se_resnet,4,42,3.6989872,-0.25387305,-0.6056311,0.07907992,56.016597510373444
NORMAL/NORMAL-402066-5.jpeg,se_resnet,4,42,3.393085,-0.36281484,-0.6482744,-0.5394076,37.75933609958506
NORMAL/NORMAL-438684-1.jpeg,se_resnet,4,42,4.6305585,-0.19721824,-0.7239486,-0.23910925,86.72199170124482
NORMAL/NORMAL-438684-2.jpeg,se_resnet,4,42,5.458908,-0.0647411,-0.56730306,-0.35499114,96.6804979253112
NORMAL/NORMAL-438684-3.jpeg,se_resnet,4,42,4.30903,-0.19634981,-0.41389555,-0.5809412,80.49792531120332
NORMAL/NORMAL-443980-1.jpeg,se_resnet,4,42,4.0297694,-0.26179206,-0.51756895,-0.4941963,70.95435684647303
NORMAL/NORMAL-446851-1.jpeg,se_resnet,4,42,5.616497,0.53018636,0.25238734,0.65251654,98.3402489626556
NORMAL/NORMAL-446851-2.jpeg,se_resnet,4,42,6.191583,0.6118537,0.6843482,0.63766694,99.5850622406639
NORMAL/NORMAL-447690-1.jpeg,se_resnet,4,42,4.8864694,-0.26285934,-0.3845651,-0.56482065,90.45643153526972
NORMAL/NORMAL-447690-2.jpeg,se_resnet,4,42,3.622973,-0.42404485,-0.44786337,-0.65713894,51.45228215767634
NORMAL/NORMAL-450532-1.jpeg,se_resnet,4,42,3.404824,-0.8079523,-0.4254059,-0.5828744,38.589211618257266
NORMAL/NORMAL-450923-1.jpeg,se_resnet,4,42,3.5281017,-0.20475942,-0.74127877,-0.052607067,45.643153526970956
NORMAL/NORMAL-450923-2.jpeg,se_resnet,4,42,3.571894,-0.31015754,-0.43235874,-0.5248559,49.37759336099585
NORMAL/NORMAL-460711-1.jpeg,se_resnet,4,42,4.43203,-0.2122439,-0.7068131,0.046399973,83.40248962655602
NORMAL/NORMAL-460844-1.jpeg,se_resnet,4,42,4.02419,-0.40400252,-0.6707555,-0.012606999,70.53941908713693
NORMAL/NORMAL-466978-1.jpeg,se_resnet,4,42,3.6164591,-0.04140181,-0.33121008,-0.421874,51.037344398340245
NORMAL/NORMAL-469935-1.jpeg,se_resnet,4,42,2.7334292,-0.5943695,-0.7259331,-0.4461175,9.12863070539419
NORMAL/NORMAL-4761187-1.jpeg,se_resnet,4,42,3.7119339,-0.5017358,-0.7926276,-0.29739374,56.84647302904564
NORMAL/NORMAL-4790999-1.jpeg,se_resnet,4,42,2.9145381,-0.33279645,-0.8059372,-0.19516361,17.012448132780083
NORMAL/NORMAL-48053-1.jpeg,se_resnet,4,42,4.063112,0.346354,0.6138203,0.46431944,72.19917012448133
NORMAL/NORMAL-4839633-1.jpeg,se_resnet,4,42,4.1347647,-0.086034924,-0.04844738,-0.31684548,76.34854771784232
NORMAL/NORMAL-486271-1.jpeg,se_resnet,4,42,3.53623,-0.27726784,-0.52644825,-0.5286998,46.88796680497925
NORMAL/NORMAL-508852-1.jpeg,se_resnet,4,42,4.191392,0.48681346,0.77453536,0.5409197,78.00829875518673
NORMAL/NORMAL-508852-2.jpeg,se_resnet,4,42,4.078401,-0.060614273,0.28427583,-0.50981057,74.68879668049793
NORMAL/NORMAL-519372-1.jpeg,se_resnet,4,42,3.9496543,-0.49314493,-0.6360822,-0.5639841,67.21991701244814
NORMAL/NORMAL-524640-1.jpeg,se_resnet,4,42,2.9342027,-0.26382634,-0.6479964,-0.21379396,17.42738589211618
NORMAL/NORMAL-544457-1.jpeg,se_resnet,4,42,4.224874,0.050468884,-0.21050343,0.4799429,79.25311203319502
NORMAL/NORMAL-544711-1.jpeg,se_resnet,4,42,2.8565178,-0.32457614,0.08625992,-0.59130275,13.692946058091287
NORMAL/NORMAL-547422-1.jpeg,se_resnet,4,42,3.4369268,-0.22163182,-0.27643564,-0.5844072,41.49377593360996
NORMAL/NORMAL-547422-2.jpeg,se_resnet,4,42,3.8309758,-0.08715501,-0.25361297,-0.49491253,64.31535269709543
NORMAL/NORMAL-549356-1.jpeg,se_resnet,4,42,3.1669002,-0.1002692,-0.27693903,-0.5333365,26.970954356846473
NORMAL/NORMAL-549356-2.jpeg,se_resnet,4,42,3.306392,-0.13217023,0.16759658,-0.49938443,31.950207468879665
NORMAL/NORMAL-549356-3.jpeg,se_resnet,4,42,3.1129234,-0.54365325,-0.46558762,-0.6612152,24.066390041493776
NORMAL/NORMAL-552739-1.jpeg,se_resnet,4,42,3.2747028,-0.24183647,-0.6628113,-0.26336896,30.70539419087137
NORMAL/NORMAL-557437-1.jpeg,se_resnet,4,42,3.6296446,-0.42972863,-0.80197537,-0.33163416,52.282157676348554
NORMAL/NORMAL-557437-2.jpeg,se_resnet,4,42,3.5454774,-0.02596187,-0.5792099,0.22847699,48.54771784232365
NORMAL/NORMAL-565818-1.jpeg,se_resnet,4,42,2.9576824,-0.34767878,-0.7088056,0.044610646,19.08713692946058
NORMAL/NORMAL-566040-1.jpeg,se_resnet,4,42,2.375787,-0.5119878,-0.7649423,-0.49019665,2.4896265560165975
NORMAL/NORMAL-568518-1.jpeg,se_resnet,4,42,4.5131664,0.06083654,0.40411693,0.40681866,85.06224066390041
NORMAL/NORMAL-568518-2.jpeg,se_resnet,4,42,4.6103196,0.1434224,0.24591705,0.47782046,85.89211618257261
NORMAL/NORMAL-571157-1.jpeg,se_resnet,4,42,3.081032,-0.70582354,-0.686715,-0.446131,23.236514522821576
NORMAL/NORMAL-571484-1.jpeg,se_resnet,4,42,3.5083318,-0.14784476,-0.011882262,-0.5652348,43.983402489626556
NORMAL/NORMAL-572972-1.jpeg,se_resnet,4,42,2.5721612,-0.30333418,-0.8023725,-0.21528089,5.809128630705394
NORMAL/NORMAL-574089-1.jpeg,se_resnet,4,42,3.3889015,-0.3465646,-0.21164536,-0.62748915,37.344398340248965
NORMAL/NORMAL-582215-1.jpeg,se_resnet,4,42,3.272784,-0.12794717,-0.05734884,0.35957986,30.29045643153527
NORMAL/NORMAL-588227-1.jpeg,se_resnet,4,42,3.7651098,-0.6818227,-0.43620634,-0.6539042,60.16597510373444
NORMAL/NORMAL-60471-1.jpeg,se_resnet,4,42,2.7391565,-0.3025167,-0.16347228,-0.66654325,9.54356846473029
NORMAL/NORMAL-605310-1.jpeg,se_resnet,4,42,3.2409985,-0.355304,-0.7886225,-0.21628761,29.045643153526974
NORMAL/NORMAL-626127-1.jpeg,se_resnet,4,42,3.0415745,-0.63795143,-0.67133087,-0.31139517,21.57676348547718
NORMAL/NORMAL-628048-1.jpeg,se_resnet,4,42,4.0929995,-0.29059246,-0.106767364,-0.61654586,75.51867219917013
NORMAL/NORMAL-629493-1.jpeg,se_resnet,4,42,3.6618469,-0.27344146,-0.58348095,-0.49388778,54.356846473029044
NORMAL/NORMAL-651257-1.jpeg,se_resnet,4,42,2.1096349,-0.3963661,-0.44499314,-0.65628815,0.8298755186721992
NORMAL/NORMAL-655117-1.jpeg,se_resnet,4,42,3.8025806,-0.57769424,-0.64909166,-0.20245552,62.655601659751035
NORMAL/NORMAL-655447-1.jpeg,se_resnet,4,42,3.692861,0.21037467,0.52268404,-0.022039652,55.601659751037346
NORMAL/NORMAL-664536-1.jpeg,se_resnet,4,42,3.1031723,-0.6423937,-0.21612144,-0.65185714,23.651452282157674
NORMAL/NORMAL-66515-1.jpeg,se_resnet,4,42,3.78411,-0.67786586,-0.72155905,-0.49265876,61.82572614107884
NORMAL/NORMAL-672619-1.jpeg,se_resnet,4,42,3.7705383,-0.37499252,-0.3582844,-0.59464383,60.58091286307054
NORMAL/NORMAL-692554-1.jpeg,se_resnet,4,42,2.8734424,-0.022225358,0.021359676,-0.40745902,14.522821576763487
NORMAL/NORMAL-693575-1.jpeg,se_resnet,4,42,2.70018,0.2448165,0.20017925,0.59143156,8.71369294605809
NORMAL/NORMAL-697826-1.jpeg,se_resnet,4,42,3.994106,0.2486713,0.35872144,0.59647214,68.87966804979253
NORMAL/NORMAL-744709-1.jpeg,se_resnet,4,42,5.332022,-0.29982203,-0.7944987,-0.23486216,94.6058091286307
NORMAL/NORMAL-755659-1.jpeg,se_resnet,4,42,3.017647,-0.15422744,-0.4680906,0.2995726,20.74688796680498
NORMAL/NORMAL-758272-1.jpeg,se_resnet,4,42,3.189307,-0.16787194,-0.7312794,0.04624127,27.800829875518673
NORMAL/NORMAL-76914-1.jpeg,se_resnet,4,42,3.2529633,-0.018469615,-0.50492626,0.28692204,29.460580912863072
NORMAL/NORMAL-772481-1.jpeg,se_resnet,4,42,3.7231705,-0.5031049,-0.629606,-0.62111306,58.09128630705395
NORMAL/NORMAL-84466-1.jpeg,se_resnet,4,42,2.6776175,-0.68136185,-0.66903794,-0.28255194,8.29875518672199
NORMAL/NORMAL-85367-1.jpeg,se_resnet,4,42,5.172572,-0.030840715,-0.6571733,0.12496971,92.5311203319502
NORMAL/NORMAL-9251-1.jpeg,se_resnet,4,42,2.4712532,-0.40838763,-0.7963186,-0.29697236,4.149377593360995
NORMAL/NORMAL-98720-1.jpeg,se_resnet,4,42,5.03469,-0.45407212,-0.78513694,-0.34520847,90.87136929460581
NORMAL/NORMAL-1017237-1.jpeg,se_resnet,5,84,4.409405,-0.20929116,-0.5975292,-0.35352248,92.9460580912863
NORMAL/NORMAL-101880-1.jpeg,se_resnet,5,84,3.3617315,-0.33728886,-0.6060593,-0.34190387,59.75103734439834
NORMAL/NORMAL-1025847-1.jpeg,se_resnet,5,84,3.8526545,0.020140044,0.33676377,-0.10713243,82.98755186721992
NORMAL/NORMAL-1038998-1.jpeg,se_resnet,5,84,3.198203,-0.3762524,-0.6655226,-0.44407696,52.282157676348554
NORMAL/NORMAL-1042462-1.jpeg,se_resnet,5,84,3.65465,0.30303308,0.43485186,0.70091546,75.93360995850622
NORMAL/NORMAL-1058176-1.jpeg,se_resnet,5,84,2.6570387,-0.4587678,-0.726975,-0.45062417,24.481327800829874
NORMAL/NORMAL-1063128-1.jpeg,se_resnet,5,84,3.7772467,-0.29190314,-0.6153463,-0.37196735,79.66804979253112
NORMAL/NORMAL-1073137-1.jpeg,se_resnet,5,84,3.1116734,-0.3920884,-0.61150086,-0.28749415,47.71784232365145
NORMAL/NORMAL-1081406-1.jpeg,se_resnet,5,84,4.2059426,0.3547257,0.4290481,0.71183705,88.79668049792531
NORMAL/NORMAL-112928-1.jpeg,se_resnet,5,84,3.0099454,-0.3521851,-0.49576443,-0.36898252,42.738589211618255
NORMAL/NORMAL-119840-1.jpeg,se_resnet,5,84,2.7179492,-0.1227642,0.37251133,0.04181339,27.800829875518673
NORMAL/NORMAL-12494-1.jpeg,se_resnet,5,84,2.7821686,-0.25545627,-0.45777762,-0.38140285,31.535269709543567
NORMAL/NORMAL-12494-2.jpeg,se_resnet,5,84,3.4964075,-0.1415391,0.07935001,-0.2765533,66.39004149377593
NORMAL/NORMAL-12494-3.jpeg,se_resnet,5,84,3.793946,-0.21348679,0.10769517,-0.08733064,80.91286307053942
NORMAL/NORMAL-12494-4.jpeg,se_resnet,5,84,3.369324,-0.46393883,-0.6936292,-0.4734416,60.99585062240664
NORMAL/NORMAL-12494-5.jpeg,se_resnet,5,84,3.3625937,0.022939613,0.15464221,0.049517512,60.16597510373444
NORMAL/NORMAL-133321-1.jpeg,se_resnet,5,84,3.5061846,0.43532032,0.18829852,-0.08510196,68.04979253112033
NORMAL/NORMAL-138971-1.jpeg,se_resnet,5,84,4.880527,-0.23029172,-0.5867151,-0.38279545,97.9253112033195
NORMAL/NORMAL-15208-1.jpeg,se_resnet,5,84,2.7129116,-0.26815265,-0.62795395,-0.31780964,27.385892116182575
NORMAL/NORMAL-15307-1.jpeg,se_resnet,5,84,2.6474764,-0.26178634,0.08355008,0.06438851,23.236514522821576
NORMAL/NORMAL-153950-1.jpeg,se_resnet,5,84,4.0762873,-0.30162066,-0.65147215,-0.39092338,85.89211618257261
NORMAL/NORMAL-1746717-1.jpeg,se_resnet,5,84,3.062489,-0.45415384,-0.71867824,-0.5565583,45.22821576763486
NORMAL/NORMAL-1759350-1.jpeg,se_resnet,5,84,2.7452521,-0.5569675,-0.5515251,-0.4428782,29.87551867219917
NORMAL/NORMAL-1781140-1.jpeg,se_resnet,5,84,1.8636357,-0.69266075,-0.79786384,-0.5425066,1.6597510373443984
NORMAL/NORMAL-1791409-1.jpeg,se_resnet,5,84,2.6548543,-0.20012648,0.2996301,0.06769171,23.651452282157674
NORMAL/NORMAL-1831654-1.jpeg,se_resnet,5,84,3.8551605,-0.10212049,-0.14524278,-0.37822133,83.40248962655602
NORMAL/NORMAL-1853526-1.jpeg,se_resnet,5,84,2.5080612,-0.7177936,-0.5226352,-0.4757084,19.08713692946058
NORMAL/NORMAL-1860310-1.jpeg,se_resnet,5,84,2.41276,-0.50016093,-0.72848195,-0.43970692,14.522821576763487
NORMAL/NORMAL-1897894-1.jpeg,se_resnet,5,84,4.6458483,-0.23700453,-0.30791587,-0.33278152,97.0954356846473
NORMAL/NORMAL-1907560-1.jpeg,se_resnet,5,84,3.209628,0.17146899,-0.12371907,0.65416926,53.11203319502075
NORMAL/NORMAL-1908313-1.jpeg,se_resnet,5,84,3.1350245,-0.42054468,-0.6647805,-0.38551188,48.54771784232365
NORMAL/NORMAL-1951042-1.jpeg,se_resnet,5,84,3.9357493,-0.40338615,-0.60800314,-0.40192497,84.23236514522821
NORMAL/NORMAL-1957379-1.jpeg,se_resnet,5,84,2.004866,-0.54940426,-0.73013896,-0.53776854,4.979253112033195
NORMAL/NORMAL-197082-1.jpeg,se_resnet,5,84,4.714202,0.13680354,0.021212878,0.7298039,97.5103734439834
NORMAL/NORMAL-1983894-1.jpeg,se_resnet,5,84,3.6772304,-0.33263832,-0.41768953,-0.35321373,77.59336099585063
NORMAL/NORMAL-1988065-1.jpeg,se_resnet,5,84,3.505583,-0.32227296,-0.65855217,-0.37467745,67.63485477178423
NORMAL/NORMAL-1989796-1.jpeg,se_resnet,5,84,2.8719034,-0.2916124,-0.5775422,-0.37070882,35.26970954356847
NORMAL/NORMAL-1998191-1.jpeg,se_resnet,5,84,3.3336208,-0.26021048,-0.6245513,-0.26774362,56.43153526970954
NORMAL/NORMAL-2010714-1.jpeg,se_resnet,5,84,3.349865,-0.54009545,-0.56718695,-0.44474325,58.09128630705395
NORMAL/NORMAL-2011412-1.jpeg,se_resnet,5,84,3.7956967,-0.19265679,-0.30451575,-0.33958143,81.74273858921161
NORMAL/NORMAL-2019006-1.jpeg,se_resnet,5,84,2.4535205,-0.24020374,0.33088142,-0.1007539,16.59751037344398
NORMAL/NORMAL-2019423-1.jpeg,se_resnet,5,84,4.1883097,0.0135718975,-0.5098535,0.15663439,87.96680497925311
NORMAL/NORMAL-2055634-1.jpeg,se_resnet,5,84,3.1616457,0.28029662,0.50008893,0.34697753,51.037344398340245
NORMAL/NORMAL-2059629-1.jpeg,se_resnet,5,84,2.5439515,-0.58926165,-0.6848581,-0.41116217,20.74688796680498
NORMAL/NORMAL-2075832-1.jpeg,se_resnet,5,84,4.069113,0.21803176,0.63958466,0.15308282,85.47717842323651
NORMAL/NORMAL-2082689-1.jpeg,se_resnet,5,84,2.3418787,-0.14270684,0.2917516,-0.12200348,12.448132780082988
NORMAL/NORMAL-2095710-1.jpeg,se_resnet,5,84,3.3555453,-0.41100132,-0.6746021,-0.40130028,59.33609958506224
NORMAL/NORMAL-2113822-1.jpeg,se_resnet,5,84,1.9457383,-0.45845383,-0.5465443,-0.6216767,2.4896265560165975
NORMAL/NORMAL-2120559-1.jpeg,se_resnet,5,84,1.984741,-0.29075313,-0.62759435,-0.4367602,3.7344398340248963
NORMAL/NORMAL-2120559-2.jpeg,se_resnet,5,84,2.8276622,-0.29547858,-0.6479837,-0.40113682,33.19502074688796
NORMAL/NORMAL-2120559-3.jpeg,se_resnet,5,84,4.409094,-0.11996633,-0.59321773,-0.39250693,92.5311203319502
NORMAL/NORMAL-2126186-1.jpeg,se_resnet,5,84,3.5032039,-0.46523428,-0.6448287,-0.39059803,66.80497925311202
NORMAL/NORMAL-2131138-1.jpeg,se_resnet,5,84,3.373023,-0.32602146,-0.5743679,-0.3894493,61.41078838174274
NORMAL/NORMAL-2158556-1.jpeg,se_resnet,5,84,2.1261775,-0.33234197,-0.61704147,-0.42519483,6.639004149377594
NORMAL/NORMAL-2167295-1.jpeg,se_resnet,5,84,2.731937,-0.60202765,-0.5065425,-0.6766934,29.045643153526974
NORMAL/NORMAL-2181272-1.jpeg,se_resnet,5,84,3.5398777,-0.30568117,-0.5876166,-0.3604496,70.95435684647303
NORMAL/NORMAL-2192790-1.jpeg,se_resnet,5,84,1.978122,-0.48676014,-0.6124061,-0.50665176,3.319502074688797
NORMAL/NORMAL-2197972-1.jpeg,se_resnet,5,84,2.280894,-0.47783202,-0.017899249,-0.28667915,11.20331950207469
NORMAL/NORMAL-2226488-1.jpeg,se_resnet,5,84,1.7198354,-0.23275614,0.36842096,-0.4334974,0.4149377593360996
NORMAL/NORMAL-2231056-1.jpeg,se_resnet,5,84,2.8989048,-0.47813916,-0.7080308,-0.4637094,37.344398340248965
NORMAL/NORMAL-223814-1.jpeg,se_resnet,5,84,2.3501356,-0.61988705,-0.34043,-0.46963608,12.863070539419086
NORMAL/NORMAL-2244950-1.jpeg,se_resnet,5,84,2.881452,-0.37180114,-0.62505573,-0.33900315,35.684647302904565
NORMAL/NORMAL-2287992-1.jpeg,se_resnet,5,84,3.5243456,-0.39001197,-0.6476241,-0.36125693,70.12448132780082
NORMAL/NORMAL-2305502-1.jpeg,se_resnet,5,84,1.9682899,-0.68884003,-0.5784335,-0.3610236,2.904564315352697
NORMAL/NORMAL-2312921-1.jpeg,se_resnet,5,84,2.9196799,0.31024712,0.6142882,0.45587167,40.24896265560166
NORMAL/NORMAL-2316423-1.jpeg,se_resnet,5,84,4.275476,-0.33792835,-0.61916447,-0.3454211,90.87136929460581
NORMAL/NORMAL-2335256-1.jpeg,se_resnet,5,84,4.0638995,-0.3254639,-0.66333973,-0.32209247,85.06224066390041
NORMAL/NORMAL-2342517-1.jpeg,se_resnet,5,84,2.2383199,-0.3084224,-0.67170525,-0.3002782,9.54356846473029
NORMAL/NORMAL-2350851-1.jpeg,se_resnet,5,84,2.6560383,-0.35848546,-0.629503,-0.40958366,24.066390041493776
NORMAL/NORMAL-2351012-1.jpeg,se_resnet,5,84,3.3996377,-0.033746403,0.40740645,0.0970594,62.655601659751035
NORMAL/NORMAL-2362579-1.jpeg,se_resnet,5,84,4.303762,-0.29011562,-0.60498905,-0.32311758,91.28630705394191
NORMAL/NORMAL-2366700-1.jpeg,se_resnet,5,84,3.342366,-0.41653463,-0.48383117,-0.3970011,57.26141078838174
NORMAL/NORMAL-2373878-1.jpeg,se_resnet,5,84,2.4429655,-0.44078845,-0.647583,-0.44657606,16.182572614107883
NORMAL/NORMAL-2377429-1.jpeg,se_resnet,5,84,2.8914807,-0.36980662,0.096687466,-0.072739884,36.09958506224066
NORMAL/NORMAL-2392366-1.jpeg,se_resnet,5,84,4.4439526,-0.4212704,-0.6035476,-0.3387317,93.7759336099585
NORMAL/NORMAL-2397754-1.jpeg,se_resnet,5,84,2.021624,-0.5137911,-0.6784539,-0.5541579,5.394190871369295
NORMAL/NORMAL-2403175-1.jpeg,se_resnet,5,84,3.021492,-0.6507697,-0.4052872,-0.5025103,43.15352697095436
NORMAL/NORMAL-2416187-1.jpeg,se_resnet,5,84,2.9925005,-0.50711584,-0.71955913,-0.5190588,42.32365145228216
NORMAL/NORMAL-2421067-1.jpeg,se_resnet,5,84,3.6436481,-0.14947009,0.060091287,-0.3354808,75.51867219917013
NORMAL/NORMAL-2424949-1.jpeg,se_resnet,5,84,4.4364977,-0.31276193,-0.6798501,-0.39175928,93.3609958506224
NORMAL/NORMAL-2434258-1.jpeg,se_resnet,5,84,3.3892717,-0.641876,-0.23399618,-0.45932502,62.24066390041494
NORMAL/NORMAL-2436365-1.jpeg,se_resnet,5,84,4.389905,-0.29100102,-0.5061256,-0.34802133,92.11618257261411
NORMAL/NORMAL-2448954-1.jpeg,se_resnet,5,84,3.055454,-0.22955474,-0.65841967,-0.42531252,44.81327800829876
NORMAL/NORMAL-2459401-1.jpeg,se_resnet,5,84,3.4263117,-0.30395275,-0.6248814,-0.35512733,63.90041493775933
NORMAL/NORMAL-2460548-1.jpeg,se_resnet,5,84,2.3810964,-0.46085927,-0.65265125,-0.5035397,13.692946058091287
NORMAL/NORMAL-2476896-1.jpeg,se_resnet,5,84,4.189614,0.07387174,-0.3728006,-0.42149255,88.38174273858921
NORMAL/NORMAL-2493975-1.jpeg,se_resnet,5,84,2.6872337,-0.1466543,0.32510263,-0.015982486,25.311203319502074
NORMAL/NORMAL-2504667-1.jpeg,se_resnet,5,84,3.262446,-0.3275917,-0.61690354,-0.38986647,54.77178423236515
NORMAL/NORMAL-2509453-1.jpeg,se_resnet,5,84,2.9710138,-0.27256286,0.16704166,-0.08435415,41.49377593360996
NORMAL/NORMAL-2517546-1.jpeg,se_resnet,5,84,3.5668364,-0.66480064,-0.6687621,-0.6746806,72.61410788381743
NORMAL/NORMAL-2549549-1.jpeg,se_resnet,5,84,2.9168,-0.46655846,-0.60697657,-0.520885,39.83402489626556
NORMAL/NORMAL-2551333-1.jpeg,se_resnet,5,84,2.2748091,-0.3544898,-0.6442442,-0.4158032,10.37344398340249
NORMAL/NORMAL-2569106-1.jpeg,se_resnet,5,84,4.500644,-0.3148119,-0.6330043,-0.3055724,94.6058091286307
NORMAL/NORMAL-2570020-1.jpeg,se_resnet,5,84,3.232093,-0.36336675,-0.63199914,-0.3577479,53.941908713692946
NORMAL/NORMAL-2579419-1.jpeg,se_resnet,5,84,2.4266372,-0.24435982,-0.641054,-0.372644,15.767634854771783
NORMAL/NORMAL-2598368-1.jpeg,se_resnet,5,84,4.4600673,0.17381829,0.31964695,0.61818635,94.1908713692946
NORMAL/NORMAL-2602596-1.jpeg,se_resnet,5,84,3.0410478,-0.17860822,0.30456287,-0.087696865,43.983402489626556
NORMAL/NORMAL-2627129-1.jpeg,se_resnet,5,84,2.4826512,-0.45548776,-0.6796113,-0.43067047,17.42738589211618
NORMAL/NORMAL-2633503-1.jpeg,se_resnet,5,84,2.7190318,0.14222477,0.122759655,-0.43407387,28.21576763485477
NORMAL/NORMAL-2636641-1.jpeg,se_resnet,5,84,3.207292,0.04533143,0.49130222,0.1175861,52.69709543568465
NORMAL/NORMAL-2665491-1.jpeg,se_resnet,5,84,2.2775364,-0.3498282,-0.6811072,-0.37225723,10.78838174273859
NORMAL/NORMAL-269181-1.jpeg,se_resnet,5,84,2.677394,-0.2832652,-0.34189856,-0.6749786,24.896265560165975
NORMAL/NORMAL-2705520-1.jpeg,se_resnet,5,84,3.685349,-0.22743945,0.17012879,-0.1557616,78.00829875518673
NORMAL/NORMAL-2709055-1.jpeg,se_resnet,5,84,4.5981927,-0.2530503,-0.59135586,-0.36026096,95.850622406639
NORMAL/NORMAL-2733663-1.jpeg,se_resnet,5,84,3.4818642,0.13456921,0.6161714,0.15952197,65.97510373443983
NORMAL/NORMAL-2739821-1.jpeg,se_resnet,5,84,2.698928,-0.21530446,-0.40397054,-0.6294099,26.141078838174277
NORMAL/NORMAL-2769622-1.jpeg,se_resnet,5,84,2.526432,-0.33795622,-0.6713252,-0.42371905,19.91701244813278
NORMAL/NORMAL-2769622-2.jpeg,se_resnet,5,84,3.4075096,-0.5999533,-0.37269622,-0.22899774,63.07053941908713
NORMAL/NORMAL-279206-1.jpeg,se_resnet,5,84,2.9159384,-0.48943362,-0.6448775,-0.43992248,39.41908713692946
NORMAL/NORMAL-283376-1.jpeg,se_resnet,5,84,3.8111835,-0.38022545,-0.5521507,-0.32913554,82.15767634854771
NORMAL/NORMAL-285896-1.jpeg,se_resnet,5,84,2.4619632,-0.581529,-0.6296183,-0.5850784,17.012448132780083
NORMAL/NORMAL-2973935-1.jpeg,se_resnet,5,84,2.7680178,-0.24519286,0.16779855,-0.054606535,30.70539419087137
NORMAL/NORMAL-3059523-1.jpeg,se_resnet,5,84,2.9727361,-0.36852014,-0.60398257,-0.38050807,41.90871369294606
NORMAL/NORMAL-307151-1.jpeg,se_resnet,5,84,4.576696,-0.2732112,-0.61180556,-0.33062178,95.4356846473029
NORMAL/NORMAL-307151-2.jpeg,se_resnet,5,84,3.6059308,0.138979,0.60352695,0.23076065,74.68879668049793
NORMAL/NORMAL-3077276-1.jpeg,se_resnet,5,84,3.3781824,-0.43411702,-0.62410367,-0.368823,61.82572614107884
NORMAL/NORMAL-3100637-1.jpeg,se_resnet,5,84,2.4899578,0.10268297,0.49159223,0.17393307,17.842323651452283
NORMAL/NORMAL-3103940-1.jpeg,se_resnet,5,84,3.3507822,-0.47462803,-0.25384367,-0.6678761,58.50622406639005
NORMAL/NORMAL-3108564-1.jpeg,se_resnet,5,84,3.5049303,-0.42106336,-0.64931065,-0.43320927,67.21991701244814
NORMAL/NORMAL-3134896-1.jpeg,se_resnet,5,84,3.1706498,-0.029781641,0.22135824,0.21791282,51.45228215767634
NORMAL/NORMAL-3166591-1.jpeg,se_resnet,5,84,2.8200674,-0.27275366,-0.56195503,-0.35564107,32.780082987551864
NORMAL/NORMAL-3220509-1.jpeg,se_resnet,5,84,4.2207623,-0.38150662,-0.60056734,-0.36569285,89.21161825726142
NORMAL/NORMAL-3244919-1.jpeg,se_resnet,5,84,3.5561907,-0.31915513,-0.61776733,-0.38104296,71.78423236514523
NORMAL/NORMAL-3256489-1.jpeg,se_resnet,5,84,3.1360807,0.0021896083,0.51762617,0.0667467,48.96265560165975
NORMAL/NORMAL-3277704-1.jpeg,se_resnet,5,84,3.5187144,-0.62573564,-0.6651846,-0.45489156,69.29460580912863
NORMAL/NORMAL-3300015-1.jpeg,se_resnet,5,84,2.7548463,-0.35747153,-0.6543766,-0.3907836,30.29045643153527
NORMAL/NORMAL-3307598-1.jpeg,se_resnet,5,84,2.694487,-0.35683745,-0.60629785,-0.42732066,25.72614107883817
NORMAL/NORMAL-3307598-2.jpeg,se_resnet,5,84,3.5864289,-0.41183162,-0.6890503,-0.41810283,73.44398340248964
NORMAL/NORMAL-3308307-1.jpeg,se_resnet,5,84,3.4714122,-0.46526977,-0.62636745,-0.4283546,65.56016597510373
NORMAL/NORMAL-330905-1.jpeg,se_resnet,5,84,3.0304315,-0.39639354,-0.6501351,-0.39756015,43.56846473029046
NORMAL/NORMAL-3320960-1.jpeg,se_resnet,5,84,3.6264038,-0.2883202,-0.61419004,-0.3184825,75.10373443983403
NORMAL/NORMAL-3326661-1.jpeg,se_resnet,5,84,3.3540132,-0.35387874,-0.16299742,-0.20588648,58.921161825726145
NORMAL/NORMAL-3330006-1.jpeg,se_resnet,5,84,4.153355,-0.36279434,-0.59122777,0.032037266,87.13692946058092
NORMAL/NORMAL-3332063-1.jpeg,se_resnet,5,84,3.964996,-0.41662392,-0.27528167,-0.21332729,84.64730290456431
NORMAL/NORMAL-33350-1.jpeg,se_resnet,5,84,2.7427113,-0.5382391,0.019472452,-0.44080338,29.460580912863072
NORMAL/NORMAL-33350-2.jpeg,se_resnet,5,84,3.5867238,0.22045133,0.43283603,0.6164573,73.85892116182573
NORMAL/NORMAL-33350-3.jpeg,se_resnet,5,84,7.423018,0.7041006,0.65427244,0.3644644,100.0
NORMAL/NORMAL-3340309-1.jpeg,se_resnet,5,84,3.6971602,-0.10581855,-0.5264817,-0.29265022,78.42323651452283
NORMAL/NORMAL-3346049-1.jpeg,se_resnet,5,84,3.4366052,-0.052822523,0.12192075,-0.15909685,64.31535269709543
NORMAL/NORMAL-3347645-1.jpeg,se_resnet,5,84,2.5914245,-0.36477268,-0.50804394,-0.3598953,21.16182572614108
NORMAL/NORMAL-3354044-1.jpeg,se_resnet,5,84,3.3219626,-0.28378907,-0.54602623,0.042111725,56.016597510373444
NORMAL/NORMAL-3361560-1.jpeg,se_resnet,5,84,3.1524167,-0.26781735,-0.6010767,-0.48726696,50.20746887966805
NORMAL/NORMAL-3361750-1.jpeg,se_resnet,5,84,2.2563705,-0.5589912,-0.29891765,-0.79524755,9.95850622406639
NORMAL/NORMAL-33637-1.jpeg,se_resnet,5,84,2.591498,-0.43364406,-0.6287112,-0.4416914,21.57676348547718
NORMAL/NORMAL-3373954-1.jpeg,se_resnet,5,84,3.9126852,0.19726768,0.38406786,0.33993524,83.81742738589212
NORMAL/NORMAL-3380901-1.jpeg,se_resnet,5,84,3.5412958,-0.23536229,-0.58652794,-0.3765574,71.36929460580913
NORMAL/NORMAL-338568-1.jpeg,se_resnet,5,84,2.1363854,-0.59313375,-0.17098409,-0.36539724,7.053941908713693
NORMAL/NORMAL-3390782-1.jpeg,se_resnet,5,84,2.858912,-0.23251389,0.20674771,-0.060895763,34.85477178423236
NORMAL/NORMAL-3398969-1.jpeg,se_resnet,5,84,5.130278,-0.095237225,-0.5433594,-0.12667802,99.1701244813278
NORMAL/NORMAL-3399839-1.jpeg,se_resnet,5,84,2.193655,-0.12968187,0.285923,0.08704369,8.71369294605809
NORMAL/NORMAL-3416330-1.jpeg,se_resnet,5,84,2.1117027,-0.7495256,-0.7846871,-0.6901958,6.224066390041494
NORMAL/NORMAL-3431386-1.jpeg,se_resnet,5,84,2.7014158,-0.5522684,-0.49997723,-0.54834604,26.556016597510375
NORMAL/NORMAL-3451887-1.jpeg,se_resnet,5,84,2.7769148,-0.33957154,-0.6384181,-0.398471,31.12033195020747
NORMAL/NORMAL-3465750-1.jpeg,se_resnet,5,84,2.7903278,-0.37016383,-0.43343824,-0.4435072,31.950207468879665
NORMAL/NORMAL-3466714-1.jpeg,se_resnet,5,84,3.739958,-0.33871317,-0.5502341,-0.40610433,79.25311203319502
NORMAL/NORMAL-3475211-1.jpeg,se_resnet,5,84,2.9148784,-0.20255151,0.009333609,-0.47797298,39.004149377593365
NORMAL/NORMAL-348347-1.jpeg,se_resnet,5,84,3.1386101,-0.4253227,-0.67862725,-0.40908957,49.37759336099585
NORMAL/NORMAL-349021-1.jpeg,se_resnet,5,84,3.1462371,-0.38054204,-0.6434963,-0.37855133,49.79253112033195
NORMAL/NORMAL-351109-1.jpeg,se_resnet,5,84,2.5973787,-0.2811943,-0.6315137,-0.30332887,22.40663900414938
NORMAL/NORMAL-351109-2.jpeg,se_resnet,5,84,3.4563303,-0.3875826,-0.65359735,-0.4229461,65.14522821576763
NORMAL/NORMAL-3531215-1.jpeg,se_resnet,5,84,3.4155183,-0.34114283,-0.58503,-0.3812629,63.48547717842323
NORMAL/NORMAL-3538316-1.jpeg,se_resnet,5,84,3.1610959,-0.36339468,-0.6523852,-0.37119415,50.62240663900415
NORMAL/NORMAL-3561306-1.jpeg,se_resnet,5,84,3.175394,-0.2718125,-0.57549596,-0.42122078,51.867219917012456
NORMAL/NORMAL-3561306-2.jpeg,se_resnet,5,84,3.6767879,-0.3383931,-0.65301913,-0.4038598,77.17842323651453
NORMAL/NORMAL-366503-1.jpeg,se_resnet,5,84,3.0531788,-0.6833425,-0.7113402,-0.59526336,44.398340248962654
NORMAL/NORMAL-366503-2.jpeg,se_resnet,5,84,5.109205,0.31669316,0.055682406,0.8117932,98.7551867219917
NORMAL/NORMAL-36734-1.jpeg,se_resnet,5,84,1.8054787,-0.077864766,0.27272362,-0.122649856,1.2448132780082988
NORMAL/NORMAL-37818-1.jpeg,se_resnet,5,84,3.3626997,-0.34659773,-0.63396376,-0.34171015,60.58091286307054
NORMAL/NORMAL-395557-1.jpeg,se_resnet,5,84,2.426128,-0.21913427,-0.53798854,-0.37428808,15.352697095435685
NORMAL/NORMAL-402066-1.jpeg,se_resnet,5,84,2.3808513,-0.37570786,-0.6688384,-0.4448945,13.278008298755188
NORMAL/NORMAL-402066-2.jpeg,se_resnet,5,84,4.6004233,-0.6456038,-0.32906994,-0.24616982,96.2655601659751
NORMAL/NORMAL-402066-3.jpeg,se_resnet,5,84,2.003049,-0.2782216,-0.60815704,-0.35707772,4.564315352697095
NORMAL/NORMAL-402066-4.jpeg,se_resnet,5,84,2.1902146,-0.08921833,0.2733257,-0.49103484,8.29875518672199
NORMAL/NORMAL-402066-5.jpeg,se_resnet,5,84,2.7302127,-0.40986824,0.04639329,-0.109572105,28.63070539419087
NORMAL/NORMAL-438684-1.jpeg,se_resnet,5,84,2.8964279,-0.32975066,-0.6003285,-0.39398965,36.92946058091287
NORMAL/NORMAL-438684-2.jpeg,se_resnet,5,84,3.5188518,-0.169002,-0.38270605,-0.36158645,69.70954356846472
NORMAL/NORMAL-438684-3.jpeg,se_resnet,5,84,3.7195606,-0.2911917,-0.5878004,-0.3508783,78.83817427385893
NORMAL/NORMAL-443980-1.jpeg,se_resnet,5,84,2.3092127,-0.38312748,-0.63022125,-0.47301865,11.618257261410788
NORMAL/NORMAL-446851-1.jpeg,se_resnet,5,84,3.5158103,0.3885453,0.5164887,0.4354666,68.87966804979253
NORMAL/NORMAL-446851-2.jpeg,se_resnet,5,84,6.208899,0.605414,0.80656654,0.61606616,99.5850622406639
NORMAL/NORMAL-447690-1.jpeg,se_resnet,5,84,4.2316175,-0.05489634,0.14215025,-0.30058128,90.04149377593362
NORMAL/NORMAL-447690-2.jpeg,se_resnet,5,84,2.4214997,-0.27390066,-0.57811224,-0.5042089,14.937759336099585
NORMAL/NORMAL-450532-1.jpeg,se_resnet,5,84,3.0982351,-0.2599779,-0.53812045,-0.4535862,46.88796680497925
NORMAL/NORMAL-450923-1.jpeg,se_resnet,5,84,3.2699392,-0.08128934,0.28899127,0.2395542,55.18672199170125
NORMAL/NORMAL-450923-2.jpeg,se_resnet,5,84,3.2221317,-0.49028116,-0.21095699,-0.29382342,53.52697095435685
NORMAL/NORMAL-460711-1.jpeg,se_resnet,5,84,3.5098362,-0.34282202,-0.6327515,-0.31967854,68.46473029045643
NORMAL/NORMAL-460844-1.jpeg,se_resnet,5,84,2.839136,-0.50574267,-0.25877756,-0.36486143,33.60995850622407
NORMAL/NORMAL-466978-1.jpeg,se_resnet,5,84,4.0807667,-0.11869479,-0.35436997,-0.30106547,86.30705394190872
NORMAL/NORMAL-469935-1.jpeg,se_resnet,5,84,2.8136687,-0.6463518,-0.5317442,-0.1362551,32.365145228215766
NORMAL/NORMAL-4761187-1.jpeg,se_resnet,5,84,4.572157,-0.34576434,-0.65805066,-0.1479871,95.0207468879668
NORMAL/NORMAL-4790999-1.jpeg,se_resnet,5,84,4.263199,-0.24853082,-0.44673255,-0.4256667,90.45643153526972
NORMAL/NORMAL-48053-1.jpeg,se_resnet,5,84,2.8959327,-0.2568922,0.32019365,-0.18781935,36.51452282157676
NORMAL/NORMAL-4839633-1.jpeg,se_resnet,5,84,3.794314,-0.294676,-0.5010911,-0.41681173,81.32780082987551
NORMAL/NORMAL-486271-1.jpeg,se_resnet,5,84,3.288593,-0.24472907,0.12249389,-0.39102125,55.601659751037346
NORMAL/NORMAL-508852-1.jpeg,se_resnet,5,84,3.3433278,0.08322188,0.033627495,-0.3061638,57.676348547717836
NORMAL/NORMAL-508852-2.jpeg,se_resnet,5,84,3.6031208,0.13758318,0.54062116,0.1377851,74.27385892116183
NORMAL/NORMAL-519372-1.jpeg,se_resnet,5,84,1.9325546,-0.39494556,-0.021596983,-0.33893636,2.0746887966804977
NORMAL/NORMAL-524640-1.jpeg,se_resnet,5,84,3.7824566,-0.2515669,-0.5362034,-0.40746307,80.08298755186722
NORMAL/NORMAL-544457-1.jpeg,se_resnet,5,84,3.6630762,-0.45638233,-0.6590582,-0.45300123,76.34854771784232
NORMAL/NORMAL-544711-1.jpeg,se_resnet,5,84,2.9083562,-0.0739231,0.42301375,0.05783483,38.17427385892116
NORMAL/NORMAL-547422-1.jpeg,se_resnet,5,84,3.5666401,-0.29527524,-0.6232938,-0.35704958,72.19917012448133
NORMAL/NORMAL-547422-2.jpeg,se_resnet,5,84,3.5373328,-0.07276216,-0.10109052,-0.26049733,70.53941908713693
NORMAL/NORMAL-549356-1.jpeg,se_resnet,5,84,1.727511,-0.6625533,-0.54873836,-0.8321299,0.8298755186721992
NORMAL/NORMAL-549356-2.jpeg,se_resnet,5,84,2.1628094,-0.13493457,0.3069365,-0.020959184,7.468879668049793
NORMAL/NORMAL-549356-3.jpeg,se_resnet,5,84,3.568573,-0.41569012,0.01540805,-0.21936317,73.02904564315352
NORMAL/NORMAL-552739-1.jpeg,se_resnet,5,84,3.1063206,-0.35768348,-0.67373085,-0.39910978,47.30290456431535
NORMAL/NORMAL-557437-1.jpeg,se_resnet,5,84,3.089534,-0.7180511,-0.6811861,-0.61725366,46.47302904564315
NORMAL/NORMAL-557437-2.jpeg,se_resnet,5,84,3.1279614,-0.34914935,-0.6937288,-0.38156885,48.13278008298755
NORMAL/NORMAL-565818-1.jpeg,se_resnet,5,84,2.7017,-0.43431336,-0.6609361,-0.4613656,26.970954356846473
NORMAL/NORMAL-566040-1.jpeg,se_resnet,5,84,2.2016275,-0.5545065,-0.6722356,-0.51069975,9.12863070539419
NORMAL/NORMAL-568518-1.jpeg,se_resnet,5,84,4.6198006,0.15469424,-0.100069866,0.019598894,96.6804979253112
NORMAL/NORMAL-568518-2.jpeg,se_resnet,5,84,4.185467,0.32938486,0.45506293,0.1001431,87.55186721991701
NORMAL/NORMAL-571157-1.jpeg,se_resnet,5,84,3.074052,-0.33604777,0.08054544,-0.35199812,45.643153526970956
NORMAL/NORMAL-571484-1.jpeg,se_resnet,5,84,2.5013254,-0.28066045,-0.4949972,-0.38056773,18.672199170124482
NORMAL/NORMAL-572972-1.jpeg,se_resnet,5,84,2.1716065,-0.44071218,-0.63940334,-0.46828794,7.883817427385892
NORMAL/NORMAL-574089-1.jpeg,se_resnet,5,84,2.317243,-0.7547873,-0.45411044,-0.6859958,12.033195020746888
NORMAL/NORMAL-582215-1.jpeg,se_resnet,5,84,2.8566842,-0.4606762,-0.21612713,-0.32389086,34.024896265560166
NORMAL/NORMAL-588227-1.jpeg,se_resnet,5,84,2.0023658,-0.7950578,-0.7861583,-0.62014073,4.149377593360995
NORMAL/NORMAL-60471-1.jpeg,se_resnet,5,84,2.9074712,-0.45725143,-0.5635456,-0.46548006,37.75933609958506
NORMAL/NORMAL-605310-1.jpeg,se_resnet,5,84,2.5327349,-0.49925685,-0.6324989,-0.1414803,20.33195020746888
NORMAL/NORMAL-626127-1.jpeg,se_resnet,5,84,3.0764992,-0.5328771,-0.69446063,-0.48743337,46.058091286307054
NORMAL/NORMAL-628048-1.jpeg,se_resnet,5,84,3.4553602,-0.3438044,-0.6206881,-0.37797767,64.73029045643153
NORMAL/NORMAL-629493-1.jpeg,se_resnet,5,84,4.2227345,-0.27777728,-0.5699787,-0.3476483,89.62655601659752
NORMAL/NORMAL-651257-1.jpeg,se_resnet,5,84,2.9096856,0.30115002,0.3587016,-0.25982037,38.589211618257266
NORMAL/NORMAL-655117-1.jpeg,se_resnet,5,84,2.514932,-0.46715716,-0.60421646,-0.46395743,19.502074688796682
NORMAL/NORMAL-655447-1.jpeg,se_resnet,5,84,2.5947006,-0.25699508,-0.2743747,-0.41473025,21.991701244813278
NORMAL/NORMAL-664536-1.jpeg,se_resnet,5,84,4.0816345,-0.29113287,-0.060572416,-0.15928267,86.72199170124482
NORMAL/NORMAL-66515-1.jpeg,se_resnet,5,84,2.0735323,-0.73453736,-0.57681036,-0.6542492,5.809128630705394
NORMAL/NORMAL-672619-1.jpeg,se_resnet,5,84,3.3340878,-0.44702637,-0.6718342,-0.42882848,56.84647302904564
NORMAL/NORMAL-692554-1.jpeg,se_resnet,5,84,2.390401,-0.59591424,-0.6814193,-0.53200966,14.107883817427386
NORMAL/NORMAL-693575-1.jpeg,se_resnet,5,84,2.858839,0.080487184,0.5488249,0.11831567,34.439834024896264
NORMAL/NORMAL-697826-1.jpeg,se_resnet,5,84,3.6764774,0.43375212,0.6072514,0.7026232,76.76348547717843
NORMAL/NORMAL-744709-1.jpeg,se_resnet,5,84,4.9801574,0.21659625,0.14753768,-0.10165605,98.3402489626556
NORMAL/NORMAL-755659-1.jpeg,se_resnet,5,84,3.249258,-0.41799575,-0.6480992,-0.4239384,54.356846473029044
NORMAL/NORMAL-758272-1.jpeg,se_resnet,5,84,2.5009534,-0.36068684,-0.6753119,-0.4200752,18.25726141078838
NORMAL/NORMAL-76914-1.jpeg,se_resnet,5,84,2.963279,-0.41173327,-0.6469078,-0.45764756,41.078838174273855
NORMAL/NORMAL-772481-1.jpeg,se_resnet,5,84,3.8117452,-0.36325294,-0.6365956,-0.3619511,82.57261410788381
NORMAL/NORMAL-84466-1.jpeg,se_resnet,5,84,3.7842855,-0.3258531,-0.16592264,-0.3813532,80.49792531120332
NORMAL/NORMAL-85367-1.jpeg,se_resnet,5,84,4.384383,-0.09466569,-0.5163074,-0.0028359406,91.70124481327801
NORMAL/NORMAL-9251-1.jpeg,se_resnet,5,84,2.9362996,-0.13123454,0.4819052,-0.19349642,40.66390041493776
NORMAL/NORMAL-98720-1.jpeg,se_resnet,5,84,2.6427674,-0.34444523,-0.61286724,-0.38874975,22.821576763485478
NORMAL/NORMAL-1017237-1.jpeg,se_resnet,6,126,4.696475,-0.21663104,-0.5167853,-0.5642435,92.9460580912863
NORMAL/NORMAL-101880-1.jpeg,se_resnet,6,126,3.4763854,-0.6138451,-0.5784991,-0.67995846,60.16597510373444
NORMAL/NORMAL-1025847-1.jpeg,se_resnet,6,126,3.5767946,-0.86562455,-0.5879761,-0.65262175,65.14522821576763
NORMAL/NORMAL-1038998-1.jpeg,se_resnet,6,126,1.939055,0.22794533,-0.28419954,0.4695387,0.8298755186721992
NORMAL/NORMAL-1042462-1.jpeg,se_resnet,6,126,3.829602,0.5826837,0.43162158,0.7097521,75.93360995850622
NORMAL/NORMAL-1058176-1.jpeg,se_resnet,6,126,2.738153,0.39412397,-0.015236709,0.792621,21.57676348547718
NORMAL/NORMAL-1063128-1.jpeg,se_resnet,6,126,5.361939,-0.39239776,-0.76665246,-0.31373435,96.6804979253112
NORMAL/NORMAL-1073137-1.jpeg,se_resnet,6,126,3.5050294,-0.4160701,-0.7301575,-0.08787273,60.58091286307054
NORMAL/NORMAL-1081406-1.jpeg,se_resnet,6,126,3.3499444,0.5179353,0.5174425,0.7230161,53.941908713692946
NORMAL/NORMAL-112928-1.jpeg,se_resnet,6,126,2.481611,-0.5269865,-0.7763233,-0.41146988,10.37344398340249
NORMAL/NORMAL-119840-1.jpeg,se_resnet,6,126,3.7683,-0.5206107,-0.15683192,-0.6588091,73.02904564315352
NORMAL/NORMAL-12494-1.jpeg,se_resnet,6,126,3.548576,-0.49481872,-0.7827275,-0.48161146,63.90041493775933
NORMAL/NORMAL-12494-2.jpeg,se_resnet,6,126,3.701921,-0.49778777,-0.7389775,-0.48326525,71.36929460580913
NORMAL/NORMAL-12494-3.jpeg,se_resnet,6,126,3.1602142,-0.39738074,-0.3928038,-0.7698916,42.738589211618255
NORMAL/NORMAL-12494-4.jpeg,se_resnet,6,126,3.5829742,-0.5348233,-0.23695222,-0.6781212,65.56016597510373
NORMAL/NORMAL-12494-5.jpeg,se_resnet,6,126,2.6756153,-0.57716954,-0.5487919,-0.76113987,18.672199170124482
NORMAL/NORMAL-133321-1.jpeg,se_resnet,6,126,2.592531,-0.6319757,-0.3642711,-0.7572694,13.278008298755188
NORMAL/NORMAL-138971-1.jpeg,se_resnet,6,126,3.611704,-0.16599758,-0.61965376,0.11392708,67.21991701244814
NORMAL/NORMAL-15208-1.jpeg,se_resnet,6,126,3.773078,-0.5835657,-0.17435671,-0.7391925,73.44398340248964
NORMAL/NORMAL-15307-1.jpeg,se_resnet,6,126,3.9587367,-0.0005949475,-0.07679256,0.61016273,79.25311203319502
NORMAL/NORMAL-153950-1.jpeg,se_resnet,6,126,4.298266,-0.5998031,-0.7611406,-0.4962355,85.06224066390041
NORMAL/NORMAL-1746717-1.jpeg,se_resnet,6,126,4.039776,-0.6573695,-0.5001597,-0.5913658,80.91286307053942
NORMAL/NORMAL-1759350-1.jpeg,se_resnet,6,126,3.8647337,-0.5711176,-0.4699352,-0.70032454,76.76348547717843
NORMAL/NORMAL-1781140-1.jpeg,se_resnet,6,126,2.9524345,0.13863087,0.23020117,0.363315,29.045643153526974
NORMAL/NORMAL-1791409-1.jpeg,se_resnet,6,126,3.0466106,-0.74583566,-0.37148526,-0.73689735,34.439834024896264
NORMAL/NORMAL-1831654-1.jpeg,se_resnet,6,126,3.0630443,0.22167554,0.30423224,-0.41258824,36.51452282157676
NORMAL/NORMAL-1853526-1.jpeg,se_resnet,6,126,3.1253505,-0.47054565,-0.80192447,-0.14411844,39.83402489626556
NORMAL/NORMAL-1860310-1.jpeg,se_resnet,6,126,2.2740052,-0.7375939,-0.5439883,-0.71908027,4.979253112033195
NORMAL/NORMAL-1897894-1.jpeg,se_resnet,6,126,3.8153136,-0.4435056,-0.008983459,-0.6431506,74.68879668049793
NORMAL/NORMAL-1907560-1.jpeg,se_resnet,6,126,4.9920435,0.46955395,0.18240443,0.891381,95.0207468879668
NORMAL/NORMAL-1908313-1.jpeg,se_resnet,6,126,3.4550688,-0.11624158,-0.60914457,-0.10340686,58.921161825726145
NORMAL/NORMAL-1951042-1.jpeg,se_resnet,6,126,4.74325,0.42978162,-0.29085875,0.40703315,93.3609958506224
NORMAL/NORMAL-1957379-1.jpeg,se_resnet,6,126,3.0635958,-0.6188119,-0.53854907,-0.7484145,36.92946058091287
NORMAL/NORMAL-197082-1.jpeg,se_resnet,6,126,2.0807443,0.0688633,-0.3938867,0.5757618,2.904564315352697
NORMAL/NORMAL-1983894-1.jpeg,se_resnet,6,126,3.3277884,0.1547401,0.40865862,0.31890824,51.867219917012456
NORMAL/NORMAL-1988065-1.jpeg,se_resnet,6,126,3.1755326,-0.6044885,-0.30189043,-0.6869823,43.15352697095436
NORMAL/NORMAL-1989796-1.jpeg,se_resnet,6,126,3.2295718,0.46510005,0.84541196,0.19670273,48.54771784232365
NORMAL/NORMAL-1998191-1.jpeg,se_resnet,6,126,3.1395202,-0.4650423,-0.69164854,-0.5974113,41.49377593360996
NORMAL/NORMAL-2010714-1.jpeg,se_resnet,6,126,4.412883,0.37202212,0.65359473,-0.1868976,87.55186721991701
NORMAL/NORMAL-2011412-1.jpeg,se_resnet,6,126,2.410113,-0.30478832,-0.71520305,0.069634534,8.29875518672199
NORMAL/NORMAL-2019006-1.jpeg,se_resnet,6,126,3.2149217,0.27059722,0.3708247,0.29421112,46.88796680497925
NORMAL/NORMAL-2019423-1.jpeg,se_resnet,6,126,2.4709947,-0.2421265,0.28168374,-0.21197382,9.95850622406639
NORMAL/NORMAL-2055634-1.jpeg,se_resnet,6,126,3.6125133,0.36256468,-0.23303121,0.21735224,67.63485477178423
NORMAL/NORMAL-2059629-1.jpeg,se_resnet,6,126,3.4758713,-0.5688152,-0.2821834,-0.65052867,59.75103734439834
NORMAL/NORMAL-2075832-1.jpeg,se_resnet,6,126,3.423239,0.54053086,0.57212764,0.28576338,58.50622406639005
NORMAL/NORMAL-2082689-1.jpeg,se_resnet,6,126,2.9474814,-0.048626028,0.49636045,-0.09252991,28.21576763485477
NORMAL/NORMAL-2095710-1.jpeg,se_resnet,6,126,4.1299205,-0.6312697,-0.7413057,-0.5342848,82.15767634854771
NORMAL/NORMAL-2113822-1.jpeg,se_resnet,6,126,2.6159744,-0.40424994,-0.0809821,-0.7712805,15.352697095435685
NORMAL/NORMAL-2120559-1.jpeg,se_resnet,6,126,2.068063,-0.475607,-0.06884439,-0.77308816,2.4896265560165975
NORMAL/NORMAL-2120559-2.jpeg,se_resnet,6,126,3.12649,-0.3215692,-0.7249156,-0.33293676,40.24896265560166
NORMAL/NORMAL-2120559-3.jpeg,se_resnet,6,126,3.218218,-0.5058298,-0.38685104,-0.7647028,47.71784232365145
NORMAL/NORMAL-2126186-1.jpeg,se_resnet,6,126,3.134441,-0.58630615,-0.6319337,-0.63764894,41.078838174273855
NORMAL/NORMAL-2131138-1.jpeg,se_resnet,6,126,2.9261107,-0.6020024,-0.7056246,-0.613616,27.385892116182575
NORMAL/NORMAL-2158556-1.jpeg,se_resnet,6,126,3.352655,-0.52920467,-0.7915181,-0.32307282,54.356846473029044
NORMAL/NORMAL-2167295-1.jpeg,se_resnet,6,126,4.458696,-0.18570428,-0.7051764,-0.12266037,88.38174273858921
NORMAL/NORMAL-2181272-1.jpeg,se_resnet,6,126,3.317765,-0.32249945,-0.76560706,-0.14257252,51.037344398340245
NORMAL/NORMAL-2192790-1.jpeg,se_resnet,6,126,3.5253265,-0.06409523,-0.48200396,-0.21655995,61.82572614107884
NORMAL/NORMAL-2197972-1.jpeg,se_resnet,6,126,3.5313854,-0.33679074,0.124184474,-0.43534094,62.24066390041494
NORMAL/NORMAL-2226488-1.jpeg,se_resnet,6,126,3.1846628,0.041703306,-0.47361133,-0.27762538,44.398340248962654
NORMAL/NORMAL-2231056-1.jpeg,se_resnet,6,126,3.4140282,-0.7024681,-0.6742761,-0.5803586,57.676348547717836
NORMAL/NORMAL-223814-1.jpeg,se_resnet,6,126,4.663209,-0.124328986,-0.63040155,0.26700136,92.11618257261411
NORMAL/NORMAL-2244950-1.jpeg,se_resnet,6,126,3.3370059,-0.4070646,-0.7610861,-0.32500133,52.282157676348554
NORMAL/NORMAL-2287992-1.jpeg,se_resnet,6,126,4.4657288,-0.5335823,-0.6709283,-0.5858978,88.79668049792531
NORMAL/NORMAL-2305502-1.jpeg,se_resnet,6,126,2.2107108,-0.22667894,-0.69354737,-0.068915606,4.564315352697095
NORMAL/NORMAL-2312921-1.jpeg,se_resnet,6,126,2.5955157,-0.51196873,0.08986261,-0.3926965,14.107883817427386
NORMAL/NORMAL-2316423-1.jpeg,se_resnet,6,126,3.41483,-0.19915563,-0.65383863,0.15229152,58.09128630705395
NORMAL/NORMAL-2335256-1.jpeg,se_resnet,6,126,4.677774,-0.46487585,-0.017501807,-0.61077905,92.5311203319502
NORMAL/NORMAL-2342517-1.jpeg,se_resnet,6,126,5.769368,-0.56185377,-0.6968283,-0.57225525,98.3402489626556
NORMAL/NORMAL-2350851-1.jpeg,se_resnet,6,126,4.315948,-0.55621856,-0.6307336,-0.627663,85.89211618257261
NORMAL/NORMAL-2351012-1.jpeg,se_resnet,6,126,4.293684,-0.5010312,-0.14501403,-0.63385344,84.64730290456431
NORMAL/NORMAL-2362579-1.jpeg,se_resnet,6,126,2.1245782,-0.84992087,-0.6853566,-0.71489835,3.7344398340248963
NORMAL/NORMAL-2366700-1.jpeg,se_resnet,6,126,3.0974548,-0.32094693,-0.5764557,-0.62107074,39.004149377593365
NORMAL/NORMAL-2373878-1.jpeg,se_resnet,6,126,2.9846003,-0.6131247,-0.73349625,-0.54989004,30.70539419087137
NORMAL/NORMAL-2377429-1.jpeg,se_resnet,6,126,3.0882576,-0.42029804,-0.5532867,-0.09861876,38.589211618257266
NORMAL/NORMAL-2392366-1.jpeg,se_resnet,6,126,3.000554,-0.64239836,-0.5346809,-0.69794846,31.12033195020747
NORMAL/NORMAL-2397754-1.jpeg,se_resnet,6,126,2.0226629,-0.6845732,-0.8657071,-0.49838927,1.6597510373443984
NORMAL/NORMAL-2403175-1.jpeg,se_resnet,6,126,3.6086972,-0.69748366,-0.74888843,-0.664234,66.80497925311202
NORMAL/NORMAL-2416187-1.jpeg,se_resnet,6,126,2.3056886,-0.324668,-0.4017877,-0.44389603,5.809128630705394
NORMAL/NORMAL-2421067-1.jpeg,se_resnet,6,126,3.3675263,-0.24995942,-0.7028385,-0.30246478,54.77178423236515
NORMAL/NORMAL-2424949-1.jpeg,se_resnet,6,126,2.9747212,-0.55939317,-0.60290474,-0.6860318,30.29045643153527
NORMAL/NORMAL-2434258-1.jpeg,se_resnet,6,126,3.518371,-0.35543138,-0.53004885,0.24954216,61.41078838174274
NORMAL/NORMAL-2436365-1.jpeg,se_resnet,6,126,3.1306968,-0.42579648,-0.74987197,-0.46817374,40.66390041493776
NORMAL/NORMAL-2448954-1.jpeg,se_resnet,6,126,2.937266,-0.5475178,-0.21133456,-0.6986413,27.800829875518673
NORMAL/NORMAL-2459401-1.jpeg,se_resnet,6,126,3.5152996,-0.25820804,-0.71414876,-0.024426144,60.99585062240664
NORMAL/NORMAL-2460548-1.jpeg,se_resnet,6,126,2.829677,-0.75549984,-0.7988179,-0.4887769,24.481327800829874
NORMAL/NORMAL-2476896-1.jpeg,se_resnet,6,126,6.107661,0.10457316,-0.53646266,-0.043486994,98.7551867219917
NORMAL/NORMAL-2493975-1.jpeg,se_resnet,6,126,4.2507167,-0.18673009,0.26233685,-0.57843685,84.23236514522821
NORMAL/NORMAL-2504667-1.jpeg,se_resnet,6,126,3.3151205,-0.6017281,-0.41080892,-0.7082962,50.20746887966805
NORMAL/NORMAL-2509453-1.jpeg,se_resnet,6,126,3.9203491,-0.5395763,-0.50896263,-0.725484,78.00829875518673
NORMAL/NORMAL-2517546-1.jpeg,se_resnet,6,126,5.033331,-0.43775505,-0.22474295,-0.7187443,95.4356846473029
NORMAL/NORMAL-2549549-1.jpeg,se_resnet,6,126,2.4620922,-0.14956082,-0.45056295,-0.3763082,9.12863070539419
NORMAL/NORMAL-2551333-1.jpeg,se_resnet,6,126,3.016583,-0.7042113,-0.5719375,-0.6432706,32.780082987551864
NORMAL/NORMAL-2569106-1.jpeg,se_resnet,6,126,4.5181084,-0.6531777,-0.653788,-0.64004636,90.04149377593362
NORMAL/NORMAL-2570020-1.jpeg,se_resnet,6,126,2.6620886,-0.45512217,-0.5990256,-0.65421396,18.25726141078838
NORMAL/NORMAL-2579419-1.jpeg,se_resnet,6,126,2.8406782,-0.49188402,-0.8249333,-0.23922892,25.311203319502074
NORMAL/NORMAL-2598368-1.jpeg,se_resnet,6,126,2.4696968,0.23739557,-0.20944858,0.6729952,9.54356846473029
NORMAL/NORMAL-2602596-1.jpeg,se_resnet,6,126,4.0839996,-0.5506078,-0.13377276,-0.60109127,81.32780082987551
NORMAL/NORMAL-2627129-1.jpeg,se_resnet,6,126,3.3993928,-0.6387074,-0.6555429,-0.702754,56.84647302904564
NORMAL/NORMAL-2633503-1.jpeg,se_resnet,6,126,3.4732826,-0.44672185,-0.76802146,-0.40644377,59.33609958506224
NORMAL/NORMAL-2636641-1.jpeg,se_resnet,6,126,3.0500855,-0.8088879,-0.49990043,-0.76229596,34.85477178423236
NORMAL/NORMAL-2665491-1.jpeg,se_resnet,6,126,1.8609731,-0.52490175,-0.13478327,-0.7168177,0.4149377593360996
NORMAL/NORMAL-269181-1.jpeg,se_resnet,6,126,2.1836565,-0.52642345,-0.8014377,-0.44659132,4.149377593360995
NORMAL/NORMAL-2705520-1.jpeg,se_resnet,6,126,3.1839614,0.41438752,0.43505552,0.80441725,43.983402489626556
NORMAL/NORMAL-2709055-1.jpeg,se_resnet,6,126,3.1025536,-0.5172112,-0.47907957,-0.724941,39.41908713692946
NORMAL/NORMAL-2733663-1.jpeg,se_resnet,6,126,2.3611414,-0.6327393,-0.3387883,-0.6904919,7.053941908713693
NORMAL/NORMAL-2739821-1.jpeg,se_resnet,6,126,3.1851268,-0.48710734,-0.5303676,-0.6496502,44.81327800829876
NORMAL/NORMAL-2769622-1.jpeg,se_resnet,6,126,3.391259,-0.54691136,-0.5208615,-0.48653525,56.43153526970954
NORMAL/NORMAL-2769622-2.jpeg,se_resnet,6,126,3.2028883,0.45331395,0.51437044,0.60051745,46.47302904564315
NORMAL/NORMAL-279206-1.jpeg,se_resnet,6,126,3.9568422,-0.7253945,-0.3607079,-0.6186352,78.83817427385893
NORMAL/NORMAL-283376-1.jpeg,se_resnet,6,126,4.5453424,-0.55764973,-0.4863426,-0.7116834,90.45643153526972
NORMAL/NORMAL-285896-1.jpeg,se_resnet,6,126,3.5420175,-0.12684375,0.30294004,-0.45351678,62.655601659751035
NORMAL/NORMAL-2973935-1.jpeg,se_resnet,6,126,3.3498113,-0.5749469,-0.21743098,-0.6653056,53.52697095435685
NORMAL/NORMAL-3059523-1.jpeg,se_resnet,6,126,2.8079069,0.16111222,-0.2898956,0.02405214,24.066390041493776
NORMAL/NORMAL-307151-1.jpeg,se_resnet,6,126,3.1543145,-0.68195796,-0.73682576,-0.5657048,41.90871369294606
NORMAL/NORMAL-307151-2.jpeg,se_resnet,6,126,3.1773868,0.3038432,-0.11772032,0.6316246,43.56846473029046
NORMAL/NORMAL-3077276-1.jpeg,se_resnet,6,126,4.3110394,-0.5073207,-0.70542294,-0.43998188,85.47717842323651
NORMAL/NORMAL-3100637-1.jpeg,se_resnet,6,126,3.3845556,-0.62660086,-0.77011573,-0.54900837,56.016597510373444
NORMAL/NORMAL-3103940-1.jpeg,se_resnet,6,126,2.6517775,-0.65211654,-0.7170013,-0.49182802,17.842323651452283
NORMAL/NORMAL-3108564-1.jpeg,se_resnet,6,126,4.0145493,-0.602808,-0.6063709,-0.66318923,80.08298755186722
NORMAL/NORMAL-3134896-1.jpeg,se_resnet,6,126,2.9043684,-0.6490803,-0.25604236,-0.6667964,26.556016597510375
NORMAL/NORMAL-3166591-1.jpeg,se_resnet,6,126,4.4225454,-0.42208725,-0.7879643,-0.27887845,87.96680497925311
NORMAL/NORMAL-3220509-1.jpeg,se_resnet,6,126,3.1951704,-0.5129414,-0.7923796,-0.3859935,46.058091286307054
NORMAL/NORMAL-3244919-1.jpeg,se_resnet,6,126,3.681129,-0.06384431,-0.60766107,0.027603699,70.12448132780082
NORMAL/NORMAL-3256489-1.jpeg,se_resnet,6,126,3.5927086,-0.54612803,-0.13701405,-0.65696573,65.97510373443983
NORMAL/NORMAL-3277704-1.jpeg,se_resnet,6,126,2.644897,-0.23993537,-0.6716127,-0.37699744,17.42738589211618
NORMAL/NORMAL-3300015-1.jpeg,se_resnet,6,126,2.6256402,-0.2405616,-0.6678592,-0.36618167,16.182572614107883
NORMAL/NORMAL-3307598-1.jpeg,se_resnet,6,126,3.571109,0.12477455,-0.21420574,0.6912987,64.73029045643153
NORMAL/NORMAL-3307598-2.jpeg,se_resnet,6,126,2.9501011,-0.66925913,-0.6827478,-0.56766546,28.63070539419087
NORMAL/NORMAL-3308307-1.jpeg,se_resnet,6,126,3.000723,-0.49140662,-0.8227842,-0.41509715,31.535269709543567
NORMAL/NORMAL-330905-1.jpeg,se_resnet,6,126,3.9097667,0.06468707,-0.3813851,0.46616006,77.59336099585063
NORMAL/NORMAL-3320960-1.jpeg,se_resnet,6,126,3.339022,-0.2398996,-0.76336753,-0.0046295,52.69709543568465
NORMAL/NORMAL-3326661-1.jpeg,se_resnet,6,126,3.3489833,-0.6880076,-0.40674767,-0.7294415,53.11203319502075
NORMAL/NORMAL-3330006-1.jpeg,se_resnet,6,126,5.5326204,0.27771968,-0.4021438,0.5060049,97.0954356846473
NORMAL/NORMAL-3332063-1.jpeg,se_resnet,6,126,3.8207154,-0.4431547,-0.5803131,-0.6384741,75.10373443983403
NORMAL/NORMAL-33350-1.jpeg,se_resnet,6,126,2.6080172,0.26293033,0.6087845,0.12662622,14.937759336099585
NORMAL/NORMAL-33350-2.jpeg,se_resnet,6,126,3.3682761,0.6000587,0.19891329,0.9182046,55.18672199170125
NORMAL/NORMAL-33350-3.jpeg,se_resnet,6,126,11.073439,0.86949325,0.5396925,0.45295545,100.0
NORMAL/NORMAL-3340309-1.jpeg,se_resnet,6,126,2.9081292,-0.6135763,-0.3208732,-0.73174983,26.970954356846473
NORMAL/NORMAL-3346049-1.jpeg,se_resnet,6,126,3.0815318,-0.5795996,-0.37276763,-0.757103,37.75933609958506
NORMAL/NORMAL-3347645-1.jpeg,se_resnet,6,126,2.4237454,0.13834766,-0.055694498,0.45358795,8.71369294605809
NORMAL/NORMAL-3354044-1.jpeg,se_resnet,6,126,3.2853,-0.48580855,-0.8063538,-0.25689596,49.79253112033195
NORMAL/NORMAL-3361560-1.jpeg,se_resnet,6,126,3.0743241,-0.064912975,-0.53763825,0.16177186,37.344398340248965
NORMAL/NORMAL-3361750-1.jpeg,se_resnet,6,126,4.35023,-0.016735662,-0.5177245,-0.29051974,86.72199170124482
NORMAL/NORMAL-33637-1.jpeg,se_resnet,6,126,3.6334558,0.105295345,-0.089480594,-0.27859718,68.46473029045643
NORMAL/NORMAL-3373954-1.jpeg,se_resnet,6,126,3.3203828,-0.10066454,-0.65855646,0.031819046,51.45228215767634
NORMAL/NORMAL-3380901-1.jpeg,se_resnet,6,126,4.2475667,-0.5010279,-0.6954211,-0.5602137,83.81742738589212
NORMAL/NORMAL-338568-1.jpeg,se_resnet,6,126,2.4874287,-0.66466725,-0.48935777,-0.6715834,10.78838174273859
NORMAL/NORMAL-3390782-1.jpeg,se_resnet,6,126,4.2248173,-0.46644711,-0.0429857,-0.49072823,83.40248962655602
NORMAL/NORMAL-3398969-1.jpeg,se_resnet,6,126,3.614337,-0.5988003,-0.79368013,-0.42643833,68.04979253112033
NORMAL/NORMAL-3399839-1.jpeg,se_resnet,6,126,3.0123584,-0.6987372,-0.56474614,-0.6116706,32.365145228215766
NORMAL/NORMAL-3416330-1.jpeg,se_resnet,6,126,3.8418345,-0.29470345,0.26936007,-0.49989584,76.34854771784232
NORMAL/NORMAL-3431386-1.jpeg,se_resnet,6,126,2.68755,-0.69499326,-0.5221865,-0.6913331,19.502074688796682
NORMAL/NORMAL-3451887-1.jpeg,se_resnet,6,126,3.2402604,-0.6036339,-0.7086002,-0.566427,48.96265560165975
NORMAL/NORMAL-3465750-1.jpeg,se_resnet,6,126,2.292627,-0.42275262,-0.3028037,-0.80015206,5.394190871369295
NORMAL/NORMAL-3466714-1.jpeg,se_resnet,6,126,3.6617107,0.18338344,0.30487427,-0.13410991,69.29460580912863
NORMAL/NORMAL-3475211-1.jpeg,se_resnet,6,126,4.8554564,-0.5458571,-0.26302564,-0.65757746,94.6058091286307
NORMAL/NORMAL-348347-1.jpeg,se_resnet,6,126,2.541279,-0.5297774,-0.4426456,-0.7121269,11.618257261410788
NORMAL/NORMAL-349021-1.jpeg,se_resnet,6,126,2.7545173,0.111307204,-0.30883497,0.5232047,22.40663900414938
NORMAL/NORMAL-351109-1.jpeg,se_resnet,6,126,4.623417,-0.55508685,-0.7183688,-0.54449165,91.28630705394191
NORMAL/NORMAL-351109-2.jpeg,se_resnet,6,126,3.2438002,-0.5767386,-0.18626657,-0.67358035,49.37759336099585
NORMAL/NORMAL-3531215-1.jpeg,se_resnet,6,126,3.1559398,-0.5504195,-0.7966155,-0.4661966,42.32365145228216
NORMAL/NORMAL-3538316-1.jpeg,se_resnet,6,126,2.0552428,-0.67365223,-0.74275017,-0.30789235,2.0746887966804977
NORMAL/NORMAL-3561306-1.jpeg,se_resnet,6,126,2.833217,-0.5838897,-0.42111686,-0.66295195,24.896265560165975
NORMAL/NORMAL-3561306-2.jpeg,se_resnet,6,126,3.722815,-0.42530972,-0.7404766,-0.43380678,71.78423236514523
NORMAL/NORMAL-366503-1.jpeg,se_resnet,6,126,2.3840594,-0.50780714,-0.7420684,-0.54995644,7.468879668049793
NORMAL/NORMAL-366503-2.jpeg,se_resnet,6,126,3.0605805,0.35333169,0.14039665,0.7386152,36.09958506224066
NORMAL/NORMAL-36734-1.jpeg,se_resnet,6,126,2.6919417,-0.5110633,-0.5684291,-0.72661954,19.91701244813278
NORMAL/NORMAL-37818-1.jpeg,se_resnet,6,126,3.9243646,-0.38395965,0.14679164,-0.3584367,78.42323651452283
NORMAL/NORMAL-395557-1.jpeg,se_resnet,6,126,3.193781,-0.54202884,-0.41639787,-0.7428493,45.643153526970956
NORMAL/NORMAL-402066-1.jpeg,se_resnet,6,126,2.5847216,0.43905014,-0.09808629,0.4823617,12.033195020746888
NORMAL/NORMAL-402066-2.jpeg,se_resnet,6,126,3.5662315,-0.37918127,0.09616557,-0.6013815,64.31535269709543
NORMAL/NORMAL-402066-3.jpeg,se_resnet,6,126,2.9729698,-0.6774585,-0.60452664,-0.6864107,29.87551867219917
NORMAL/NORMAL-402066-4.jpeg,se_resnet,6,126,2.7475526,-0.57460886,-0.30946442,-0.7855871,21.991701244813278
NORMAL/NORMAL-402066-5.jpeg,se_resnet,6,126,3.3170345,-0.42175043,-0.007039923,-0.6678522,50.62240663900415
NORMAL/NORMAL-438684-1.jpeg,se_resnet,6,126,3.6853175,-0.5626615,-0.61545396,-0.69288576,70.53941908713693
NORMAL/NORMAL-438684-2.jpeg,se_resnet,6,126,3.3789701,-0.5093265,-0.7354163,-0.48560584,55.601659751037346
NORMAL/NORMAL-438684-3.jpeg,se_resnet,6,126,2.7835617,-0.3147665,-0.23684165,-0.7289653,23.651452282157674
NORMAL/NORMAL-443980-1.jpeg,se_resnet,6,126,3.0217795,-0.564649,-0.74050224,-0.5770482,33.19502074688796
NORMAL/NORMAL-446851-1.jpeg,se_resnet,6,126,5.148919,0.6443403,0.4923544,0.83228755,96.2655601659751
NORMAL/NORMAL-446851-2.jpeg,se_resnet,6,126,3.8244028,0.6495014,0.5672801,0.74694383,75.51867219917013
NORMAL/NORMAL-447690-1.jpeg,se_resnet,6,126,2.7567487,-0.37401965,-0.28799143,-0.7141052,22.821576763485478
NORMAL/NORMAL-447690-2.jpeg,se_resnet,6,126,2.6927056,-0.6232108,-0.52968705,-0.6847284,20.33195020746888
NORMAL/NORMAL-450532-1.jpeg,se_resnet,6,126,7.206449,-0.23863573,-0.5969322,-0.5374759,99.5850622406639
NORMAL/NORMAL-450923-1.jpeg,se_resnet,6,126,3.8012235,-0.44598904,0.0072443206,-0.58429736,73.85892116182573
NORMAL/NORMAL-450923-2.jpeg,se_resnet,6,126,3.6712694,-0.52590865,-0.14377558,-0.6687743,69.70954356846472
NORMAL/NORMAL-460711-1.jpeg,se_resnet,6,126,3.8777819,-0.63043374,-0.741095,-0.5761,77.17842323651453
NORMAL/NORMAL-460844-1.jpeg,se_resnet,6,126,4.39479,-0.4634818,-0.43655765,-0.6991403,87.13692946058092
NORMAL/NORMAL-466978-1.jpeg,se_resnet,6,126,5.5957212,-0.13370764,-0.636077,-0.20258644,97.9253112033195
NORMAL/NORMAL-469935-1.jpeg,se_resnet,6,126,4.341591,-0.3414338,-0.58753073,0.13415515,86.30705394190872
NORMAL/NORMAL-4761187-1.jpeg,se_resnet,6,126,3.5447054,-0.3640542,-0.6811963,0.09258454,63.07053941908713
NORMAL/NORMAL-4790999-1.jpeg,se_resnet,6,126,3.0316699,-0.42573538,-0.738317,-0.49268344,33.60995850622407
NORMAL/NORMAL-48053-1.jpeg,se_resnet,6,126,3.0862863,0.28692997,0.40359676,-0.09181588,38.17427385892116
NORMAL/NORMAL-4839633-1.jpeg,se_resnet,6,126,4.1349545,-0.6042806,-0.49113736,-0.7276546,82.57261410788381
NORMAL/NORMAL-486271-1.jpeg,se_resnet,6,126,3.7250526,-0.63412786,-0.4733386,-0.71502537,72.19917012448133
NORMAL/NORMAL-508852-1.jpeg,se_resnet,6,126,2.8429086,0.13446355,0.56768525,0.19847402,25.72614107883817
NORMAL/NORMAL-508852-2.jpeg,se_resnet,6,126,4.769812,0.20958844,0.39976215,-0.33202595,93.7759336099585
NORMAL/NORMAL-519372-1.jpeg,se_resnet,6,126,3.6915166,-0.5390754,-0.1820876,-0.55454874,70.95435684647303
NORMAL/NORMAL-524640-1.jpeg,se_resnet,6,126,2.7373474,-0.37439218,0.10401086,-0.50897014,21.16182572614108
NORMAL/NORMAL-544457-1.jpeg,se_resnet,6,126,6.2123756,0.6378691,0.23919666,0.08362186,99.1701244813278
NORMAL/NORMAL-544711-1.jpeg,se_resnet,6,126,3.2259467,-0.14776486,0.30772167,-0.47459763,48.13278008298755
NORMAL/NORMAL-547422-1.jpeg,se_resnet,6,126,2.5882144,-0.7114898,-0.5802446,-0.74608517,12.448132780082988
NORMAL/NORMAL-547422-2.jpeg,se_resnet,6,126,2.5198185,-0.8157995,-0.7251394,-0.60550976,11.20331950207469
NORMAL/NORMAL-549356-1.jpeg,se_resnet,6,126,3.037419,-0.50950164,-0.56401944,-0.44078255,34.024896265560166
NORMAL/NORMAL-549356-2.jpeg,se_resnet,6,126,5.143137,-0.06483444,0.017739907,-0.5991807,95.850622406639
NORMAL/NORMAL-549356-3.jpeg,se_resnet,6,126,2.8652833,-0.0030471198,0.57567567,-0.20179829,26.141078838174277
NORMAL/NORMAL-552739-1.jpeg,se_resnet,6,126,2.620857,-0.64339507,-0.37872416,-0.7140987,15.767634854771783
NORMAL/NORMAL-557437-1.jpeg,se_resnet,6,126,3.5465734,-0.4561691,-0.77356756,-0.44818988,63.48547717842323
NORMAL/NORMAL-557437-2.jpeg,se_resnet,6,126,2.3591595,0.25465354,-0.19431683,0.52434605,6.639004149377594
NORMAL/NORMAL-565818-1.jpeg,se_resnet,6,126,2.6813679,-0.6352761,-0.37876028,-0.6791471,19.08713692946058
NORMAL/NORMAL-566040-1.jpeg,se_resnet,6,126,2.605103,-0.33327532,0.10392097,-0.55842525,14.522821576763487
NORMAL/NORMAL-568518-1.jpeg,se_resnet,6,126,4.0257807,-0.34516338,-0.733082,-0.39363706,80.49792531120332
NORMAL/NORMAL-568518-2.jpeg,se_resnet,6,126,3.6035378,0.6434531,0.6083417,0.60539436,66.39004149377593
NORMAL/NORMAL-571157-1.jpeg,se_resnet,6,126,2.7721477,-0.62943006,-0.5575688,-0.7595755,23.236514522821576
NORMAL/NORMAL-571484-1.jpeg,se_resnet,6,126,3.0095544,-0.5727786,-0.31488112,-0.7400203,31.950207468879665
NORMAL/NORMAL-572972-1.jpeg,se_resnet,6,126,2.5905898,-0.40887803,-0.7195933,-0.14630061,12.863070539419086
NORMAL/NORMAL-574089-1.jpeg,se_resnet,6,126,2.5931985,-0.25237313,0.31021234,-0.4632712,13.692946058091287
NORMAL/NORMAL-582215-1.jpeg,se_resnet,6,126,4.65603,-0.35908207,0.043991692,-0.47777557,91.70124481327801
NORMAL/NORMAL-588227-1.jpeg,se_resnet,6,126,4.11126,-0.5509968,-0.1689287,-0.6595607,81.74273858921161
NORMAL/NORMAL-60471-1.jpeg,se_resnet,6,126,3.9676938,-0.45030528,0.027469829,-0.57618785,79.66804979253112
NORMAL/NORMAL-605310-1.jpeg,se_resnet,6,126,3.0514057,0.55913126,0.5109929,0.63410795,35.684647302904565
NORMAL/NORMAL-626127-1.jpeg,se_resnet,6,126,4.173245,-0.49347594,-0.17215577,-0.6740441,82.98755186721992
NORMAL/NORMAL-628048-1.jpeg,se_resnet,6,126,3.765322,-0.49188334,-0.121899895,-0.6960521,72.61410788381743
NORMAL/NORMAL-629493-1.jpeg,se_resnet,6,126,2.6284606,-0.6426492,-0.6692996,-0.6315994,16.59751037344398
NORMAL/NORMAL-651257-1.jpeg,se_resnet,6,126,2.3916245,-0.13262373,0.43523085,-0.37150022,7.883817427385892
NORMAL/NORMAL-655117-1.jpeg,se_resnet,6,126,2.9584932,-0.53642523,-0.32690316,-0.7842786,29.460580912863072
NORMAL/NORMAL-655447-1.jpeg,se_resnet,6,126,3.8127215,-0.6006223,-0.31071484,-0.7293042,74.27385892116183
NORMAL/NORMAL-664536-1.jpeg,se_resnet,6,126,2.7202666,-0.55150276,-0.63965434,-0.6639242,20.74688796680498
NORMAL/NORMAL-66515-1.jpeg,se_resnet,6,126,3.6456115,-0.60398316,-0.8038902,-0.36444426,68.87966804979253
NORMAL/NORMAL-672619-1.jpeg,se_resnet,6,126,4.477176,-0.59544426,-0.34902638,-0.6457211,89.21161825726142
NORMAL/NORMAL-692554-1.jpeg,se_resnet,6,126,1.9507039,-0.5697234,-0.19554551,-0.71693504,1.2448132780082988
NORMAL/NORMAL-693575-1.jpeg,se_resnet,6,126,3.3994915,-0.736754,-0.7408359,-0.5067097,57.26141078838174
NORMAL/NORMAL-697826-1.jpeg,se_resnet,6,126,3.1909769,0.49326,0.35313895,0.7904047,45.22821576763486
NORMAL/NORMAL-744709-1.jpeg,se_resnet,6,126,4.593396,0.21200491,-0.3579022,-0.18409128,90.87136929460581
NORMAL/NORMAL-755659-1.jpeg,se_resnet,6,126,2.105612,-0.58623505,-0.7037949,-0.661141,3.319502074688797
NORMAL/NORMAL-758272-1.jpeg,se_resnet,6,126,3.2152152,0.02646636,-0.42850626,0.025724094,47.30290456431535
NORMAL/NORMAL-76914-1.jpeg,se_resnet,6,126,3.050891,-0.045175035,-0.4390612,-0.17057192,35.26970954356847
NORMAL/NORMAL-772481-1.jpeg,se_resnet,6,126,4.776495,-0.581679,-0.68746233,-0.5839883,94.1908713692946
NORMAL/NORMAL-84466-1.jpeg,se_resnet,6,126,2.6323402,-0.18356559,-0.6207069,-0.36527735,17.012448132780083
NORMAL/NORMAL-85367-1.jpeg,se_resnet,6,126,4.4960036,0.38048348,-0.14275643,0.6268512,89.62655601659752
NORMAL/NORMAL-9251-1.jpeg,se_resnet,6,126,2.3326805,-0.44846293,-0.7902901,-0.47797805,6.224066390041494
NORMAL/NORMAL-98720-1.jpeg,se_resnet,6,126,5.549182,-0.5139648,-0.78450465,-0.44955072,97.5103734439834
NORMAL/NORMAL-1017237-1.jpeg,cbam_resnet,7,42,2.849677,0.34950206,0.47019982,-0.021586329,17.573221757322173
NORMAL/NORMAL-101880-1.jpeg,cbam_resnet,7,42,2.4008,-0.65863025,-0.62979656,-0.8395175,4.184100418410042
NORMAL/NORMAL-1025847-1.jpeg,cbam_resnet,7,42,3.7313898,-0.18477525,0.3744955,-0.484932,64.01673640167364
NORMAL/NORMAL-1038998-1.jpeg,cbam_resnet,7,42,3.3399277,-0.6012868,-0.795358,-0.25994718,46.86192468619247
NORMAL/NORMAL-1042462-1.jpeg,cbam_resnet,7,42,5.119158,0.6251581,0.4303953,0.86274844,95.39748953974896
NORMAL/NORMAL-1058176-1.jpeg,cbam_resnet,7,42,1.8268815,-0.045977674,0.03316491,0.46249306,0.41841004184100417
NORMAL/NORMAL-1063128-1.jpeg,cbam_resnet,7,42,6.190932,-0.33850586,-0.5796051,-0.72576565,99.581589958159
NORMAL/NORMAL-1073137-1.jpeg,cbam_resnet,7,42,5.7855763,-0.22131598,-0.5960766,-0.22336048,99.16317991631799
NORMAL/NORMAL-1081406-1.jpeg,cbam_resnet,7,42,5.7046795,0.72940266,0.5820689,0.86716604,98.74476987447699
NORMAL/NORMAL-112928-1.jpeg,cbam_resnet,7,42,4.4614425,-0.5542642,-0.8081061,-0.63212657,88.28451882845188
NORMAL/NORMAL-119840-1.jpeg,cbam_resnet,7,42,3.1878479,-0.8471272,-0.4703107,-0.7400658,37.238493723849366
NORMAL/NORMAL-12494-1.jpeg,cbam_resnet,7,42,2.549391,-0.36989033,-0.7649304,-0.42494568,5.857740585774058
NORMAL/NORMAL-12494-2.jpeg,cbam_resnet,7,42,3.053562,-0.37706357,-0.7435949,-0.07035482,28.451882845188287
NORMAL/NORMAL-12494-3.jpeg,cbam_resnet,7,42,2.1215918,0.09697962,-0.42635205,0.43278313,1.2552301255230125
NORMAL/NORMAL-12494-4.jpeg,cbam_resnet,7,42,3.350438,-0.27958775,-0.5518346,0.140139,48.11715481171548
NORMAL/NORMAL-12494-5.jpeg,cbam_resnet,7,42,3.5255852,-0.56031644,-0.7334368,-0.6807222,54.39330543933054
NORMAL/NORMAL-133321-1.jpeg,cbam_resnet,7,42,2.5824203,0.03337824,0.4903328,0.26005208,7.531380753138076
NORMAL/NORMAL-138971-1.jpeg,cbam_resnet,7,42,4.093069,-0.68179744,-0.7602699,-0.64917135,79.07949790794979
NORMAL/NORMAL-15208-1.jpeg,cbam_resnet,7,42,2.972654,0.502405,0.22430392,0.5066986,22.17573221757322
NORMAL/NORMAL-15307-1.jpeg,cbam_resnet,7,42,4.0367002,0.5092175,0.31581092,0.8331064,76.15062761506276
NORMAL/NORMAL-153950-1.jpeg,cbam_resnet,7,42,3.0409522,-0.64900887,-0.7806443,-0.6869695,26.778242677824267
NORMAL/NORMAL-1746717-1.jpeg,cbam_resnet,7,42,3.091009,-0.856068,-0.5664733,-0.78007734,30.125523012552303
NORMAL/NORMAL-1759350-1.jpeg,cbam_resnet,7,42,5.281449,-0.638935,-0.7920315,-0.5342366,97.90794979079497
NORMAL/NORMAL-1781140-1.jpeg,cbam_resnet,7,42,2.49924,-0.57630044,-0.3211611,-0.71582055,5.439330543933055
NORMAL/NORMAL-1791409-1.jpeg,cbam_resnet,7,42,3.1261644,-0.7386621,-0.630298,-0.81811345,34.30962343096235
NORMAL/NORMAL-1831654-1.jpeg,cbam_resnet,7,42,3.2888582,-0.63763124,-0.7172448,-0.7884527,43.93305439330544
NORMAL/NORMAL-1853526-1.jpeg,cbam_resnet,7,42,3.5434816,-0.57686967,-0.8360615,-0.5753684,56.06694560669456
NORMAL/NORMAL-1860310-1.jpeg,cbam_resnet,7,42,2.6675103,0.027635656,0.5079514,-0.3459584,8.786610878661087
NORMAL/NORMAL-1897894-1.jpeg,cbam_resnet,7,42,3.4380982,-0.7715796,-0.75197095,-0.73085594,52.30125523012552
NORMAL/NORMAL-1907560-1.jpeg,cbam_resnet,7,42,4.3383503,0.5361288,0.35204166,0.8655991,84.10041841004184
NORMAL/NORMAL-1908313-1.jpeg,cbam_resnet,7,42,4.767298,-0.5534432,-0.82532835,-0.42997497,93.72384937238493
NORMAL/NORMAL-1951042-1.jpeg,cbam_resnet,7,42,3.1411343,-0.7954464,-0.738052,-0.49527174,34.72803347280335
NORMAL/NORMAL-1957379-1.jpeg,cbam_resnet,7,42,3.328455,-0.73682845,-0.61150545,-0.828238,46.02510460251046
NORMAL/NORMAL-197082-1.jpeg,cbam_resnet,7,42,3.2360144,0.569715,0.38225016,0.80044997,41.00418410041841
NORMAL/NORMAL-1983894-1.jpeg,cbam_resnet,7,42,4.4494495,0.6043811,-0.03476031,0.14622915,87.86610878661088
NORMAL/NORMAL-1988065-1.jpeg,cbam_resnet,7,42,3.288173,-0.61078143,-0.23618981,-0.78640145,43.51464435146444
NORMAL/NORMAL-1989796-1.jpeg,cbam_resnet,7,42,3.6741657,0.7649804,0.57706535,0.6526631,61.92468619246861
NORMAL/NORMAL-1998191-1.jpeg,cbam_resnet,7,42,3.5319927,-0.5752951,-0.81814224,-0.5464151,55.23012552301255
NORMAL/NORMAL-2010714-1.jpeg,cbam_resnet,7,42,3.9691012,0.08185336,0.48108152,-0.26023597,74.05857740585773
NORMAL/NORMAL-2011412-1.jpeg,cbam_resnet,7,42,3.4840095,0.505576,-0.21557307,0.31244773,53.13807531380753
NORMAL/NORMAL-2019006-1.jpeg,cbam_resnet,7,42,3.488558,0.5833714,0.66522086,0.7032049,53.55648535564853
NORMAL/NORMAL-2019423-1.jpeg,cbam_resnet,7,42,2.9230723,-0.8786806,-0.6455214,-0.6479901,19.246861924686193
NORMAL/NORMAL-2055634-1.jpeg,cbam_resnet,7,42,4.339317,-0.08349281,-0.63950586,-0.23266019,84.51882845188284
NORMAL/NORMAL-2059629-1.jpeg,cbam_resnet,7,42,2.6838472,-0.22764218,0.20096914,-0.41539806,9.623430962343097
NORMAL/NORMAL-2075832-1.jpeg,cbam_resnet,7,42,3.1027107,-0.0432551,-0.4034759,-0.4994759,32.21757322175732
NORMAL/NORMAL-2082689-1.jpeg,cbam_resnet,7,42,2.8048303,0.4027964,0.25204372,0.76952136,14.225941422594143
NORMAL/NORMAL-2095710-1.jpeg,cbam_resnet,7,42,6.4327803,-0.37790924,-0.29797786,-0.82953155,100.0
NORMAL/NORMAL-2113822-1.jpeg,cbam_resnet,7,42,3.3893783,-0.7655451,-0.7734835,-0.65541613,50.627615062761514
NORMAL/NORMAL-2120559-1.jpeg,cbam_resnet,7,42,3.5566816,0.58301514,0.09356979,-0.047288995,56.903765690376574
NORMAL/NORMAL-2120559-2.jpeg,cbam_resnet,7,42,4.156812,-0.6268158,-0.58286256,-0.82554746,80.75313807531381
NORMAL/NORMAL-2120559-3.jpeg,cbam_resnet,7,42,4.0126143,-0.73966753,-0.73533493,-0.68371403,74.89539748953975
NORMAL/NORMAL-2126186-1.jpeg,cbam_resnet,7,42,2.806772,-0.8175401,-0.73325175,-0.75141835,14.644351464435147
NORMAL/NORMAL-2131138-1.jpeg,cbam_resnet,7,42,2.8870473,-0.80216813,-0.62714607,-0.7551466,18.410041841004183
NORMAL/NORMAL-2158556-1.jpeg,cbam_resnet,7,42,2.8495777,-0.6027479,-0.83842915,-0.58812785,17.154811715481173
NORMAL/NORMAL-2167295-1.jpeg,cbam_resnet,7,42,4.4191933,-0.7282904,-0.76612383,-0.6370522,86.61087866108787
NORMAL/NORMAL-2181272-1.jpeg,cbam_resnet,7,42,3.6231627,-0.5897195,-0.84004706,-0.39177498,59.41422594142259
NORMAL/NORMAL-2192790-1.jpeg,cbam_resnet,7,42,3.5543575,-0.28721875,-0.3908071,-0.77551603,56.48535564853556
NORMAL/NORMAL-2197972-1.jpeg,cbam_resnet,7,42,3.3783112,0.5117967,0.30495986,0.34033778,49.7907949790795
NORMAL/NORMAL-2226488-1.jpeg,cbam_resnet,7,42,3.7136025,-0.6510805,-0.68852335,-0.66121316,63.17991631799163
NORMAL/NORMAL-2231056-1.jpeg,cbam_resnet,7,42,3.0494561,-0.75234056,-0.732658,-0.73193294,27.615062761506277
NORMAL/NORMAL-223814-1.jpeg,cbam_resnet,7,42,3.2654853,-0.50694406,-0.76746273,-0.27544314,42.67782426778243
NORMAL/NORMAL-2244950-1.jpeg,cbam_resnet,7,42,2.9652514,-0.60744065,-0.8188181,-0.6236661,21.338912133891213
NORMAL/NORMAL-2287992-1.jpeg,cbam_resnet,7,42,3.5407047,-0.6745633,-0.6734117,-0.795645,55.64853556485355
NORMAL/NORMAL-2305502-1.jpeg,cbam_resnet,7,42,3.1990356,-0.4534062,-0.80052567,-0.24383996,38.07531380753138
NORMAL/NORMAL-2312921-1.jpeg,cbam_resnet,7,42,3.6257997,0.6621409,0.57422185,0.4730099,59.83263598326359
NORMAL/NORMAL-2316423-1.jpeg,cbam_resnet,7,42,3.9665804,-0.6249431,-0.7475836,-0.7253224,73.64016736401673
NORMAL/NORMAL-2335256-1.jpeg,cbam_resnet,7,42,3.873408,-0.6278127,-0.36082822,-0.85296345,69.0376569037657
NORMAL/NORMAL-2342517-1.jpeg,cbam_resnet,7,42,4.0569777,-0.63118875,-0.7017591,-0.5517895,76.98744769874477
NORMAL/NORMAL-2350851-1.jpeg,cbam_resnet,7,42,3.0128772,-0.5552581,-0.6809837,-0.786378,24.267782426778243
NORMAL/NORMAL-2351012-1.jpeg,cbam_resnet,7,42,3.028321,-0.77356243,-0.3426569,-0.72368187,25.10460251046025
NORMAL/NORMAL-2362579-1.jpeg,cbam_resnet,7,42,4.059354,-0.63418835,-0.8294965,-0.4994838,77.40585774058577
NORMAL/NORMAL-2366700-1.jpeg,cbam_resnet,7,42,2.5777154,-0.7038688,-0.8324226,-0.61110175,7.112970711297072
NORMAL/NORMAL-2373878-1.jpeg,cbam_resnet,7,42,2.068024,-0.18588322,-0.09412878,-0.043152273,0.8368200836820083
NORMAL/NORMAL-2377429-1.jpeg,cbam_resnet,7,42,3.9586225,-0.18139884,-0.47014946,0.35047457,72.80334728033473
NORMAL/NORMAL-2392366-1.jpeg,cbam_resnet,7,42,3.0061493,0.028757714,-0.5783947,0.00332354,23.430962343096233
NORMAL/NORMAL-2397754-1.jpeg,cbam_resnet,7,42,3.2399087,0.6367307,0.62776124,0.49320155,41.42259414225941
NORMAL/NORMAL-2403175-1.jpeg,cbam_resnet,7,42,4.3826475,0.60528827,-0.05782388,0.37357324,86.19246861924687
NORMAL/NORMAL-2416187-1.jpeg,cbam_resnet,7,42,4.3741903,-0.70686984,-0.325966,-0.8021426,85.77405857740585
NORMAL/NORMAL-2421067-1.jpeg,cbam_resnet,7,42,2.942499,-0.7680932,-0.60657513,-0.81787896,20.920502092050206
NORMAL/NORMAL-2424949-1.jpeg,cbam_resnet,7,42,4.6632123,-0.729069,-0.47188473,-0.8324985,91.21338912133892
NORMAL/NORMAL-2434258-1.jpeg,cbam_resnet,7,42,3.8752959,0.09899646,0.5344646,-0.26537657,69.4560669456067
NORMAL/NORMAL-2436365-1.jpeg,cbam_resnet,7,42,2.7567954,-0.7385006,-0.6941363,-0.7828109,12.97071129707113
NORMAL/NORMAL-2448954-1.jpeg,cbam_resnet,7,42,3.2911258,-0.7251902,-0.5543277,-0.8212433,44.76987447698745
NORMAL/NORMAL-2459401-1.jpeg,cbam_resnet,7,42,4.043812,-0.56434387,-0.75150114,-0.6023245,76.56903765690377
NORMAL/NORMAL-2460548-1.jpeg,cbam_resnet,7,42,2.846148,-0.341156,-0.61585236,-0.38436717,16.317991631799163
NORMAL/NORMAL-2476896-1.jpeg,cbam_resnet,7,42,3.1050792,-0.67406416,-0.62213326,-0.23466143,33.054393305439326
NORMAL/NORMAL-2493975-1.jpeg,cbam_resnet,7,42,4.082063,-0.7877641,-0.66029,-0.7065015,78.66108786610879
NORMAL/NORMAL-2504667-1.jpeg,cbam_resnet,7,42,2.9260988,-0.6747854,-0.790946,-0.6601452,20.0836820083682
NORMAL/NORMAL-2509453-1.jpeg,cbam_resnet,7,42,3.0704825,-0.570402,-0.17618129,-0.5713941,29.288702928870293
NORMAL/NORMAL-2517546-1.jpeg,cbam_resnet,7,42,2.9717195,-0.5836087,-0.24036267,-0.8130622,21.75732217573222
NORMAL/NORMAL-2549549-1.jpeg,cbam_resnet,7,42,3.5931513,-0.07536914,0.28211293,-0.5712807,57.32217573221757
NORMAL/NORMAL-2551333-1.jpeg,cbam_resnet,7,42,2.8168373,-0.7110479,-0.6675072,-0.81606615,15.481171548117153
NORMAL/NORMAL-2569106-1.jpeg,cbam_resnet,7,42,4.6416698,-0.64248395,-0.6330353,-0.8177055,90.3765690376569
NORMAL/NORMAL-2570020-1.jpeg,cbam_resnet,7,42,2.626199,-0.70267856,-0.5061798,-0.8759495,8.368200836820083
NORMAL/NORMAL-2579419-1.jpeg,cbam_resnet,7,42,2.9809484,0.17635149,-0.37904716,-0.30081204,23.01255230125523
NORMAL/NORMAL-2598368-1.jpeg,cbam_resnet,7,42,3.1048982,0.15720195,0.23103656,0.7126802,32.63598326359833
NORMAL/NORMAL-2602596-1.jpeg,cbam_resnet,7,42,2.559301,0.2881127,0.7595135,0.26260075,6.2761506276150625
NORMAL/NORMAL-2627129-1.jpeg,cbam_resnet,7,42,3.092622,-0.65870386,-0.60573924,-0.8410493,30.962343096234306
NORMAL/NORMAL-2633503-1.jpeg,cbam_resnet,7,42,4.204951,-0.5936385,-0.45843935,-0.8375462,82.00836820083683
NORMAL/NORMAL-2636641-1.jpeg,cbam_resnet,7,42,2.8486278,0.38763475,0.4969681,-0.09097575,16.736401673640167
NORMAL/NORMAL-2665491-1.jpeg,cbam_resnet,7,42,3.0501254,0.22120735,-0.009845311,0.7104089,28.03347280334728
NORMAL/NORMAL-269181-1.jpeg,cbam_resnet,7,42,2.75523,0.5772487,0.7061184,0.6430436,12.552301255230125
NORMAL/NORMAL-2705520-1.jpeg,cbam_resnet,7,42,4.251769,-0.713346,-0.34409854,-0.21768278,82.42677824267783
NORMAL/NORMAL-2709055-1.jpeg,cbam_resnet,7,42,3.9459374,-0.7657591,-0.7327937,-0.6359079,71.1297071129707
NORMAL/NORMAL-2733663-1.jpeg,cbam_resnet,7,42,3.869982,-0.7376169,-0.62131,-0.8441938,68.6192468619247
NORMAL/NORMAL-2739821-1.jpeg,cbam_resnet,7,42,2.7373662,-0.7483235,-0.60377806,-0.82348084,11.715481171548117
NORMAL/NORMAL-2769622-1.jpeg,cbam_resnet,7,42,3.6181808,-0.66646713,-0.6845771,-0.8023777,58.995815899581594
NORMAL/NORMAL-2769622-2.jpeg,cbam_resnet,7,42,3.2140818,0.68950814,0.7686012,0.70009506,38.49372384937239
NORMAL/NORMAL-279206-1.jpeg,cbam_resnet,7,42,5.030592,0.12413102,0.60920954,-0.18101738,94.56066945606695
NORMAL/NORMAL-283376-1.jpeg,cbam_resnet,7,42,4.7412276,-0.6762996,-0.80364954,-0.572574,92.88702928870293
NORMAL/NORMAL-285896-1.jpeg,cbam_resnet,7,42,3.21598,-0.7631846,-0.8017823,-0.692204,38.912133891213394
NORMAL/NORMAL-2973935-1.jpeg,cbam_resnet,7,42,3.1874633,-0.5736414,-0.4346137,-0.8587178,36.82008368200837
NORMAL/NORMAL-3059523-1.jpeg,cbam_resnet,7,42,3.6888998,-0.61551726,-0.7863164,-0.4713387,62.34309623430963
NORMAL/NORMAL-307151-1.jpeg,cbam_resnet,7,42,4.0602922,-0.70583177,-0.73285604,-0.7637495,77.82426778242679
NORMAL/NORMAL-307151-2.jpeg,cbam_resnet,7,42,2.7724214,-0.7714748,-0.7757257,-0.6495299,13.389121338912133
NORMAL/NORMAL-3077276-1.jpeg,cbam_resnet,7,42,4.3613286,-0.53070956,-0.834234,-0.507333,85.35564853556485
NORMAL/NORMAL-3100637-1.jpeg,cbam_resnet,7,42,3.9817154,-0.12520158,-0.3393856,0.41161713,74.47698744769873
NORMAL/NORMAL-3103940-1.jpeg,cbam_resnet,7,42,2.709018,-0.5383301,-0.23273665,-0.6586982,10.460251046025103
NORMAL/NORMAL-3108564-1.jpeg,cbam_resnet,7,42,3.093535,-0.6005174,-0.4044811,-0.87877357,31.380753138075313
NORMAL/NORMAL-3134896-1.jpeg,cbam_resnet,7,42,3.0370252,0.38735783,-0.07262891,0.6824226,26.359832635983267
NORMAL/NORMAL-3166591-1.jpeg,cbam_resnet,7,42,3.433349,-0.50920653,-0.80672836,-0.2803202,51.88284518828452
NORMAL/NORMAL-3220509-1.jpeg,cbam_resnet,7,42,3.3588674,-0.631389,-0.69306743,-0.791416,48.53556485355649
NORMAL/NORMAL-3244919-1.jpeg,cbam_resnet,7,42,5.1915517,-0.38044047,-0.67830116,-0.68387985,97.07112970711297
NORMAL/NORMAL-3256489-1.jpeg,cbam_resnet,7,42,4.4422593,0.34949332,0.35747916,0.056619026,87.44769874476988
NORMAL/NORMAL-3277704-1.jpeg,cbam_resnet,7,42,2.83005,-0.71662223,-0.719949,-0.3966528,15.899581589958158
NORMAL/NORMAL-3300015-1.jpeg,cbam_resnet,7,42,4.7450023,-0.59937733,-0.80453336,-0.43571702,93.30543933054393
NORMAL/NORMAL-3307598-1.jpeg,cbam_resnet,7,42,3.7175603,-0.20714042,-0.20834547,-0.7630337,63.59832635983263
NORMAL/NORMAL-3307598-2.jpeg,cbam_resnet,7,42,3.0947254,-0.6727943,-0.6840686,-0.7282429,31.799163179916317
NORMAL/NORMAL-3308307-1.jpeg,cbam_resnet,7,42,4.157958,-0.5996766,-0.78668475,-0.3199102,81.17154811715481
NORMAL/NORMAL-330905-1.jpeg,cbam_resnet,7,42,5.276718,-0.12429552,-0.55839586,-0.48809317,97.48953974895397
NORMAL/NORMAL-3320960-1.jpeg,cbam_resnet,7,42,2.9746192,0.69800967,0.25940317,0.7012453,22.594142259414227
NORMAL/NORMAL-3326661-1.jpeg,cbam_resnet,7,42,3.4390519,-0.6400678,-0.82832444,-0.5861862,52.719665271966534
NORMAL/NORMAL-3330006-1.jpeg,cbam_resnet,7,42,4.61608,0.03424861,-0.45338657,0.24006236,89.9581589958159
NORMAL/NORMAL-3332063-1.jpeg,cbam_resnet,7,42,3.0178082,-0.73760396,-0.78309613,-0.6840172,24.686192468619247
NORMAL/NORMAL-33350-1.jpeg,cbam_resnet,7,42,3.9364398,-0.21495043,-0.39962083,-0.73659366,70.29288702928869
NORMAL/NORMAL-33350-2.jpeg,cbam_resnet,7,42,3.8542488,0.57062864,0.1838882,0.7220819,67.78242677824268
NORMAL/NORMAL-33350-3.jpeg,cbam_resnet,7,42,4.9209485,0.65554047,0.8043657,0.5030745,94.14225941422593
NORMAL/NORMAL-3340309-1.jpeg,cbam_resnet,7,42,3.254809,0.42515498,0.10360944,0.013165768,42.25941422594142
NORMAL/NORMAL-3346049-1.jpeg,cbam_resnet,7,42,3.1626534,-0.7383487,-0.7100034,-0.2793823,36.40167364016737
NORMAL/NORMAL-3347645-1.jpeg,cbam_resnet,7,42,2.6867604,0.0388225,-0.39505893,0.13099474,10.0418410041841
NORMAL/NORMAL-3354044-1.jpeg,cbam_resnet,7,42,3.2945907,-0.4638593,-0.54839027,-0.115604684,45.18828451882845
NORMAL/NORMAL-3361560-1.jpeg,cbam_resnet,7,42,4.350894,-0.013504146,-0.58779764,-0.33633125,84.93723849372385
NORMAL/NORMAL-3361750-1.jpeg,cbam_resnet,7,42,3.0123796,0.09805863,-0.20887,0.5672662,23.84937238493724
NORMAL/NORMAL-33637-1.jpeg,cbam_resnet,7,42,3.375362,-0.4688744,-0.4311803,-0.81849694,49.37238493723849
NORMAL/NORMAL-3373954-1.jpeg,cbam_resnet,7,42,4.1552873,-0.006126892,-0.5824026,0.13036275,80.3347280334728
NORMAL/NORMAL-3380901-1.jpeg,cbam_resnet,7,42,3.1445963,-0.38133168,-0.24553126,-0.7795598,35.146443514644346
NORMAL/NORMAL-338568-1.jpeg,cbam_resnet,7,42,3.1154253,-0.53219557,-0.6978289,-0.6664968,33.89121338912134
NORMAL/NORMAL-3390782-1.jpeg,cbam_resnet,7,42,4.258796,-0.5919161,-0.30455655,-0.37526166,82.84518828451883
NORMAL/NORMAL-3398969-1.jpeg,cbam_resnet,7,42,3.2889924,-0.7459021,-0.4859761,-0.8425703,44.35146443514644
NORMAL/NORMAL-3399839-1.jpeg,cbam_resnet,7,42,2.6785202,-0.21041359,-0.6705714,0.13238925,9.205020920502092
NORMAL/NORMAL-3416330-1.jpeg,cbam_resnet,7,42,3.763651,0.07911147,0.53620064,0.23424415,64.85355648535564
NORMAL/NORMAL-3431386-1.jpeg,cbam_resnet,7,42,2.8159006,-0.738287,-0.63203263,-0.7752921,15.062761506276152
NORMAL/NORMAL-3451887-1.jpeg,cbam_resnet,7,42,4.297202,-0.5502393,-0.7624329,-0.6894578,83.68200836820083
NORMAL/NORMAL-3465750-1.jpeg,cbam_resnet,7,42,3.3855357,-0.53133607,-0.67091346,-0.76937217,50.2092050209205
NORMAL/NORMAL-3466714-1.jpeg,cbam_resnet,7,42,3.0787091,0.66659796,0.44628578,0.69630617,29.707112970711297
NORMAL/NORMAL-3475211-1.jpeg,cbam_resnet,7,42,3.2339692,-0.6536375,-0.7978665,-0.6396162,40.58577405857741
NORMAL/NORMAL-348347-1.jpeg,cbam_resnet,7,42,3.249517,-0.2933797,-0.7616421,-0.1331702,41.84100418410041
NORMAL/NORMAL-349021-1.jpeg,cbam_resnet,7,42,2.2260523,-0.82050985,-0.6682781,-0.31799746,2.092050209205021
NORMAL/NORMAL-351109-1.jpeg,cbam_resnet,7,42,3.9644027,-0.6319363,-0.8348689,-0.5168499,73.22175732217573
NORMAL/NORMAL-351109-2.jpeg,cbam_resnet,7,42,2.394515,-0.26235533,-0.3733255,0.20084569,3.3472803347280333
NORMAL/NORMAL-3531215-1.jpeg,cbam_resnet,7,42,3.600884,-0.7205547,-0.7067865,-0.7870418,57.74058577405857
NORMAL/NORMAL-3538316-1.jpeg,cbam_resnet,7,42,2.493805,0.7469929,0.74312127,0.5205641,5.02092050209205
NORMAL/NORMAL-3561306-1.jpeg,cbam_resnet,7,42,3.4039497,-0.42219982,-0.025253382,-0.7665087,51.46443514644351
NORMAL/NORMAL-3561306-2.jpeg,cbam_resnet,7,42,3.1469653,-0.7475917,-0.7275729,-0.70552254,35.56485355648535
NORMAL/NORMAL-366503-1.jpeg,cbam_resnet,7,42,4.715362,-0.5658624,-0.70042175,-0.75854266,92.46861924686193
NORMAL/NORMAL-366503-2.jpeg,cbam_resnet,7,42,4.017002,0.5336554,0.20201257,0.83278096,75.31380753138075
NORMAL/NORMAL-36734-1.jpeg,cbam_resnet,7,42,3.3393805,-0.69193804,-0.68859273,-0.76394284,46.44351464435147
NORMAL/NORMAL-37818-1.jpeg,cbam_resnet,7,42,3.6524136,0.38370115,-0.09160805,0.45778453,61.50627615062761
NORMAL/NORMAL-395557-1.jpeg,cbam_resnet,7,42,2.3439825,-0.14778742,-0.6306826,0.08612387,2.928870292887029
NORMAL/NORMAL-402066-1.jpeg,cbam_resnet,7,42,5.681465,0.26590163,-0.049609363,0.71017957,98.32635983263597
NORMAL/NORMAL-402066-2.jpeg,cbam_resnet,7,42,3.3640225,0.21783283,0.26715183,0.75014114,48.95397489539749
NORMAL/NORMAL-402066-3.jpeg,cbam_resnet,7,42,3.9474928,-0.5531539,-0.7907165,-0.6477969,71.54811715481172
NORMAL/NORMAL-402066-4.jpeg,cbam_resnet,7,42,4.145646,0.43910772,-0.27969944,-0.05201405,79.9163179916318
NORMAL/NORMAL-402066-5.jpeg,cbam_resnet,7,42,2.6140287,-0.4896249,-0.75628674,-0.13727137,7.949790794979079
NORMAL/NORMAL-438684-1.jpeg,cbam_resnet,7,42,3.7515514,-0.6846762,-0.78457326,-0.70478463,64.43514644351464
NORMAL/NORMAL-438684-2.jpeg,cbam_resnet,7,42,4.669391,-0.21169153,-0.5044396,-0.6435765,91.63179916317992
NORMAL/NORMAL-438684-3.jpeg,cbam_resnet,7,42,3.6393354,-0.5395857,-0.5379915,-0.8168885,60.66945606694561
NORMAL/NORMAL-443980-1.jpeg,cbam_resnet,7,42,3.2816684,-0.71496534,-0.7334074,-0.73279375,43.09623430962343
NORMAL/NORMAL-446851-1.jpeg,cbam_resnet,7,42,3.5274792,0.7183863,0.4351079,0.83716226,54.811715481171554
NORMAL/NORMAL-447690-1.jpeg,cbam_resnet,7,42,3.3928201,-0.5499082,-0.8215034,-0.43277755,51.04602510460251
NORMAL/NORMAL-447690-2.jpeg,cbam_resnet,7,42,2.9414437,-0.5845155,-0.83556604,-0.3671674,20.502092050209207
NORMAL/NORMAL-450532-1.jpeg,cbam_resnet,7,42,3.229622,-0.7221813,-0.11322817,-0.45118982,40.1673640167364
NORMAL/NORMAL-450923-1.jpeg,cbam_resnet,7,42,4.6510186,-0.7736996,-0.4779098,-0.70675457,90.7949790794979
NORMAL/NORMAL-450923-2.jpeg,cbam_resnet,7,42,3.8281977,-0.763065,-0.7123804,-0.2373265,66.52719665271967
NORMAL/NORMAL-460711-1.jpeg,cbam_resnet,7,42,5.131906,-0.5050166,-0.7960546,-0.26765618,95.81589958158996
NORMAL/NORMAL-460844-1.jpeg,cbam_resnet,7,42,3.2996755,-0.7364278,-0.6646962,-0.77054065,45.60669456066946
NORMAL/NORMAL-466978-1.jpeg,cbam_resnet,7,42,4.4859977,-0.55459535,-0.82826716,-0.5433943,88.70292887029288
NORMAL/NORMAL-469935-1.jpeg,cbam_resnet,7,42,3.3424146,-0.5154949,-0.8615315,-0.48032135,47.28033472803347
NORMAL/NORMAL-4761187-1.jpeg,cbam_resnet,7,42,5.0770345,-0.020463012,-0.42414272,0.40242228,94.97907949790795
NORMAL/NORMAL-4790999-1.jpeg,cbam_resnet,7,42,3.651837,-0.6900842,-0.80011487,-0.6191942,61.08786610878661
NORMAL/NORMAL-48053-1.jpeg,cbam_resnet,7,42,3.151333,-0.22701858,-0.36992085,-0.62374896,35.98326359832636
NORMAL/NORMAL-4839633-1.jpeg,cbam_resnet,7,42,4.1963596,-0.7579385,-0.62413186,-0.80561066,81.58995815899581
NORMAL/NORMAL-486271-1.jpeg,cbam_resnet,7,42,3.7062912,-0.5817699,-0.32084176,-0.8293599,62.76150627615063
NORMAL/NORMAL-508852-1.jpeg,cbam_resnet,7,42,3.092118,0.6232476,0.6180731,0.7153767,30.543933054393307
NORMAL/NORMAL-508852-2.jpeg,cbam_resnet,7,42,3.8523655,0.6220796,0.713828,0.31099793,67.36401673640168
NORMAL/NORMAL-519372-1.jpeg,cbam_resnet,7,42,3.041266,0.26806435,0.43569204,0.6060143,27.19665271966527
NORMAL/NORMAL-524640-1.jpeg,cbam_resnet,7,42,2.9075515,-0.3089205,-0.44457325,0.24921161,18.828451882845187
NORMAL/NORMAL-544457-1.jpeg,cbam_resnet,7,42,3.194958,-0.5408788,-0.7977639,-0.6099177,37.65690376569037
NORMAL/NORMAL-544711-1.jpeg,cbam_resnet,7,42,3.1154234,0.36924273,0.1827384,0.80631804,33.47280334728033
NORMAL/NORMAL-547422-1.jpeg,cbam_resnet,7,42,3.6299756,-0.61927664,-0.55097425,-0.79469,60.25104602510461
NORMAL/NORMAL-547422-2.jpeg,cbam_resnet,7,42,2.735617,-0.721753,-0.8435274,-0.371906,11.297071129707113
NORMAL/NORMAL-549356-1.jpeg,cbam_resnet,7,42,2.149599,-0.75147796,-0.55031943,-0.82911813,1.6736401673640167
NORMAL/NORMAL-549356-2.jpeg,cbam_resnet,7,42,3.0285861,0.035761893,0.4474723,-0.33525968,25.523012552301257
NORMAL/NORMAL-549356-3.jpeg,cbam_resnet,7,42,3.2273288,-0.28036657,0.23743248,-0.065558285,39.74895397489539
NORMAL/NORMAL-552739-1.jpeg,cbam_resnet,7,42,3.6037233,-0.5972844,-0.7209772,-0.75363797,58.15899581589959
NORMAL/NORMAL-557437-1.jpeg,cbam_resnet,7,42,4.57546,-0.57492447,-0.75407034,-0.68774766,89.5397489539749
NORMAL/NORMAL-557437-2.jpeg,cbam_resnet,7,42,4.291186,-0.393051,-0.789618,-0.4277619,83.26359832635984
NORMAL/NORMAL-565818-1.jpeg,cbam_resnet,7,42,3.9240422,-0.44336504,0.0028167367,-0.7502857,69.8744769874477
NORMAL/NORMAL-566040-1.jpeg,cbam_resnet,7,42,2.8663046,-0.325243,-0.50187993,-0.7778635,17.99163179916318
NORMAL/NORMAL-568518-1.jpeg,cbam_resnet,7,42,3.85033,-0.6625644,-0.8104814,-0.62562406,66.94560669456067
NORMAL/NORMAL-568518-2.jpeg,cbam_resnet,7,42,3.9433897,0.35231936,0.56861234,0.33992168,70.7112970711297
NORMAL/NORMAL-571157-1.jpeg,cbam_resnet,7,42,2.3989296,-0.46846843,-0.64594996,-0.48786783,3.765690376569038
NORMAL/NORMAL-571484-1.jpeg,cbam_resnet,7,42,3.0659454,-0.71403635,-0.32361048,-0.80695564,28.870292887029287
NORMAL/NORMAL-572972-1.jpeg,cbam_resnet,7,42,2.7446408,-0.61444926,-0.39905804,-0.8067991,12.133891213389122
NORMAL/NORMAL-574089-1.jpeg,cbam_resnet,7,42,2.9258423,-0.75283074,-0.48244596,-0.81116736,19.665271966527197
NORMAL/NORMAL-582215-1.jpeg,cbam_resnet,7,42,3.9494867,0.207876,0.51105803,0.5213947,72.38493723849372
NORMAL/NORMAL-588227-1.jpeg,cbam_resnet,7,42,2.4319582,-0.77565765,-0.5635127,-0.80379295,4.602510460251046
NORMAL/NORMAL-60471-1.jpeg,cbam_resnet,7,42,4.5376325,0.6165328,0.8384458,0.38229868,89.1213389121339
NORMAL/NORMAL-605310-1.jpeg,cbam_resnet,7,42,4.0197043,0.6269665,0.80041826,0.5715898,75.73221757322176
NORMAL/NORMAL-626127-1.jpeg,cbam_resnet,7,42,5.1909895,-0.8262724,-0.61160576,-0.7349262,96.65271966527197
NORMAL/NORMAL-628048-1.jpeg,cbam_resnet,7,42,2.7221606,0.6116365,0.4020139,0.735477,10.87866108786611
NORMAL/NORMAL-629493-1.jpeg,cbam_resnet,7,42,3.2164686,-0.80935794,-0.6232866,-0.762828,39.33054393305439
NORMAL/NORMAL-651257-1.jpeg,cbam_resnet,7,42,2.3234131,-0.4338547,-0.48024994,0.141352,2.510460251046025
NORMAL/NORMAL-655117-1.jpeg,cbam_resnet,7,42,3.5116508,0.4981789,0.3699774,0.1368312,53.97489539748954
NORMAL/NORMAL-655447-1.jpeg,cbam_resnet,7,42,3.783873,-0.83339727,-0.6052954,-0.6850261,65.69037656903765
NORMAL/NORMAL-664536-1.jpeg,cbam_resnet,7,42,3.613054,-0.6980375,-0.772889,-0.39717746,58.57740585774059
NORMAL/NORMAL-66515-1.jpeg,cbam_resnet,7,42,4.435463,-0.54228866,-0.8206165,-0.569253,87.02928870292888
NORMAL/NORMAL-672619-1.jpeg,cbam_resnet,7,42,3.8597796,-0.72263676,-0.77140594,-0.70302176,68.20083682008368
NORMAL/NORMAL-692554-1.jpeg,cbam_resnet,7,42,2.564859,-0.6655258,-0.42171365,-0.8687799,6.694560669456067
NORMAL/NORMAL-693575-1.jpeg,cbam_resnet,7,42,3.7963479,-0.031043082,0.44244084,-0.3603145,66.10878661087865
NORMAL/NORMAL-744709-1.jpeg,cbam_resnet,7,42,4.1347094,-0.5473784,-0.6366396,-0.76722544,79.49790794979079
NORMAL/NORMAL-755659-1.jpeg,cbam_resnet,7,42,3.0346224,-0.6822649,-0.7700901,-0.6118565,25.94142259414226
NORMAL/NORMAL-758272-1.jpeg,cbam_resnet,7,42,2.7967696,-0.22055367,-0.7528317,-0.28665835,13.807531380753138
NORMAL/NORMAL-76914-1.jpeg,cbam_resnet,7,42,4.6969714,-0.27195787,-0.5948962,-0.6715971,92.05020920502092
NORMAL/NORMAL-772481-1.jpeg,cbam_resnet,7,42,3.948581,-0.59027064,-0.7145316,-0.7219884,71.96652719665272
NORMAL/NORMAL-84466-1.jpeg,cbam_resnet,7,42,3.7786775,-0.67870593,-0.6567473,-0.8069558,65.27196652719665
NORMAL/NORMAL-85367-1.jpeg,cbam_resnet,7,42,5.1739874,-0.28388,-0.6610433,-0.59465384,96.23430962343096
NORMAL/NORMAL-9251-1.jpeg,cbam_resnet,7,42,3.349011,-0.70530206,-0.683921,-0.7627281,47.69874476987448
NORMAL/NORMAL-98720-1.jpeg,cbam_resnet,7,42,4.0629444,-0.21301705,0.17000128,-0.564046,78.24267782426779
NORMAL/NORMAL-1017237-1.jpeg,cbam_resnet,8,84,3.8578749,-0.6475311,-0.5425488,-0.77162576,84.64730290456431
NORMAL/NORMAL-101880-1.jpeg,cbam_resnet,8,84,2.6616356,-0.50099957,-0.44689274,-0.7362748,22.821576763485478
NORMAL/NORMAL-1025847-1.jpeg,cbam_resnet,8,84,3.017612,0.15935247,0.08266483,-0.2699191,41.90871369294606
NORMAL/NORMAL-1038998-1.jpeg,cbam_resnet,8,84,2.6603363,-0.6951716,-0.70628417,-0.77315056,22.40663900414938
NORMAL/NORMAL-1042462-1.jpeg,cbam_resnet,8,84,6.210573,0.5229451,0.3661583,0.79086494,100.0
NORMAL/NORMAL-1058176-1.jpeg,cbam_resnet,8,84,4.193932,-0.2857523,-0.54393953,0.13606477,94.6058091286307
NORMAL/NORMAL-1063128-1.jpeg,cbam_resnet,8,84,3.138718,-0.7634681,-0.74228275,-0.67121315,49.79253112033195
NORMAL/NORMAL-1073137-1.jpeg,cbam_resnet,8,84,2.6859863,-0.6416778,-0.8272065,-0.55872595,24.896265560165975
NORMAL/NORMAL-1081406-1.jpeg,cbam_resnet,8,84,3.706751,0.42729878,0.43848884,0.7770177,74.68879668049793
NORMAL/NORMAL-112928-1.jpeg,cbam_resnet,8,84,4.2390547,-0.54879284,-0.8143555,-0.552899,96.2655601659751
NORMAL/NORMAL-119840-1.jpeg,cbam_resnet,8,84,2.7858,-0.20162413,0.22538745,-0.025536902,29.460580912863072
NORMAL/NORMAL-12494-1.jpeg,cbam_resnet,8,84,1.7730095,-0.41803956,-0.27310857,-0.40471578,0.8298755186721992
NORMAL/NORMAL-12494-2.jpeg,cbam_resnet,8,84,3.8316894,-0.5094049,-0.82380116,-0.3725352,82.15767634854771
NORMAL/NORMAL-12494-3.jpeg,cbam_resnet,8,84,2.0256577,-0.4931146,-0.8362193,-0.3517636,3.319502074688797
NORMAL/NORMAL-12494-4.jpeg,cbam_resnet,8,84,3.751652,-0.5894915,-0.82917345,-0.4745665,77.59336099585063
NORMAL/NORMAL-12494-5.jpeg,cbam_resnet,8,84,3.0043483,-0.40402225,0.08384342,-0.4142235,41.49377593360996
NORMAL/NORMAL-133321-1.jpeg,cbam_resnet,8,84,3.3696754,-0.6566413,-0.7582087,-0.72552174,64.31535269709543
NORMAL/NORMAL-138971-1.jpeg,cbam_resnet,8,84,3.1828904,-0.6978664,-0.7098443,-0.7142043,51.867219917012456
NORMAL/NORMAL-15208-1.jpeg,cbam_resnet,8,84,3.157891,-0.7068959,-0.7149277,-0.7205142,50.62240663900415
NORMAL/NORMAL-15307-1.jpeg,cbam_resnet,8,84,3.3414094,0.3346436,0.2824974,0.72082263,62.655601659751035
NORMAL/NORMAL-153950-1.jpeg,cbam_resnet,8,84,2.4806573,-0.5693896,-0.6234492,-0.15089694,14.522821576763487
NORMAL/NORMAL-1746717-1.jpeg,cbam_resnet,8,84,3.1693783,-0.61821854,-0.4210073,-0.2907245,51.45228215767634
NORMAL/NORMAL-1759350-1.jpeg,cbam_resnet,8,84,3.6736953,-0.49839485,-0.30396613,-0.7782024,73.85892116182573
NORMAL/NORMAL-1781140-1.jpeg,cbam_resnet,8,84,2.580557,-0.45936573,-0.8059024,-0.4168915,19.91701244813278
NORMAL/NORMAL-1791409-1.jpeg,cbam_resnet,8,84,2.224306,-0.63579714,-0.78847593,-0.38248676,7.883817427385892
NORMAL/NORMAL-1831654-1.jpeg,cbam_resnet,8,84,3.2421665,-0.7135557,-0.7314595,-0.6554008,56.43153526970954
NORMAL/NORMAL-1853526-1.jpeg,cbam_resnet,8,84,2.875802,-0.56552196,-0.7560016,-0.27346575,35.26970954356847
NORMAL/NORMAL-1860310-1.jpeg,cbam_resnet,8,84,3.8303177,-0.6787519,-0.6087256,-0.788309,81.32780082987551
NORMAL/NORMAL-1897894-1.jpeg,cbam_resnet,8,84,2.8334944,0.2061773,0.22234608,0.4020161,31.950207468879665
NORMAL/NORMAL-1907560-1.jpeg,cbam_resnet,8,84,2.8580887,0.5461598,0.47632653,0.7790407,33.60995850622407
NORMAL/NORMAL-1908313-1.jpeg,cbam_resnet,8,84,3.8510523,-0.6110132,-0.8261854,-0.5766354,83.40248962655602
NORMAL/NORMAL-1951042-1.jpeg,cbam_resnet,8,84,2.8634813,-0.6949103,-0.79033065,-0.5932775,34.439834024896264
NORMAL/NORMAL-1957379-1.jpeg,cbam_resnet,8,84,3.064303,-0.7164104,-0.8221473,-0.680195,45.22821576763486
NORMAL/NORMAL-197082-1.jpeg,cbam_resnet,8,84,4.158301,-0.10111243,-0.30299643,0.37538242,93.3609958506224
NORMAL/NORMAL-1983894-1.jpeg,cbam_resnet,8,84,3.4246714,-0.083021745,-0.44729847,-0.40583068,66.80497925311202
NORMAL/NORMAL-1988065-1.jpeg,cbam_resnet,8,84,2.6549525,-0.72661775,-0.49350366,-0.713903,21.57676348547718
NORMAL/NORMAL-1989796-1.jpeg,cbam_resnet,8,84,3.855514,0.68319917,0.550518,0.49126545,84.23236514522821
NORMAL/NORMAL-1998191-1.jpeg,cbam_resnet,8,84,2.9222949,-0.5112866,-0.73373836,-0.64172655,36.51452282157676
NORMAL/NORMAL-2010714-1.jpeg,cbam_resnet,8,84,3.5408247,-0.67893994,-0.67173874,-0.7336649,69.29460580912863
NORMAL/NORMAL-2011412-1.jpeg,cbam_resnet,8,84,2.5896218,0.21392901,-0.038667202,0.54096276,20.33195020746888
NORMAL/NORMAL-2019006-1.jpeg,cbam_resnet,8,84,3.0323346,-0.36306673,-0.64271915,-0.047284205,42.738589211618255
NORMAL/NORMAL-2019423-1.jpeg,cbam_resnet,8,84,2.3840554,0.20784953,0.18680659,0.65606797,11.20331950207469
NORMAL/NORMAL-2055634-1.jpeg,cbam_resnet,8,84,2.6670315,-0.57757807,-0.5469334,-0.6316191,23.236514522821576
NORMAL/NORMAL-2059629-1.jpeg,cbam_resnet,8,84,4.1084967,-0.24067047,0.241584,-0.07966923,92.11618257261411
NORMAL/NORMAL-2075832-1.jpeg,cbam_resnet,8,84,3.9695895,-0.33934638,-0.74326646,-0.32541603,88.38174273858921
NORMAL/NORMAL-2082689-1.jpeg,cbam_resnet,8,84,3.2877855,0.38664648,0.6023031,0.63238764,59.75103734439834
NORMAL/NORMAL-2095710-1.jpeg,cbam_resnet,8,84,3.019757,-0.67330587,-0.7892961,-0.70933807,42.32365145228216
NORMAL/NORMAL-2113822-1.jpeg,cbam_resnet,8,84,2.9827745,-0.6438757,-0.79835385,-0.4847852,40.66390041493776
NORMAL/NORMAL-2120559-1.jpeg,cbam_resnet,8,84,2.5693686,-0.5635584,-0.70091426,-0.7309806,19.502074688796682
NORMAL/NORMAL-2120559-2.jpeg,cbam_resnet,8,84,2.5134718,-0.3551702,-0.12223155,-0.64730465,16.182572614107883
NORMAL/NORMAL-2120559-3.jpeg,cbam_resnet,8,84,3.455336,-0.6041458,-0.66659975,-0.6512425,68.46473029045643
NORMAL/NORMAL-2126186-1.jpeg,cbam_resnet,8,84,2.4937549,-0.65426576,-0.8204257,-0.59886575,14.937759336099585
NORMAL/NORMAL-2131138-1.jpeg,cbam_resnet,8,84,3.7471378,-0.48824087,-0.5893422,-0.11362221,77.17842323651453
NORMAL/NORMAL-2158556-1.jpeg,cbam_resnet,8,84,3.5527651,-0.7058824,-0.81431144,-0.54885155,69.70954356846472
NORMAL/NORMAL-2167295-1.jpeg,cbam_resnet,8,84,3.9952383,-0.64917266,-0.7201477,-0.7222994,89.62655601659752
NORMAL/NORMAL-2181272-1.jpeg,cbam_resnet,8,84,3.0449567,-0.34847862,-0.63611054,-0.4782986,43.15352697095436
NORMAL/NORMAL-2192790-1.jpeg,cbam_resnet,8,84,4.198097,-0.67771554,-0.80572426,-0.683894,95.0207468879668
NORMAL/NORMAL-2197972-1.jpeg,cbam_resnet,8,84,3.3458982,-0.6302602,-0.82738614,-0.5557344,63.07053941908713
NORMAL/NORMAL-2226488-1.jpeg,cbam_resnet,8,84,3.791333,-0.30749547,-0.46826014,-0.45561972,80.08298755186722
NORMAL/NORMAL-2231056-1.jpeg,cbam_resnet,8,84,3.0503874,-0.64611167,-0.6285893,-0.8064685,43.56846473029046
NORMAL/NORMAL-223814-1.jpeg,cbam_resnet,8,84,3.7422295,-0.30430946,-0.34094906,-0.025891498,76.34854771784232
NORMAL/NORMAL-2244950-1.jpeg,cbam_resnet,8,84,4.5103683,-0.3766783,-0.7608565,-0.2068199,97.0954356846473
NORMAL/NORMAL-2287992-1.jpeg,cbam_resnet,8,84,3.8844047,-0.71365315,-0.7766502,-0.6929019,85.47717842323651
NORMAL/NORMAL-2305502-1.jpeg,cbam_resnet,8,84,3.7868242,-0.5599768,-0.8503957,-0.34226447,79.66804979253112
NORMAL/NORMAL-2312921-1.jpeg,cbam_resnet,8,84,2.99816,0.55888474,0.7946653,0.2765559,41.078838174273855
NORMAL/NORMAL-2316423-1.jpeg,cbam_resnet,8,84,2.7832663,-0.56332266,-0.82397574,-0.56951356,29.045643153526974
NORMAL/NORMAL-2335256-1.jpeg,cbam_resnet,8,84,2.9650195,-0.6672851,-0.5738503,-0.47980538,38.589211618257266
NORMAL/NORMAL-2342517-1.jpeg,cbam_resnet,8,84,3.6507552,-0.7090341,-0.71479976,-0.6365781,73.02904564315352
NORMAL/NORMAL-2350851-1.jpeg,cbam_resnet,8,84,3.9329858,-0.68001735,-0.5683397,-0.7966963,87.13692946058092
NORMAL/NORMAL-2351012-1.jpeg,cbam_resnet,8,84,4.2060604,0.0008151978,0.52748585,0.016884968,95.4356846473029
NORMAL/NORMAL-2362579-1.jpeg,cbam_resnet,8,84,2.958751,-0.6733116,-0.50173575,-0.8112385,37.75933609958506
NORMAL/NORMAL-2366700-1.jpeg,cbam_resnet,8,84,2.9800997,-0.55291873,-0.8381327,-0.48931572,39.83402489626556
NORMAL/NORMAL-2373878-1.jpeg,cbam_resnet,8,84,2.2435348,-0.6197639,-0.82185507,-0.333403,8.29875518672199
NORMAL/NORMAL-2377429-1.jpeg,cbam_resnet,8,84,3.906985,0.08923262,0.02583079,0.56853306,85.89211618257261
NORMAL/NORMAL-2392366-1.jpeg,cbam_resnet,8,84,3.2121916,0.3792095,0.79148626,0.18152642,53.941908713692946
NORMAL/NORMAL-2397754-1.jpeg,cbam_resnet,8,84,2.451477,-0.6817198,-0.42796856,-0.30710906,13.692946058091287
NORMAL/NORMAL-2403175-1.jpeg,cbam_resnet,8,84,4.155971,-0.214522,-0.6092245,0.10002315,92.9460580912863
NORMAL/NORMAL-2416187-1.jpeg,cbam_resnet,8,84,3.332299,-0.7265502,-0.7595314,-0.7323333,62.24066390041494
NORMAL/NORMAL-2421067-1.jpeg,cbam_resnet,8,84,2.3018954,-0.62017006,-0.5578583,-0.80942005,9.12863070539419
NORMAL/NORMAL-2424949-1.jpeg,cbam_resnet,8,84,2.5685844,-0.55835366,-0.42188227,-0.81353724,19.08713692946058
NORMAL/NORMAL-2434258-1.jpeg,cbam_resnet,8,84,2.090731,0.2353202,0.49806905,0.5652033,3.7344398340248963
NORMAL/NORMAL-2436365-1.jpeg,cbam_resnet,8,84,3.0643759,-0.6900323,-0.80925566,-0.6269202,45.643153526970956
NORMAL/NORMAL-2448954-1.jpeg,cbam_resnet,8,84,3.234388,-0.6663788,-0.77919364,-0.6759418,55.601659751037346
NORMAL/NORMAL-2459401-1.jpeg,cbam_resnet,8,84,3.5561593,-0.7121547,-0.7320068,-0.68861985,70.53941908713693
NORMAL/NORMAL-2460548-1.jpeg,cbam_resnet,8,84,3.262555,-0.36594525,-0.019668352,-0.66269153,58.50622406639005
NORMAL/NORMAL-2476896-1.jpeg,cbam_resnet,8,84,3.3298676,-0.32678705,-0.034947235,-0.6072187,61.82572614107884
NORMAL/NORMAL-2493975-1.jpeg,cbam_resnet,8,84,3.8208902,-0.65295726,-0.5405312,-0.8092323,80.91286307053942
NORMAL/NORMAL-2504667-1.jpeg,cbam_resnet,8,84,3.159048,-0.7334949,-0.71816874,-0.7175141,51.037344398340245
NORMAL/NORMAL-2509453-1.jpeg,cbam_resnet,8,84,3.627739,0.339413,0.6072238,0.46603537,71.36929460580913
NORMAL/NORMAL-2517546-1.jpeg,cbam_resnet,8,84,3.0536401,0.06984296,0.4204083,-0.34448057,43.983402489626556
NORMAL/NORMAL-2549549-1.jpeg,cbam_resnet,8,84,2.7956722,-0.016806062,0.2018373,-0.4769863,29.87551867219917
NORMAL/NORMAL-2551333-1.jpeg,cbam_resnet,8,84,3.302226,-0.67800856,-0.377972,-0.63880193,60.58091286307054
NORMAL/NORMAL-2569106-1.jpeg,cbam_resnet,8,84,2.767195,-0.6786299,-0.8198204,-0.69428504,28.21576763485477
NORMAL/NORMAL-2570020-1.jpeg,cbam_resnet,8,84,2.4410398,-0.51135963,-0.6729399,-0.6535289,13.278008298755188
NORMAL/NORMAL-2579419-1.jpeg,cbam_resnet,8,84,2.0908935,0.45042726,0.5820378,0.037405543,4.149377593360995
NORMAL/NORMAL-2598368-1.jpeg,cbam_resnet,8,84,2.5565155,0.08349855,0.47918433,0.09756325,18.672199170124482
NORMAL/NORMAL-2602596-1.jpeg,cbam_resnet,8,84,3.9126463,-0.071953565,0.4473893,-0.1415619,86.72199170124482
NORMAL/NORMAL-2627129-1.jpeg,cbam_resnet,8,84,2.4308925,-0.11090173,0.13458817,-0.54657555,12.448132780082988
NORMAL/NORMAL-2633503-1.jpeg,cbam_resnet,8,84,3.8328362,-0.21537718,0.006350387,-0.13502456,82.57261410788381
NORMAL/NORMAL-2636641-1.jpeg,cbam_resnet,8,84,2.5298347,0.5688343,0.7583889,0.34850964,17.42738589211618
NORMAL/NORMAL-2665491-1.jpeg,cbam_resnet,8,84,2.9779646,-0.6994707,-0.5956075,-0.7999378,39.41908713692946
NORMAL/NORMAL-269181-1.jpeg,cbam_resnet,8,84,2.7123795,0.1716209,0.49000472,0.48563337,25.72614107883817
NORMAL/NORMAL-2705520-1.jpeg,cbam_resnet,8,84,2.80878,0.30751637,0.13393696,0.714628,30.70539419087137
NORMAL/NORMAL-2709055-1.jpeg,cbam_resnet,8,84,2.7166946,-0.6496134,-0.59048355,-0.8034011,26.141078838174277
NORMAL/NORMAL-2733663-1.jpeg,cbam_resnet,8,84,3.97322,-0.5620526,-0.8125275,-0.37284252,88.79668049792531
NORMAL/NORMAL-2739821-1.jpeg,cbam_resnet,8,84,2.1528013,-0.5540587,-0.20288526,-0.72269046,5.394190871369295
NORMAL/NORMAL-2769622-1.jpeg,cbam_resnet,8,84,3.8356223,-0.67174375,-0.80983925,-0.5892353,82.98755186721992
NORMAL/NORMAL-2769622-2.jpeg,cbam_resnet,8,84,3.4673755,0.6547927,0.7999876,0.46735683,68.87966804979253
NORMAL/NORMAL-279206-1.jpeg,cbam_resnet,8,84,3.6224558,0.6481891,0.8215608,0.5152304,70.95435684647303
NORMAL/NORMAL-283376-1.jpeg,cbam_resnet,8,84,4.8319902,-0.5795476,-0.7805865,-0.34687486,98.7551867219917
NORMAL/NORMAL-285896-1.jpeg,cbam_resnet,8,84,3.2419147,0.08106247,-0.14513686,0.47683933,56.016597510373444
NORMAL/NORMAL-2973935-1.jpeg,cbam_resnet,8,84,2.6436348,-0.7525362,-0.66054976,-0.6369192,20.74688796680498
NORMAL/NORMAL-3059523-1.jpeg,cbam_resnet,8,84,4.1452837,-0.66117024,-0.8109809,-0.57371694,92.5311203319502
NORMAL/NORMAL-307151-1.jpeg,cbam_resnet,8,84,3.253321,-0.6276388,-0.3504977,-0.67514306,56.84647302904564
NORMAL/NORMAL-307151-2.jpeg,cbam_resnet,8,84,2.5448704,0.6454214,0.7240521,0.5578781,18.25726141078838
NORMAL/NORMAL-3077276-1.jpeg,cbam_resnet,8,84,3.7746868,-0.7170674,-0.7310431,-0.7038095,78.42323651452283
NORMAL/NORMAL-3100637-1.jpeg,cbam_resnet,8,84,2.7982223,-0.54677284,-0.79116106,-0.4807434,30.29045643153527
NORMAL/NORMAL-3103940-1.jpeg,cbam_resnet,8,84,2.132576,-0.7103896,-0.777053,-0.47213393,4.979253112033195
NORMAL/NORMAL-3108564-1.jpeg,cbam_resnet,8,84,2.1564856,-0.7436584,-0.76541007,-0.7170516,5.809128630705394
NORMAL/NORMAL-3134896-1.jpeg,cbam_resnet,8,84,2.867042,-0.1340506,0.17297101,0.2917784,34.85477178423236
NORMAL/NORMAL-3166591-1.jpeg,cbam_resnet,8,84,2.2491724,-0.65486556,-0.8558368,-0.5423072,8.71369294605809
NORMAL/NORMAL-3220509-1.jpeg,cbam_resnet,8,84,3.213825,-0.72872424,-0.81273687,-0.6241528,54.356846473029044
NORMAL/NORMAL-3244919-1.jpeg,cbam_resnet,8,84,3.7154896,-0.6007294,-0.7283584,-0.73333055,75.10373443983403
NORMAL/NORMAL-3256489-1.jpeg,cbam_resnet,8,84,2.9765422,-0.08792028,-0.32846534,0.25379536,39.004149377593365
NORMAL/NORMAL-3277704-1.jpeg,cbam_resnet,8,84,2.8625424,-0.5553271,-0.5248837,-0.7298802,34.024896265560166
NORMAL/NORMAL-3300015-1.jpeg,cbam_resnet,8,84,3.3901577,-0.6676308,-0.8079053,-0.6356329,65.14522821576763
NORMAL/NORMAL-3307598-1.jpeg,cbam_resnet,8,84,2.2223408,-0.054065004,-0.1559365,0.42753637,7.468879668049793
NORMAL/NORMAL-3307598-2.jpeg,cbam_resnet,8,84,2.835374,-0.6773658,-0.8081277,-0.6788109,33.19502074688796
NORMAL/NORMAL-3308307-1.jpeg,cbam_resnet,8,84,3.1289735,-0.5242805,-0.7954837,-0.346088,48.54771784232365
NORMAL/NORMAL-330905-1.jpeg,cbam_resnet,8,84,3.0943613,-0.4862306,-0.83187556,-0.3961045,46.88796680497925
NORMAL/NORMAL-3320960-1.jpeg,cbam_resnet,8,84,3.157195,0.23884848,0.0069143474,0.63268876,50.20746887966805
NORMAL/NORMAL-3326661-1.jpeg,cbam_resnet,8,84,3.057372,-0.4485141,-0.7778654,-0.2067501,44.398340248962654
NORMAL/NORMAL-3330006-1.jpeg,cbam_resnet,8,84,2.8254595,0.47703055,0.6265903,0.63149273,31.535269709543567
NORMAL/NORMAL-3332063-1.jpeg,cbam_resnet,8,84,2.900451,-0.57799286,-0.77592105,-0.59041476,35.684647302904565
NORMAL/NORMAL-33350-1.jpeg,cbam_resnet,8,84,3.294325,0.59761953,0.80039346,0.29403874,60.16597510373444
NORMAL/NORMAL-33350-2.jpeg,cbam_resnet,8,84,2.1685138,0.59581983,0.8242037,0.41184798,6.224066390041494
NORMAL/NORMAL-33350-3.jpeg,cbam_resnet,8,84,4.3709526,0.4149013,0.6593263,-0.002142273,96.6804979253112
NORMAL/NORMAL-3340309-1.jpeg,cbam_resnet,8,84,4.0549498,-0.6971824,-0.75245917,-0.6702976,91.28630705394191
NORMAL/NORMAL-3346049-1.jpeg,cbam_resnet,8,84,3.3785295,-0.14665386,0.35227442,-0.32136834,64.73029045643153
NORMAL/NORMAL-3347645-1.jpeg,cbam_resnet,8,84,3.2570412,-0.63117206,-0.6277765,-0.78825605,57.676348547717836
NORMAL/NORMAL-3354044-1.jpeg,cbam_resnet,8,84,3.6378784,-0.7143217,-0.8058504,-0.5818402,72.61410788381743
NORMAL/NORMAL-3361560-1.jpeg,cbam_resnet,8,84,2.9623103,-0.71780133,-0.8332972,-0.613321,38.17427385892116
NORMAL/NORMAL-3361750-1.jpeg,cbam_resnet,8,84,2.7792792,-0.6716675,-0.71221215,-0.7697743,28.63070539419087
NORMAL/NORMAL-33637-1.jpeg,cbam_resnet,8,84,3.5539687,-0.48684806,-0.7165817,-0.22618815,70.12448132780082
NORMAL/NORMAL-3373954-1.jpeg,cbam_resnet,8,84,4.048613,-0.6417319,-0.8389562,-0.6271398,90.87136929460581
NORMAL/NORMAL-3380901-1.jpeg,cbam_resnet,8,84,4.0172677,-0.47868526,-0.423921,-0.76507294,90.04149377593362
NORMAL/NORMAL-338568-1.jpeg,cbam_resnet,8,84,2.76143,-0.23884657,-0.6875204,-0.026836462,27.800829875518673
NORMAL/NORMAL-3390782-1.jpeg,cbam_resnet,8,84,2.677148,-0.6050971,-0.82609606,-0.41868097,24.066390041493776
NORMAL/NORMAL-3398969-1.jpeg,cbam_resnet,8,84,2.932119,-0.7411332,-0.6628092,-0.4767618,36.92946058091287
NORMAL/NORMAL-3399839-1.jpeg,cbam_resnet,8,84,3.8198385,0.050694004,0.121388264,0.5199087,80.49792531120332
NORMAL/NORMAL-3416330-1.jpeg,cbam_resnet,8,84,3.8316379,0.44086492,0.7773599,0.20908657,81.74273858921161
NORMAL/NORMAL-3431386-1.jpeg,cbam_resnet,8,84,2.309719,-0.5679597,-0.13314757,-0.56151587,9.95850622406639
NORMAL/NORMAL-3451887-1.jpeg,cbam_resnet,8,84,3.6532102,-0.66292894,-0.781772,-0.67858624,73.44398340248964
NORMAL/NORMAL-3465750-1.jpeg,cbam_resnet,8,84,2.125461,0.47052437,0.1958544,0.5490721,4.564315352697095
NORMAL/NORMAL-3466714-1.jpeg,cbam_resnet,8,84,2.5147054,-0.6003177,-0.5723118,-0.6605974,16.59751037344398
NORMAL/NORMAL-3475211-1.jpeg,cbam_resnet,8,84,4.6275144,-0.72754425,-0.63583255,-0.6884508,98.3402489626556
NORMAL/NORMAL-348347-1.jpeg,cbam_resnet,8,84,3.0829127,-0.69827306,-0.68912643,-0.7470944,46.47302904564315
NORMAL/NORMAL-349021-1.jpeg,cbam_resnet,8,84,3.3976328,-0.5923135,-0.65366256,-0.20533451,65.97510373443983
NORMAL/NORMAL-351109-1.jpeg,cbam_resnet,8,84,3.8701854,-0.6780779,-0.78059363,-0.6217112,85.06224066390041
NORMAL/NORMAL-351109-2.jpeg,cbam_resnet,8,84,3.1317053,-0.52045983,-0.094686225,-0.56616545,49.37759336099585
NORMAL/NORMAL-3531215-1.jpeg,cbam_resnet,8,84,3.6786506,-0.55701137,-0.7929863,-0.6021773,74.27385892116183
NORMAL/NORMAL-3538316-1.jpeg,cbam_resnet,8,84,2.5426867,-0.5202976,-0.75926787,-0.5900066,17.842323651452283
NORMAL/NORMAL-3561306-1.jpeg,cbam_resnet,8,84,2.353219,-0.5755332,-0.5809647,-0.7958477,10.37344398340249
NORMAL/NORMAL-3561306-2.jpeg,cbam_resnet,8,84,1.9321386,-0.74139094,-0.7327761,-0.7309958,1.6597510373443984
NORMAL/NORMAL-366503-1.jpeg,cbam_resnet,8,84,3.7605278,-0.7005911,-0.827586,-0.5848241,78.00829875518673
NORMAL/NORMAL-366503-2.jpeg,cbam_resnet,8,84,3.6322887,0.42539543,0.13390641,0.71371055,71.78423236514523
NORMAL/NORMAL-36734-1.jpeg,cbam_resnet,8,84,3.1253128,-0.742877,-0.8340496,-0.60278296,47.71784232365145
NORMAL/NORMAL-37818-1.jpeg,cbam_resnet,8,84,4.5240326,-0.66614544,-0.7249765,-0.67070246,97.5103734439834
NORMAL/NORMAL-395557-1.jpeg,cbam_resnet,8,84,2.4100149,-0.6810647,-0.48115584,-0.7685383,11.618257261410788
NORMAL/NORMAL-402066-1.jpeg,cbam_resnet,8,84,2.1728957,-0.43215978,-0.82160723,-0.22939141,6.639004149377594
NORMAL/NORMAL-402066-2.jpeg,cbam_resnet,8,84,3.7768435,-0.639485,-0.53700984,-0.31523162,78.83817427385893
NORMAL/NORMAL-402066-3.jpeg,cbam_resnet,8,84,3.1902812,0.31267452,0.48108694,0.47475317,52.69709543568465
NORMAL/NORMAL-402066-4.jpeg,cbam_resnet,8,84,3.0670013,-0.4431137,-0.8197104,-0.2963925,46.058091286307054
NORMAL/NORMAL-402066-5.jpeg,cbam_resnet,8,84,2.8346317,-0.6539793,-0.8242369,-0.5557885,32.780082987551864
NORMAL/NORMAL-438684-1.jpeg,cbam_resnet,8,84,3.3043003,-0.23082404,0.119548015,-0.57131153,60.99585062240664
NORMAL/NORMAL-438684-2.jpeg,cbam_resnet,8,84,3.9473715,-0.56158245,-0.5484942,-0.80099785,87.96680497925311
NORMAL/NORMAL-438684-3.jpeg,cbam_resnet,8,84,3.2017279,0.5986514,0.84598994,0.41886863,53.52697095435685
NORMAL/NORMAL-443980-1.jpeg,cbam_resnet,8,84,3.1924222,-0.6606363,-0.7477398,-0.7358585,53.11203319502075
NORMAL/NORMAL-446851-1.jpeg,cbam_resnet,8,84,2.7442186,0.69814634,0.80891955,0.562731,27.385892116182575
NORMAL/NORMAL-446851-2.jpeg,cbam_resnet,8,84,3.1263752,0.6517285,0.7053309,0.7252623,48.13278008298755
NORMAL/NORMAL-447690-1.jpeg,cbam_resnet,8,84,2.6592777,-0.72543967,-0.5103071,-0.6494717,21.991701244813278
NORMAL/NORMAL-447690-2.jpeg,cbam_resnet,8,84,2.68433,-0.7041451,-0.5675827,-0.80252707,24.481327800829874
NORMAL/NORMAL-450532-1.jpeg,cbam_resnet,8,84,2.7377386,-0.5695596,-0.2768302,-0.24295405,26.970954356846473
NORMAL/NORMAL-450923-1.jpeg,cbam_resnet,8,84,3.3291283,-0.59445083,-0.743453,-0.3157935,61.41078838174274
NORMAL/NORMAL-450923-2.jpeg,cbam_resnet,8,84,2.6746042,-0.4153041,-0.7580359,-0.50660676,23.651452282157674
NORMAL/NORMAL-460711-1.jpeg,cbam_resnet,8,84,3.452927,-0.6488157,-0.8064262,-0.64375234,68.04979253112033
NORMAL/NORMAL-460844-1.jpeg,cbam_resnet,8,84,3.7425137,-0.7066177,-0.6647152,-0.6954213,76.76348547717843
NORMAL/NORMAL-466978-1.jpeg,cbam_resnet,8,84,4.1928315,-0.6475247,-0.6235524,-0.7807745,94.1908713692946
NORMAL/NORMAL-469935-1.jpeg,cbam_resnet,8,84,3.8531816,-0.027108572,-0.53294426,0.025381707,83.81742738589212
NORMAL/NORMAL-4761187-1.jpeg,cbam_resnet,8,84,3.408834,-0.57528806,-0.8260611,-0.49294442,66.39004149377593
NORMAL/NORMAL-4790999-1.jpeg,cbam_resnet,8,84,3.2828207,-0.5210755,-0.4854587,-0.8031385,59.33609958506224
NORMAL/NORMAL-48053-1.jpeg,cbam_resnet,8,84,2.8102286,0.12684183,-0.0017275698,0.53717285,31.12033195020747
NORMAL/NORMAL-4839633-1.jpeg,cbam_resnet,8,84,4.5428543,-0.73952067,-0.6719041,-0.7050993,97.9253112033195
NORMAL/NORMAL-486271-1.jpeg,cbam_resnet,8,84,2.7226782,-0.70079345,-0.45824164,-0.79434204,26.556016597510375
NORMAL/NORMAL-508852-1.jpeg,cbam_resnet,8,84,1.9545655,0.4204627,0.7753436,0.23421498,2.0746887966804977
NORMAL/NORMAL-508852-2.jpeg,cbam_resnet,8,84,2.9808123,0.6624131,0.7965932,0.48133093,40.24896265560166
NORMAL/NORMAL-519372-1.jpeg,cbam_resnet,8,84,3.1838062,-0.274821,0.17899725,-0.0919195,52.282157676348554
NORMAL/NORMAL-524640-1.jpeg,cbam_resnet,8,84,2.5275018,-0.49148506,-0.6962695,-0.31625175,17.012448132780083
NORMAL/NORMAL-544457-1.jpeg,cbam_resnet,8,84,3.7794244,-0.59157294,-0.77620506,-0.49620605,79.25311203319502
NORMAL/NORMAL-544711-1.jpeg,cbam_resnet,8,84,3.1194913,-0.41111273,0.0378413,-0.48240536,47.30290456431535
NORMAL/NORMAL-547422-1.jpeg,cbam_resnet,8,84,2.6938403,0.32806763,0.26654816,-0.14981087,25.311203319502074
NORMAL/NORMAL-547422-2.jpeg,cbam_resnet,8,84,3.2215543,-0.3125823,-0.59114283,-0.49875832,54.77178423236515
NORMAL/NORMAL-549356-1.jpeg,cbam_resnet,8,84,2.379887,-0.79450655,-0.77635825,-0.68525654,10.78838174273859
NORMAL/NORMAL-549356-2.jpeg,cbam_resnet,8,84,3.0606532,-0.43216035,-0.10942522,-0.6927583,44.81327800829876
NORMAL/NORMAL-549356-3.jpeg,cbam_resnet,8,84,3.7339075,-0.005286528,0.3422472,-0.402061,75.51867219917013
NORMAL/NORMAL-552739-1.jpeg,cbam_resnet,8,84,2.5078325,-0.053494807,-0.058272056,0.46838462,15.767634854771783
NORMAL/NORMAL-557437-1.jpeg,cbam_resnet,8,84,3.3646102,-0.12894252,-0.5650505,0.09779116,63.90041493775933
NORMAL/NORMAL-557437-2.jpeg,cbam_resnet,8,84,3.7377596,-0.5907908,-0.8487023,-0.47290504,75.93360995850622
NORMAL/NORMAL-565818-1.jpeg,cbam_resnet,8,84,3.2577221,-0.48760146,-0.8257366,-0.35550046,58.09128630705395
NORMAL/NORMAL-566040-1.jpeg,cbam_resnet,8,84,2.3052487,-0.70808285,-0.7733494,-0.70445615,9.54356846473029
NORMAL/NORMAL-568518-1.jpeg,cbam_resnet,8,84,4.9985948,-0.580511,-0.78830516,-0.62925726,99.1701244813278
NORMAL/NORMAL-568518-2.jpeg,cbam_resnet,8,84,3.9444325,-0.60981286,-0.7667202,-0.60992575,87.55186721991701
NORMAL/NORMAL-571157-1.jpeg,cbam_resnet,8,84,2.6470642,-0.40186852,-0.26832002,-0.7661035,21.16182572614108
NORMAL/NORMAL-571484-1.jpeg,cbam_resnet,8,84,3.9949827,0.45109048,0.6052058,0.42561102,89.21161825726142
NORMAL/NORMAL-572972-1.jpeg,cbam_resnet,8,84,2.4369144,-0.3681346,-0.4594421,-0.5366977,12.863070539419086
NORMAL/NORMAL-574089-1.jpeg,cbam_resnet,8,84,1.6630306,-0.71622694,-0.5347639,-0.69719714,0.4149377593360996
NORMAL/NORMAL-582215-1.jpeg,cbam_resnet,8,84,3.1302283,-0.5358572,-0.42268917,-0.3780983,48.96265560165975
NORMAL/NORMAL-588227-1.jpeg,cbam_resnet,8,84,2.8341236,-0.6997078,-0.68696415,-0.445331,32.365145228215766
NORMAL/NORMAL-60471-1.jpeg,cbam_resnet,8,84,4.0789695,-0.56608653,-0.21139924,-0.60962886,91.70124481327801
NORMAL/NORMAL-605310-1.jpeg,cbam_resnet,8,84,2.9459128,-0.40833765,-0.4449424,-0.7454436,37.344398340248965
NORMAL/NORMAL-626127-1.jpeg,cbam_resnet,8,84,3.2215917,-0.6052538,-0.83668035,-0.5041694,55.18672199170125
NORMAL/NORMAL-628048-1.jpeg,cbam_resnet,8,84,3.2711842,0.042292878,0.4506219,0.21677747,58.921161825726145
NORMAL/NORMAL-629493-1.jpeg,cbam_resnet,8,84,3.4312065,-0.42852056,-0.009603176,-0.5751523,67.21991701244814
NORMAL/NORMAL-651257-1.jpeg,cbam_resnet,8,84,2.4221666,-0.31623775,-0.40285203,-0.6246737,12.033195020746888
NORMAL/NORMAL-655117-1.jpeg,cbam_resnet,8,84,2.2193213,0.5231886,0.7849648,0.4017529,7.053941908713693
NORMAL/NORMAL-655447-1.jpeg,cbam_resnet,8,84,4.207839,-0.59932214,-0.34359738,-0.73803484,95.850622406639
NORMAL/NORMAL-664536-1.jpeg,cbam_resnet,8,84,3.3922067,-0.7332156,-0.70844656,-0.70090514,65.56016597510373
NORMAL/NORMAL-66515-1.jpeg,cbam_resnet,8,84,3.3563745,-0.5768595,-0.6505234,-0.22633496,63.48547717842323
NORMAL/NORMAL-672619-1.jpeg,cbam_resnet,8,84,5.932901,-0.7153701,-0.61816055,-0.7114693,99.5850622406639
NORMAL/NORMAL-692554-1.jpeg,cbam_resnet,8,84,2.4765894,-0.58407754,-0.26226294,-0.48868644,14.107883817427386
NORMAL/NORMAL-693575-1.jpeg,cbam_resnet,8,84,2.5014203,-0.36951882,-0.5399935,-0.71677065,15.352697095435685
NORMAL/NORMAL-697826-1.jpeg,cbam_resnet,8,84,4.1752467,0.40774697,0.502213,0.74504274,93.7759336099585
NORMAL/NORMAL-744709-1.jpeg,cbam_resnet,8,84,3.254397,-0.36529663,-0.71355605,-0.38958874,57.26141078838174
NORMAL/NORMAL-755659-1.jpeg,cbam_resnet,8,84,3.6336353,-0.630423,-0.3505858,-0.67857563,72.19917012448133
NORMAL/NORMAL-758272-1.jpeg,cbam_resnet,8,84,2.9154239,-0.5182817,-0.7662348,-0.6412964,36.09958506224066
NORMAL/NORMAL-76914-1.jpeg,cbam_resnet,8,84,1.8801652,-0.027213555,-0.40696126,0.35238934,1.2448132780082988
NORMAL/NORMAL-772481-1.jpeg,cbam_resnet,8,84,4.0357957,-0.74037313,-0.7085539,-0.7093123,90.45643153526972
NORMAL/NORMAL-84466-1.jpeg,cbam_resnet,8,84,2.0249104,-0.07907278,-0.048418377,-0.53059614,2.904564315352697
NORMAL/NORMAL-85367-1.jpeg,cbam_resnet,8,84,2.0050209,-0.47932035,-0.51865256,-0.7749728,2.4896265560165975
NORMAL/NORMAL-9251-1.jpeg,cbam_resnet,8,84,3.4516444,-0.7078588,-0.7747021,-0.6558542,67.63485477178423
NORMAL/NORMAL-98720-1.jpeg,cbam_resnet,8,84,3.9100277,-0.2912501,-0.013948776,-0.5188844,86.30705394190872
NORMAL/NORMAL-1017237-1.jpeg,cbam_resnet,9,126,3.8419127,-0.70030946,-0.6540201,-0.56971717,47.30290456431535
NORMAL/NORMAL-101880-1.jpeg,cbam_resnet,9,126,3.1585944,-0.7025535,-0.69237393,-0.58705366,15.352697095435685
NORMAL/NORMAL-1025847-1.jpeg,cbam_resnet,9,126,3.6992142,-0.27937412,0.06975516,-0.6864299,39.41908713692946
NORMAL/NORMAL-1038998-1.jpeg,cbam_resnet,9,126,3.9103477,-0.70325905,-0.66040814,-0.6392107,51.037344398340245
NORMAL/NORMAL-1042462-1.jpeg,cbam_resnet,9,126,3.9563506,0.54356664,0.3530987,0.765041,53.52697095435685
NORMAL/NORMAL-1058176-1.jpeg,cbam_resnet,9,126,3.5053735,-0.48930645,-0.81111455,-0.32968354,29.87551867219917
NORMAL/NORMAL-1063128-1.jpeg,cbam_resnet,9,126,5.62449,-0.4350143,-0.7205664,-0.10178307,95.850622406639
NORMAL/NORMAL-1073137-1.jpeg,cbam_resnet,9,126,5.437051,-0.5650955,-0.73606044,-0.4290802,93.7759336099585
NORMAL/NORMAL-1081406-1.jpeg,cbam_resnet,9,126,5.464542,0.72138906,0.71311533,0.5510565,94.1908713692946
NORMAL/NORMAL-112928-1.jpeg,cbam_resnet,9,126,3.699603,-0.1120966,-0.43427575,0.4039706,39.83402489626556
NORMAL/NORMAL-119840-1.jpeg,cbam_resnet,9,126,4.4577684,-0.23416308,-0.06241721,0.32700893,77.17842323651453
NORMAL/NORMAL-12494-1.jpeg,cbam_resnet,9,126,3.6049094,0.27627075,-0.012277443,0.7101374,33.60995850622407
NORMAL/NORMAL-12494-2.jpeg,cbam_resnet,9,126,4.099263,-0.6422304,-0.7468393,-0.41104156,58.50622406639005
NORMAL/NORMAL-12494-3.jpeg,cbam_resnet,9,126,3.7754087,-0.24046296,-0.519231,-0.112385035,45.22821576763486
NORMAL/NORMAL-12494-4.jpeg,cbam_resnet,9,126,3.5337164,0.13537721,-0.1709574,0.6251662,31.535269709543567
NORMAL/NORMAL-12494-5.jpeg,cbam_resnet,9,126,2.9023783,-0.6803789,-0.26300782,-0.7481008,4.979253112033195
NORMAL/NORMAL-133321-1.jpeg,cbam_resnet,9,126,3.311606,-0.08741109,0.31319937,-0.53390646,21.57676348547718
NORMAL/NORMAL-138971-1.jpeg,cbam_resnet,9,126,4.7390523,-0.3530992,-0.670619,0.05509042,84.64730290456431
NORMAL/NORMAL-15208-1.jpeg,cbam_resnet,9,126,2.9705746,-0.6990318,-0.6671691,-0.66639805,7.053941908713693
NORMAL/NORMAL-15307-1.jpeg,cbam_resnet,9,126,3.6135385,-0.6177813,-0.70907724,-0.390455,34.85477178423236
NORMAL/NORMAL-153950-1.jpeg,cbam_resnet,9,126,5.0059447,-0.5956258,-0.7431931,-0.44103396,88.79668049792531
NORMAL/NORMAL-1746717-1.jpeg,cbam_resnet,9,126,4.4305215,-0.6143713,-0.34874374,-0.7848692,76.76348547717843
NORMAL/NORMAL-1759350-1.jpeg,cbam_resnet,9,126,4.6443467,-0.5784619,-0.7177423,-0.2841832,82.15767634854771
NORMAL/NORMAL-1781140-1.jpeg,cbam_resnet,9,126,3.3276472,-0.3771188,-0.746674,-0.17247263,21.991701244813278
NORMAL/NORMAL-1791409-1.jpeg,cbam_resnet,9,126,2.9333963,-0.6908287,-0.37577784,-0.74081624,6.224066390041494
NORMAL/NORMAL-1831654-1.jpeg,cbam_resnet,9,126,3.199409,0.09315799,0.09194531,0.29573244,17.012448132780083
NORMAL/NORMAL-1853526-1.jpeg,cbam_resnet,9,126,4.383599,-0.47412214,-0.63357776,-0.096676886,73.85892116182573
NORMAL/NORMAL-1860310-1.jpeg,cbam_resnet,9,126,3.763025,-0.7465857,-0.58028007,-0.6363509,43.983402489626556
NORMAL/NORMAL-1897894-1.jpeg,cbam_resnet,9,126,2.9724462,-0.6651878,-0.7803588,-0.4331813,7.468879668049793
NORMAL/NORMAL-1907560-1.jpeg,cbam_resnet,9,126,5.117174,0.441411,0.069992326,0.7603364,90.87136929460581
NORMAL/NORMAL-1908313-1.jpeg,cbam_resnet,9,126,4.1124988,-0.2493338,-0.59117746,0.22464447,59.33609958506224
NORMAL/NORMAL-1951042-1.jpeg,cbam_resnet,9,126,4.652764,-0.28882706,-0.5794872,0.23481551,82.98755186721992
NORMAL/NORMAL-1957379-1.jpeg,cbam_resnet,9,126,3.1483514,-0.2015151,-0.5183443,0.32636842,14.522821576763487
NORMAL/NORMAL-197082-1.jpeg,cbam_resnet,9,126,4.5604625,-0.07692334,-0.39488432,0.41051993,80.91286307053942
NORMAL/NORMAL-1983894-1.jpeg,cbam_resnet,9,126,3.9533887,-0.41278815,-0.42843336,-0.12526453,53.11203319502075
NORMAL/NORMAL-1988065-1.jpeg,cbam_resnet,9,126,3.6228416,-0.6535841,-0.42983687,-0.7607807,36.09958506224066
NORMAL/NORMAL-1989796-1.jpeg,cbam_resnet,9,126,3.7538261,0.67886317,0.7753313,0.38712618,43.15352697095436
NORMAL/NORMAL-1998191-1.jpeg,cbam_resnet,9,126,3.5151684,-0.49576527,-0.69429576,-0.48943442,30.70539419087137
NORMAL/NORMAL-2010714-1.jpeg,cbam_resnet,9,126,3.8640323,-0.5412886,-0.18711716,-0.76098436,48.13278008298755
NORMAL/NORMAL-2011412-1.jpeg,cbam_resnet,9,126,3.2657616,-0.23261018,-0.62414384,0.21466026,19.91701244813278
NORMAL/NORMAL-2019006-1.jpeg,cbam_resnet,9,126,3.766131,0.5706015,0.32383195,0.44462824,44.398340248962654
NORMAL/NORMAL-2019423-1.jpeg,cbam_resnet,9,126,4.208509,-0.27242324,-0.35768992,0.31384334,65.97510373443983
NORMAL/NORMAL-2055634-1.jpeg,cbam_resnet,9,126,4.2353983,-0.20250264,-0.53219324,0.072262645,68.04979253112033
NORMAL/NORMAL-2059629-1.jpeg,cbam_resnet,9,126,3.6525602,-0.7653737,-0.59991,-0.49811858,37.344398340248965
NORMAL/NORMAL-2075832-1.jpeg,cbam_resnet,9,126,4.987704,0.15239048,0.5565046,-0.26052862,88.38174273858921
NORMAL/NORMAL-2082689-1.jpeg,cbam_resnet,9,126,2.9651604,-0.6098188,-0.12527898,-0.49957713,6.639004149377594
NORMAL/NORMAL-2095710-1.jpeg,cbam_resnet,9,126,5.5547876,-0.5073556,-0.7342609,-0.4448114,95.0207468879668
NORMAL/NORMAL-2113822-1.jpeg,cbam_resnet,9,126,3.202782,-0.6830681,-0.69089496,-0.48667654,17.42738589211618
NORMAL/NORMAL-2120559-1.jpeg,cbam_resnet,9,126,2.3593545,-0.6988698,-0.8317956,-0.25811845,1.2448132780082988
NORMAL/NORMAL-2120559-2.jpeg,cbam_resnet,9,126,3.1528413,-0.6407782,-0.36650684,-0.71521914,14.937759336099585
NORMAL/NORMAL-2120559-3.jpeg,cbam_resnet,9,126,3.8641484,-0.49551696,-0.17725725,-0.78449464,48.54771784232365
NORMAL/NORMAL-2126186-1.jpeg,cbam_resnet,9,126,3.4146972,-0.107744545,-0.022341298,-0.17281137,25.72614107883817
NORMAL/NORMAL-2131138-1.jpeg,cbam_resnet,9,126,2.7106392,-0.7087672,-0.71330035,-0.466242,4.149377593360995
NORMAL/NORMAL-2158556-1.jpeg,cbam_resnet,9,126,3.0990071,-0.5813981,-0.7648667,-0.23850358,12.448132780082988
NORMAL/NORMAL-2167295-1.jpeg,cbam_resnet,9,126,4.3976755,-0.5662673,-0.71469986,-0.5996557,74.68879668049793
NORMAL/NORMAL-2181272-1.jpeg,cbam_resnet,9,126,5.131758,-0.6428746,-0.7130921,-0.4551999,91.70124481327801
NORMAL/NORMAL-2192790-1.jpeg,cbam_resnet,9,126,2.9997299,-0.3100441,-0.7151484,0.036867917,8.71369294605809
NORMAL/NORMAL-2197972-1.jpeg,cbam_resnet,9,126,5.1777735,-0.28841126,-0.68359333,-0.045804996,92.5311203319502
NORMAL/NORMAL-2226488-1.jpeg,cbam_resnet,9,126,5.034189,-0.6189641,-0.28021407,-0.7318511,90.04149377593362
NORMAL/NORMAL-2231056-1.jpeg,cbam_resnet,9,126,3.9294574,-0.5489316,-0.6322626,-0.63651526,51.867219917012456
NORMAL/NORMAL-223814-1.jpeg,cbam_resnet,9,126,4.53374,-0.2771524,-0.47023776,0.1995647,79.25311203319502
NORMAL/NORMAL-2244950-1.jpeg,cbam_resnet,9,126,3.1902745,-0.6771057,-0.64738464,-0.6568291,16.59751037344398
NORMAL/NORMAL-2287992-1.jpeg,cbam_resnet,9,126,4.1380405,-0.60391784,-0.53493786,-0.7340058,61.82572614107884
NORMAL/NORMAL-2305502-1.jpeg,cbam_resnet,9,126,3.871127,-0.09881136,-0.39929944,0.4416684,48.96265560165975
NORMAL/NORMAL-2312921-1.jpeg,cbam_resnet,9,126,2.212167,0.47074336,0.585204,0.43351024,0.4149377593360996
NORMAL/NORMAL-2316423-1.jpeg,cbam_resnet,9,126,5.1416945,-0.5282525,-0.64971435,-0.5598145,92.11618257261411
NORMAL/NORMAL-2335256-1.jpeg,cbam_resnet,9,126,4.0939426,-0.44764653,0.0781448,-0.7252519,57.676348547717836
NORMAL/NORMAL-2342517-1.jpeg,cbam_resnet,9,126,3.8766172,-0.63687146,-0.59685653,-0.6057294,49.37759336099585
NORMAL/NORMAL-2350851-1.jpeg,cbam_resnet,9,126,4.0669513,-0.5889413,-0.7483542,-0.3298474,56.43153526970954
NORMAL/NORMAL-2351012-1.jpeg,cbam_resnet,9,126,2.9773746,-0.5833911,-0.18067303,-0.7200792,8.29875518672199
NORMAL/NORMAL-2362579-1.jpeg,cbam_resnet,9,126,4.1271048,-0.5292065,-0.7078723,-0.12255019,60.58091286307054
NORMAL/NORMAL-2366700-1.jpeg,cbam_resnet,9,126,3.902097,-0.6952652,-0.7074969,-0.5361956,50.62240663900415
NORMAL/NORMAL-2373878-1.jpeg,cbam_resnet,9,126,3.508973,-0.6427865,-0.7297716,-0.4499082,30.29045643153527
NORMAL/NORMAL-2377429-1.jpeg,cbam_resnet,9,126,5.631949,-0.48309797,-0.10232321,-0.68624,96.2655601659751
NORMAL/NORMAL-2392366-1.jpeg,cbam_resnet,9,126,3.1829133,-0.15313411,-0.53351974,0.067288965,15.767634854771783
NORMAL/NORMAL-2397754-1.jpeg,cbam_resnet,9,126,3.2187088,-0.44946915,-0.7289591,-0.022173027,19.08713692946058
NORMAL/NORMAL-2403175-1.jpeg,cbam_resnet,9,126,4.627532,0.19689816,-0.0637897,0.66919863,81.74273858921161
NORMAL/NORMAL-2416187-1.jpeg,cbam_resnet,9,126,3.0483692,-0.5989733,-0.6074208,-0.6204815,9.95850622406639
NORMAL/NORMAL-2421067-1.jpeg,cbam_resnet,9,126,3.1214857,-0.6319482,-0.7728961,-0.25389838,13.278008298755188
NORMAL/NORMAL-2424949-1.jpeg,cbam_resnet,9,126,4.1753106,-0.6331998,-0.6790768,-0.5907769,64.73029045643153
NORMAL/NORMAL-2434258-1.jpeg,cbam_resnet,9,126,4.1657066,0.028774083,-0.061416216,0.49870148,64.31535269709543
NORMAL/NORMAL-2436365-1.jpeg,cbam_resnet,9,126,4.852523,-0.60949004,-0.74888486,-0.38253886,87.13692946058092
NORMAL/NORMAL-2448954-1.jpeg,cbam_resnet,9,126,3.3051047,-0.36123508,-0.63294065,-0.5281968,20.33195020746888
NORMAL/NORMAL-2459401-1.jpeg,cbam_resnet,9,126,3.0800738,-0.5458387,-0.53463966,-0.6182618,11.20331950207469
NORMAL/NORMAL-2460548-1.jpeg,cbam_resnet,9,126,4.4734907,0.07541555,-0.099177405,0.5827907,78.00829875518673
NORMAL/NORMAL-2476896-1.jpeg,cbam_resnet,9,126,3.9491215,-0.6693783,-0.4379764,-0.68847126,52.69709543568465
NORMAL/NORMAL-2493975-1.jpeg,cbam_resnet,9,126,3.6603575,-0.5264864,-0.09704107,-0.737905,38.17427385892116
NORMAL/NORMAL-2504667-1.jpeg,cbam_resnet,9,126,3.0822313,-0.7227977,-0.75923496,-0.4885808,11.618257261410788
NORMAL/NORMAL-2509453-1.jpeg,cbam_resnet,9,126,5.3787947,-0.4490319,-0.07809137,-0.7513145,92.9460580912863
NORMAL/NORMAL-2517546-1.jpeg,cbam_resnet,9,126,3.2136881,-0.6467677,-0.7063844,-0.50259966,18.672199170124482
NORMAL/NORMAL-2549549-1.jpeg,cbam_resnet,9,126,3.407675,-0.4215589,-0.040819705,-0.50065875,25.311203319502074
NORMAL/NORMAL-2551333-1.jpeg,cbam_resnet,9,126,3.9451797,-0.66248673,-0.6592637,-0.6455151,52.282157676348554
NORMAL/NORMAL-2569106-1.jpeg,cbam_resnet,9,126,4.1609187,-0.5035883,-0.7728964,-0.2356705,63.90041493775933
NORMAL/NORMAL-2570020-1.jpeg,cbam_resnet,9,126,4.249542,-0.6074685,-0.3657302,-0.7729819,68.87966804979253
NORMAL/NORMAL-2579419-1.jpeg,cbam_resnet,9,126,4.338393,-0.42039567,-0.6581014,-0.23347418,72.19917012448133
NORMAL/NORMAL-2598368-1.jpeg,cbam_resnet,9,126,3.401264,-0.07848488,-0.54657924,0.31912884,24.481327800829874
NORMAL/NORMAL-2602596-1.jpeg,cbam_resnet,9,126,3.091733,-0.42912096,-0.65929484,0.08861945,12.033195020746888
NORMAL/NORMAL-2627129-1.jpeg,cbam_resnet,9,126,3.6373935,-0.7430165,-0.53805965,-0.6555946,36.51452282157676
NORMAL/NORMAL-2633503-1.jpeg,cbam_resnet,9,126,3.614387,-0.37037852,-0.5411168,-0.060631454,35.26970954356847
NORMAL/NORMAL-2636641-1.jpeg,cbam_resnet,9,126,3.2123356,0.48909447,0.47991812,0.6075134,18.25726141078838
NORMAL/NORMAL-2665491-1.jpeg,cbam_resnet,9,126,3.1351964,-0.6529339,-0.7001732,-0.3675733,13.692946058091287
NORMAL/NORMAL-269181-1.jpeg,cbam_resnet,9,126,4.0737743,-0.48954588,-0.73009205,-0.19346151,56.84647302904564
NORMAL/NORMAL-2705520-1.jpeg,cbam_resnet,9,126,4.057445,0.6230913,0.57210207,0.6777784,56.016597510373444
NORMAL/NORMAL-2709055-1.jpeg,cbam_resnet,9,126,4.1601934,-0.6622879,-0.6638767,-0.4853906,63.48547717842323
NORMAL/NORMAL-2733663-1.jpeg,cbam_resnet,9,126,3.8225708,-0.5493485,-0.6988222,-0.16373889,46.058091286307054
NORMAL/NORMAL-2739821-1.jpeg,cbam_resnet,9,126,2.558261,-0.4043275,-0.68213224,-0.07698019,1.6597510373443984
NORMAL/NORMAL-2769622-1.jpeg,cbam_resnet,9,126,3.8265302,0.5379203,0.3327988,0.5773461,46.47302904564315
NORMAL/NORMAL-2769622-2.jpeg,cbam_resnet,9,126,3.4441423,0.1387299,0.46300012,0.15599926,26.556016597510375
NORMAL/NORMAL-279206-1.jpeg,cbam_resnet,9,126,4.129013,-0.07102536,0.4205197,-0.47511008,60.99585062240664
NORMAL/NORMAL-283376-1.jpeg,cbam_resnet,9,126,5.6348066,-0.49945524,-0.69282144,-0.06321967,96.6804979253112
NORMAL/NORMAL-285896-1.jpeg,cbam_resnet,9,126,5.8211374,-0.4024567,-0.17287368,-0.7839664,97.9253112033195
NORMAL/NORMAL-2973935-1.jpeg,cbam_resnet,9,126,4.0037036,-0.56664675,-0.36877817,-0.7801764,54.356846473029044
NORMAL/NORMAL-3059523-1.jpeg,cbam_resnet,9,126,3.532629,-0.6755348,-0.74405944,-0.3394159,31.12033195020747
NORMAL/NORMAL-307151-1.jpeg,cbam_resnet,9,126,5.0257,-0.6588323,-0.47850722,-0.716907,89.62655601659752
NORMAL/NORMAL-307151-2.jpeg,cbam_resnet,9,126,4.330299,-0.005108554,-0.4134616,0.4630809,71.36929460580913
NORMAL/NORMAL-3077276-1.jpeg,cbam_resnet,9,126,4.186137,-0.61743766,-0.5831363,-0.5019792,65.56016597510373
NORMAL/NORMAL-3100637-1.jpeg,cbam_resnet,9,126,4.3185744,-0.64157736,-0.40538597,-0.49873006,70.53941908713693
NORMAL/NORMAL-3103940-1.jpeg,cbam_resnet,9,126,3.501335,-0.6705772,-0.35579872,-0.4337701,29.460580912863072
NORMAL/NORMAL-3108564-1.jpeg,cbam_resnet,9,126,3.7237058,-0.56000316,-0.75967336,-0.45273513,41.49377593360996
NORMAL/NORMAL-3134896-1.jpeg,cbam_resnet,9,126,4.177058,0.2711588,-0.053050555,0.70245534,65.14522821576763
NORMAL/NORMAL-3166591-1.jpeg,cbam_resnet,9,126,7.4262977,-0.42594856,-0.7239598,-0.11535725,100.0
NORMAL/NORMAL-3220509-1.jpeg,cbam_resnet,9,126,4.328462,-0.5683001,-0.7506381,-0.43087178,70.95435684647303
NORMAL/NORMAL-3244919-1.jpeg,cbam_resnet,9,126,3.3088653,-0.5832627,-0.77893984,-0.2570793,20.74688796680498
NORMAL/NORMAL-3256489-1.jpeg,cbam_resnet,9,126,3.7979891,0.11371626,0.32459232,-0.26789343,45.643153526970956
NORMAL/NORMAL-3277704-1.jpeg,cbam_resnet,9,126,3.647842,-0.27552152,0.17919004,-0.630832,36.92946058091287
NORMAL/NORMAL-3300015-1.jpeg,cbam_resnet,9,126,4.4036736,-0.6867058,-0.7020453,-0.5501946,75.10373443983403
NORMAL/NORMAL-3307598-1.jpeg,cbam_resnet,9,126,4.123341,-0.6232017,-0.5982919,-0.58895236,60.16597510373444
NORMAL/NORMAL-3307598-2.jpeg,cbam_resnet,9,126,4.1092196,-0.5508416,-0.6173509,-0.48891503,58.921161825726145
NORMAL/NORMAL-3308307-1.jpeg,cbam_resnet,9,126,5.71541,-0.46810144,-0.691756,-0.2282125,97.0954356846473
NORMAL/NORMAL-330905-1.jpeg,cbam_resnet,9,126,5.4320583,-0.32368103,-0.631762,0.10859867,93.3609958506224
NORMAL/NORMAL-3320960-1.jpeg,cbam_resnet,9,126,4.1395974,-0.27936113,-0.6439458,0.1480857,62.24066390041494
NORMAL/NORMAL-3326661-1.jpeg,cbam_resnet,9,126,3.1443973,-0.5331526,-0.7256688,-0.40373817,14.107883817427386
NORMAL/NORMAL-3330006-1.jpeg,cbam_resnet,9,126,4.027653,-0.5155148,-0.6807281,-0.008747285,55.18672199170125
NORMAL/NORMAL-3332063-1.jpeg,cbam_resnet,9,126,3.9181664,-0.6533223,-0.53178155,-0.7367954,51.45228215767634
NORMAL/NORMAL-33350-1.jpeg,cbam_resnet,9,126,3.3738658,0.17664313,0.54350436,0.34578478,23.651452282157674
NORMAL/NORMAL-33350-2.jpeg,cbam_resnet,9,126,3.4877462,0.4757828,0.47755215,0.7108165,28.21576763485477
NORMAL/NORMAL-33350-3.jpeg,cbam_resnet,9,126,4.7989087,0.7086568,0.71192515,0.122813694,85.47717842323651
NORMAL/NORMAL-3340309-1.jpeg,cbam_resnet,9,126,3.749944,-0.58166754,-0.5014305,-0.75177306,42.738589211618255
NORMAL/NORMAL-3346049-1.jpeg,cbam_resnet,9,126,3.207307,-0.7673557,-0.6140268,-0.58001083,17.842323651452283
NORMAL/NORMAL-3347645-1.jpeg,cbam_resnet,9,126,2.924855,-0.38299844,-0.36210072,-0.7357253,5.809128630705394
NORMAL/NORMAL-3354044-1.jpeg,cbam_resnet,9,126,4.737231,-0.48739594,-0.6978504,-0.1788273,83.81742738589212
NORMAL/NORMAL-3361560-1.jpeg,cbam_resnet,9,126,3.61741,-0.3935055,-0.73196805,0.006356012,35.684647302904565
NORMAL/NORMAL-3361750-1.jpeg,cbam_resnet,9,126,4.313034,-0.64177465,-0.42757416,-0.731941,70.12448132780082
NORMAL/NORMAL-33637-1.jpeg,cbam_resnet,9,126,3.6652513,-0.6253346,-0.48505643,-0.76548433,38.589211618257266
NORMAL/NORMAL-3373954-1.jpeg,cbam_resnet,9,126,4.851108,-0.26674992,-0.61560714,0.17668185,86.72199170124482
NORMAL/NORMAL-3380901-1.jpeg,cbam_resnet,9,126,3.9969778,-0.49485326,-0.3651452,-0.6945028,53.941908713692946
NORMAL/NORMAL-338568-1.jpeg,cbam_resnet,9,126,6.543476,0.37481403,0.41501182,0.54278296,98.3402489626556
NORMAL/NORMAL-3390782-1.jpeg,cbam_resnet,9,126,3.260614,-0.770697,-0.629766,-0.5824261,19.502074688796682
NORMAL/NORMAL-3398969-1.jpeg,cbam_resnet,9,126,4.2201877,-0.6599735,-0.6950004,-0.5932552,66.39004149377593
NORMAL/NORMAL-3399839-1.jpeg,cbam_resnet,9,126,4.3009176,-0.19693881,0.34265524,-0.06765659,69.70954356846472
NORMAL/NORMAL-3416330-1.jpeg,cbam_resnet,9,126,3.8447065,0.23313417,0.60849655,-0.25537872,47.71784232365145
NORMAL/NORMAL-3431386-1.jpeg,cbam_resnet,9,126,3.42001,-0.49780637,-0.28745124,-0.10756101,26.141078838174277
NORMAL/NORMAL-3451887-1.jpeg,cbam_resnet,9,126,4.354399,-0.5818863,-0.51261234,-0.7448112,72.61410788381743
NORMAL/NORMAL-3465750-1.jpeg,cbam_resnet,9,126,4.0231194,-0.22353415,0.17679694,-0.55055153,54.77178423236515
NORMAL/NORMAL-3466714-1.jpeg,cbam_resnet,9,126,3.6904492,0.17119586,0.16940103,0.5145261,39.004149377593365
NORMAL/NORMAL-3475211-1.jpeg,cbam_resnet,9,126,4.0891223,-0.62185246,-0.41971856,-0.78022707,57.26141078838174
NORMAL/NORMAL-348347-1.jpeg,cbam_resnet,9,126,3.3838682,-0.5936625,-0.5370721,-0.7435248,24.066390041493776
NORMAL/NORMAL-349021-1.jpeg,cbam_resnet,9,126,3.5378985,-0.79584646,-0.7009824,-0.5225482,31.950207468879665
NORMAL/NORMAL-351109-1.jpeg,cbam_resnet,9,126,4.8492236,-0.48318323,-0.7684449,-0.20739663,86.30705394190872
NORMAL/NORMAL-351109-2.jpeg,cbam_resnet,9,126,3.4069834,-0.61018395,-0.26094383,-0.77360904,24.896265560165975
NORMAL/NORMAL-3531215-1.jpeg,cbam_resnet,9,126,4.094289,-0.58204937,-0.52026176,-0.7299056,58.09128630705395
NORMAL/NORMAL-3538316-1.jpeg,cbam_resnet,9,126,4.150099,-0.536334,-0.5934108,-0.46600527,62.655601659751035
NORMAL/NORMAL-3561306-1.jpeg,cbam_resnet,9,126,3.830198,-0.6342486,-0.40269977,-0.78030926,46.88796680497925
NORMAL/NORMAL-3561306-2.jpeg,cbam_resnet,9,126,3.5743082,-0.6918373,-0.69357556,-0.57720274,32.365145228215766
NORMAL/NORMAL-366503-1.jpeg,cbam_resnet,9,126,3.348279,-0.506104,-0.7682555,-0.3297645,22.821576763485478
NORMAL/NORMAL-366503-2.jpeg,cbam_resnet,9,126,4.9504356,0.19091006,-0.14512658,0.6786822,87.96680497925311
NORMAL/NORMAL-36734-1.jpeg,cbam_resnet,9,126,4.0539913,-0.5930698,-0.4132522,-0.75538874,55.601659751037346
NORMAL/NORMAL-37818-1.jpeg,cbam_resnet,9,126,5.047469,-0.54527354,-0.2128685,-0.71268284,90.45643153526972
NORMAL/NORMAL-395557-1.jpeg,cbam_resnet,9,126,3.052881,-0.4932742,-0.17562395,-0.77801985,10.78838174273859
NORMAL/NORMAL-402066-1.jpeg,cbam_resnet,9,126,3.0184155,-0.090908825,-0.43431458,0.45812428,9.12863070539419
NORMAL/NORMAL-402066-2.jpeg,cbam_resnet,9,126,4.292265,0.0893957,0.36339012,0.26475406,69.29460580912863
NORMAL/NORMAL-402066-3.jpeg,cbam_resnet,9,126,3.1883447,-0.62865674,-0.55711895,-0.4999782,16.182572614107883
NORMAL/NORMAL-402066-4.jpeg,cbam_resnet,9,126,3.3089294,0.06759386,-0.28929937,0.55945694,21.16182572614108
NORMAL/NORMAL-402066-5.jpeg,cbam_resnet,9,126,3.8795526,-0.61301714,-0.6927502,-0.2024226,49.79253112033195
NORMAL/NORMAL-438684-1.jpeg,cbam_resnet,9,126,4.7374277,-0.6137206,-0.6632844,-0.46300727,84.23236514522821
NORMAL/NORMAL-438684-2.jpeg,cbam_resnet,9,126,3.4867969,-0.64773124,-0.43164885,-0.72037566,27.800829875518673
NORMAL/NORMAL-438684-3.jpeg,cbam_resnet,9,126,4.485781,-0.586459,-0.5320771,-0.597736,78.42323651452283
NORMAL/NORMAL-443980-1.jpeg,cbam_resnet,9,126,4.1222477,-0.39161307,-0.15093857,-0.7786155,59.75103734439834
NORMAL/NORMAL-446851-1.jpeg,cbam_resnet,9,126,4.648409,0.2859421,-0.06626839,0.72683066,82.57261410788381
NORMAL/NORMAL-446851-2.jpeg,cbam_resnet,9,126,4.559273,0.6143366,0.4803723,0.72728884,80.49792531120332
NORMAL/NORMAL-447690-1.jpeg,cbam_resnet,9,126,2.9179668,-0.6720721,-0.7064508,-0.51789933,5.394190871369295
NORMAL/NORMAL-447690-2.jpeg,cbam_resnet,9,126,3.330413,-0.65955496,-0.7676658,-0.3699643,22.40663900414938
NORMAL/NORMAL-450532-1.jpeg,cbam_resnet,9,126,6.8696427,-0.5232211,-0.73002815,-0.250896,99.1701244813278
NORMAL/NORMAL-450923-1.jpeg,cbam_resnet,9,126,4.2410917,-0.44691062,-0.5711535,0.16815844,68.46473029045643
NORMAL/NORMAL-450923-2.jpeg,cbam_resnet,9,126,4.8141317,-0.64448607,-0.5579158,-0.4679699,85.89211618257261
NORMAL/NORMAL-460711-1.jpeg,cbam_resnet,9,126,3.7174144,-0.3173414,-0.65659916,0.111362204,41.078838174273855
NORMAL/NORMAL-460844-1.jpeg,cbam_resnet,9,126,4.355176,-0.61485314,-0.6683441,-0.28816617,73.02904564315352
NORMAL/NORMAL-466978-1.jpeg,cbam_resnet,9,126,4.22552,-0.5285765,-0.33472776,-0.7698028,66.80497925311202
NORMAL/NORMAL-469935-1.jpeg,cbam_resnet,9,126,4.564219,-0.252208,-0.2823077,0.18283471,81.32780082987551
NORMAL/NORMAL-4761187-1.jpeg,cbam_resnet,9,126,5.014606,-0.42930847,-0.7270502,-0.1361195,89.21161825726142
NORMAL/NORMAL-4790999-1.jpeg,cbam_resnet,9,126,2.6452448,-0.68332875,-0.447214,-0.75734043,2.0746887966804977
NORMAL/NORMAL-48053-1.jpeg,cbam_resnet,9,126,4.1293507,0.3052422,0.65562415,-0.023973648,61.41078838174274
NORMAL/NORMAL-4839633-1.jpeg,cbam_resnet,9,126,4.1554513,-0.7485366,-0.580191,-0.7000778,63.07053941908713
NORMAL/NORMAL-486271-1.jpeg,cbam_resnet,9,126,3.766715,-0.44628704,-0.07490623,-0.6744813,44.81327800829876
NORMAL/NORMAL-508852-1.jpeg,cbam_resnet,9,126,3.7399354,0.3380323,0.726016,-0.0025171153,42.32365145228216
NORMAL/NORMAL-508852-2.jpeg,cbam_resnet,9,126,2.679926,0.19651634,0.4772948,0.05259744,3.7344398340248963
NORMAL/NORMAL-519372-1.jpeg,cbam_resnet,9,126,3.7045662,-0.30011076,-0.5695015,0.071317166,40.24896265560166
NORMAL/NORMAL-524640-1.jpeg,cbam_resnet,9,126,4.7322593,0.22757338,-0.20016555,0.62887895,83.40248962655602
NORMAL/NORMAL-544457-1.jpeg,cbam_resnet,9,126,2.6709425,0.19746828,-0.2454385,0.41383708,3.319502074688797
NORMAL/NORMAL-544711-1.jpeg,cbam_resnet,9,126,3.5005908,-0.6730542,-0.4055689,-0.7263458,29.045643153526974
NORMAL/NORMAL-547422-1.jpeg,cbam_resnet,9,126,2.666307,-0.3743891,0.093814224,-0.5416919,2.904564315352697
NORMAL/NORMAL-547422-2.jpeg,cbam_resnet,9,126,3.6114588,-0.6250372,-0.3887266,-0.7371049,34.439834024896264
NORMAL/NORMAL-549356-1.jpeg,cbam_resnet,9,126,3.61053,-0.4679581,-0.0013551237,-0.6533295,34.024896265560166
NORMAL/NORMAL-549356-2.jpeg,cbam_resnet,9,126,3.6033926,-0.56788266,-0.35437387,-0.6869247,33.19502074688796
NORMAL/NORMAL-549356-3.jpeg,cbam_resnet,9,126,4.4706845,-0.34759763,0.10776565,-0.5356788,77.59336099585063
NORMAL/NORMAL-552739-1.jpeg,cbam_resnet,9,126,3.4760695,-0.6549194,-0.5730268,-0.6971164,27.385892116182575
NORMAL/NORMAL-557437-1.jpeg,cbam_resnet,9,126,3.4458067,-0.6369723,-0.7130289,-0.55839837,26.970954356846473
NORMAL/NORMAL-557437-2.jpeg,cbam_resnet,9,126,5.129066,-0.30568323,-0.6898588,0.06808206,91.28630705394191
NORMAL/NORMAL-565818-1.jpeg,cbam_resnet,9,126,3.3488975,-0.7325195,-0.6219083,-0.7070204,23.236514522821576
NORMAL/NORMAL-566040-1.jpeg,cbam_resnet,9,126,2.6538694,0.23522767,0.00075473264,0.6710609,2.4896265560165975
NORMAL/NORMAL-568518-1.jpeg,cbam_resnet,9,126,6.6498165,-0.016056634,-0.43454066,0.3799348,98.7551867219917
NORMAL/NORMAL-568518-2.jpeg,cbam_resnet,9,126,7.1778193,0.6444838,0.2025364,0.27903223,99.5850622406639
NORMAL/NORMAL-571157-1.jpeg,cbam_resnet,9,126,4.5458183,-0.620033,-0.39992195,-0.72075456,80.08298755186722
NORMAL/NORMAL-571484-1.jpeg,cbam_resnet,9,126,3.7062645,-0.48633122,-0.18030863,-0.741134,40.66390041493776
NORMAL/NORMAL-572972-1.jpeg,cbam_resnet,9,126,2.9771996,-0.6934842,-0.77814615,-0.2925031,7.883817427385892
NORMAL/NORMAL-574089-1.jpeg,cbam_resnet,9,126,4.9323964,-0.5655991,-0.2391192,-0.7530775,87.55186721991701
NORMAL/NORMAL-582215-1.jpeg,cbam_resnet,9,126,5.4812255,0.012364567,-0.091068044,0.48537147,94.6058091286307
NORMAL/NORMAL-588227-1.jpeg,cbam_resnet,9,126,3.587705,-0.67649823,-0.45660558,-0.74973124,32.780082987551864
NORMAL/NORMAL-60471-1.jpeg,cbam_resnet,9,126,4.7912836,0.009521298,0.10292718,-0.4104973,85.06224066390041
NORMAL/NORMAL-605310-1.jpeg,cbam_resnet,9,126,4.4286566,-0.17734039,0.04272433,-0.0037754849,76.34854771784232
NORMAL/NORMAL-626127-1.jpeg,cbam_resnet,9,126,2.787248,0.1207161,0.42343163,-0.25866112,4.564315352697095
NORMAL/NORMAL-628048-1.jpeg,cbam_resnet,9,126,4.3845325,-0.43647274,-0.15116096,-0.7618078,74.27385892116183
NORMAL/NORMAL-629493-1.jpeg,cbam_resnet,9,126,3.1061141,-0.73457164,-0.5960798,-0.7111791,12.863070539419086
NORMAL/NORMAL-651257-1.jpeg,cbam_resnet,9,126,2.344285,-0.39595047,-0.1381792,-0.7607783,0.8298755186721992
NORMAL/NORMAL-655117-1.jpeg,cbam_resnet,9,126,3.0298445,0.2915873,0.022247115,0.59837973,9.54356846473029
NORMAL/NORMAL-655447-1.jpeg,cbam_resnet,9,126,5.5893564,-0.1703296,0.3431443,-0.45551813,95.4356846473029
NORMAL/NORMAL-664536-1.jpeg,cbam_resnet,9,126,4.3671746,-0.69913113,-0.6850882,-0.557793,73.44398340248964
NORMAL/NORMAL-66515-1.jpeg,cbam_resnet,9,126,3.882231,-0.48806128,-0.74595237,-0.14007808,50.20746887966805
NORMAL/NORMAL-672619-1.jpeg,cbam_resnet,9,126,4.544404,-0.70216244,-0.6300955,-0.5816324,79.66804979253112
NORMAL/NORMAL-692554-1.jpeg,cbam_resnet,9,126,4.4996867,-0.02490288,0.44402754,-0.42031422,78.83817427385893
NORMAL/NORMAL-693575-1.jpeg,cbam_resnet,9,126,3.7259908,0.26925734,0.1994199,0.4943427,41.90871369294606
NORMAL/NORMAL-697826-1.jpeg,cbam_resnet,9,126,4.406949,0.54171807,0.36067313,0.8014547,75.51867219917013
NORMAL/NORMAL-744709-1.jpeg,cbam_resnet,9,126,4.331481,-0.4227848,-0.7643857,-0.2844112,71.78423236514523
NORMAL/NORMAL-755659-1.jpeg,cbam_resnet,9,126,3.6550622,-0.5679949,-0.18186018,-0.75407076,37.75933609958506
NORMAL/NORMAL-758272-1.jpeg,cbam_resnet,9,126,4.4171314,0.06120619,-0.37920266,0.5011822,75.93360995850622
NORMAL/NORMAL-76914-1.jpeg,cbam_resnet,9,126,3.761329,-0.2981939,-0.6586604,-0.10571746,43.56846473029046
NORMAL/NORMAL-772481-1.jpeg,cbam_resnet,9,126,4.2269235,-0.71139085,-0.5330402,-0.69698423,67.63485477178423
NORMAL/NORMAL-84466-1.jpeg,cbam_resnet,9,126,3.4933698,-0.2416103,-0.6913761,0.06313312,28.63070539419087
NORMAL/NORMAL-85367-1.jpeg,cbam_resnet,9,126,3.0503592,-0.32561412,-0.74607456,-0.093524076,10.37344398340249
NORMAL/NORMAL-9251-1.jpeg,cbam_resnet,9,126,4.226804,-0.6890749,-0.60837996,-0.6633405,67.21991701244814
NORMAL/NORMAL-98720-1.jpeg,cbam_resnet,9,126,5.7739854,-0.5670462,-0.40597355,-0.7363168,97.5103734439834
NORMAL/NORMAL-1017237-1.jpeg,resnet_baseline,10,126,3.7503119,-0.5123687,-0.60155123,-0.27924597,39.004149377593365
NORMAL/NORMAL-101880-1.jpeg,resnet_baseline,10,126,3.2749534,-0.447815,-0.5890292,-0.12898374,14.937759336099585
NORMAL/NORMAL-1025847-1.jpeg,resnet_baseline,10,126,3.7293131,-0.47007397,-0.5206851,-0.45272928,36.51452282157676
NORMAL/NORMAL-1038998-1.jpeg,resnet_baseline,10,126,4.2251997,-0.2842076,-0.6422548,-0.025294973,63.48547717842323
NORMAL/NORMAL-1042462-1.jpeg,resnet_baseline,10,126,4.6824584,0.51233125,0.15219799,0.8244075,83.40248962655602
NORMAL/NORMAL-1058176-1.jpeg,resnet_baseline,10,126,2.6181097,0.5702041,0.32206976,0.3824293,0.8298755186721992
NORMAL/NORMAL-1063128-1.jpeg,resnet_baseline,10,126,4.9577494,-0.5372114,-0.49387792,-0.22310042,89.21161825726142
NORMAL/NORMAL-1073137-1.jpeg,resnet_baseline,10,126,5.8767686,-0.49195752,-0.48618472,-0.17300254,98.3402489626556
NORMAL/NORMAL-1081406-1.jpeg,resnet_baseline,10,126,2.9290452,0.3437252,0.0007194523,0.5924726,5.394190871369295
NORMAL/NORMAL-112928-1.jpeg,resnet_baseline,10,126,3.7707164,-0.50313413,-0.24025683,-0.5157372,40.24896265560166
NORMAL/NORMAL-119840-1.jpeg,resnet_baseline,10,126,4.397569,-0.2874531,0.3492405,-0.41885817,70.95435684647303
NORMAL/NORMAL-12494-1.jpeg,resnet_baseline,10,126,3.311553,-0.56978416,-0.5615081,-0.23333795,17.012448132780083
NORMAL/NORMAL-12494-2.jpeg,resnet_baseline,10,126,3.6541743,-0.6262343,-0.47463542,-0.31666884,32.365145228215766
NORMAL/NORMAL-12494-3.jpeg,resnet_baseline,10,126,2.7680132,-0.5701064,-0.5375566,-0.324612,4.149377593360995
NORMAL/NORMAL-12494-4.jpeg,resnet_baseline,10,126,4.283619,-0.60458565,-0.42385876,-0.21832906,66.39004149377593
NORMAL/NORMAL-12494-5.jpeg,resnet_baseline,10,126,3.6652815,0.34049284,0.15871018,0.3793201,32.780082987551864
NORMAL/NORMAL-133321-1.jpeg,resnet_baseline,10,126,3.1480424,0.29412535,-0.21286991,0.18690011,10.37344398340249
NORMAL/NORMAL-138971-1.jpeg,resnet_baseline,10,126,5.6623063,-0.24755606,-0.5528737,0.054576173,97.5103734439834
NORMAL/NORMAL-15208-1.jpeg,resnet_baseline,10,126,4.7187934,0.41625994,0.3647123,0.40492797,84.64730290456431
NORMAL/NORMAL-15307-1.jpeg,resnet_baseline,10,126,3.8932326,0.45121527,0.63022876,0.2772661,47.30290456431535
NORMAL/NORMAL-153950-1.jpeg,resnet_baseline,10,126,3.9148474,-0.5792755,-0.54450524,-0.2500651,48.96265560165975
NORMAL/NORMAL-1746717-1.jpeg,resnet_baseline,10,126,3.9944658,-0.6948501,-0.4074347,-0.55258507,53.11203319502075
NORMAL/NORMAL-1759350-1.jpeg,resnet_baseline,10,126,5.1435776,-0.42451745,0.1438742,-0.42359295,92.9460580912863
NORMAL/NORMAL-1781140-1.jpeg,resnet_baseline,10,126,3.2958786,0.2342564,0.18570827,0.3922309,16.182572614107883
NORMAL/NORMAL-1791409-1.jpeg,resnet_baseline,10,126,4.3201275,-0.15021332,0.42457265,-0.38416582,68.04979253112033
NORMAL/NORMAL-1831654-1.jpeg,resnet_baseline,10,126,4.668772,-0.24569403,-0.2384611,-0.34579694,82.15767634854771
NORMAL/NORMAL-1853526-1.jpeg,resnet_baseline,10,126,3.2778409,-0.040119708,0.07559736,0.34643167,15.352697095435685
NORMAL/NORMAL-1860310-1.jpeg,resnet_baseline,10,126,3.2105455,-0.33962095,-0.34760964,-0.42424878,13.278008298755188
NORMAL/NORMAL-1897894-1.jpeg,resnet_baseline,10,126,3.6507986,-0.7410159,-0.46309334,-0.5103766,31.12033195020747
NORMAL/NORMAL-1907560-1.jpeg,resnet_baseline,10,126,3.4208422,0.17774576,-0.22873999,0.5861558,22.821576763485478
NORMAL/NORMAL-1908313-1.jpeg,resnet_baseline,10,126,3.8159816,0.213009,0.1855881,0.4089902,43.15352697095436
NORMAL/NORMAL-1951042-1.jpeg,resnet_baseline,10,126,4.13902,-0.5980447,-0.14054406,-0.50860405,60.99585062240664
NORMAL/NORMAL-1957379-1.jpeg,resnet_baseline,10,126,4.7319136,-0.6231263,-0.1679629,-0.40566847,85.06224066390041
NORMAL/NORMAL-197082-1.jpeg,resnet_baseline,10,126,4.5082245,0.14797097,-0.29215565,0.5041524,76.34854771784232
NORMAL/NORMAL-1983894-1.jpeg,resnet_baseline,10,126,4.046316,-0.37323025,0.2227926,-0.56562304,56.43153526970954
NORMAL/NORMAL-1988065-1.jpeg,resnet_baseline,10,126,5.10112,-0.44155768,-0.027002329,-0.42991316,91.70124481327801
NORMAL/NORMAL-1989796-1.jpeg,resnet_baseline,10,126,3.770436,0.37624457,0.24477825,-0.03456153,39.83402489626556
NORMAL/NORMAL-1998191-1.jpeg,resnet_baseline,10,126,3.9628227,-0.051077794,-0.42945647,0.22704856,50.62240663900415
NORMAL/NORMAL-2010714-1.jpeg,resnet_baseline,10,126,3.0190918,-0.41604614,-0.56069624,-0.43607748,7.468879668049793
NORMAL/NORMAL-2011412-1.jpeg,resnet_baseline,10,126,3.3177571,-0.33386528,-0.35317317,0.13709104,17.42738589211618
NORMAL/NORMAL-2019006-1.jpeg,resnet_baseline,10,126,3.3582454,0.51496726,0.46084142,0.3195696,19.08713692946058
NORMAL/NORMAL-2019423-1.jpeg,resnet_baseline,10,126,3.8890553,0.008446123,-0.22951671,0.47684294,46.88796680497925
NORMAL/NORMAL-2055634-1.jpeg,resnet_baseline,10,126,4.5024204,-0.16703829,-0.36911494,0.34080744,75.93360995850622
NORMAL/NORMAL-2059629-1.jpeg,resnet_baseline,10,126,3.7095182,-0.5931978,-0.08951832,-0.5361653,35.26970954356847
NORMAL/NORMAL-2075832-1.jpeg,resnet_baseline,10,126,4.599413,0.54294634,0.64262676,0.5178828,80.91286307053942
NORMAL/NORMAL-2082689-1.jpeg,resnet_baseline,10,126,3.8774402,-0.020893272,0.3303035,-0.021725219,46.47302904564315
NORMAL/NORMAL-2095710-1.jpeg,resnet_baseline,10,126,3.9932203,-0.5010108,-0.5712963,-0.33645615,52.69709543568465
NORMAL/NORMAL-2113822-1.jpeg,resnet_baseline,10,126,3.3392038,0.036127277,0.5480327,-0.3058499,18.25726141078838
NORMAL/NORMAL-2120559-1.jpeg,resnet_baseline,10,126,2.7270758,-0.49968657,-0.18991089,-0.50760615,3.7344398340248963
NORMAL/NORMAL-2120559-2.jpeg,resnet_baseline,10,126,3.8111835,-0.489497,-0.5269586,-0.13997447,42.738589211618255
NORMAL/NORMAL-2120559-3.jpeg,resnet_baseline,10,126,5.239534,0.118533686,0.44653738,-0.26409346,94.1908713692946
NORMAL/NORMAL-2126186-1.jpeg,resnet_baseline,10,126,3.396424,-0.6098608,-0.58614933,-0.35681802,21.16182572614108
NORMAL/NORMAL-2131138-1.jpeg,resnet_baseline,10,126,3.4960148,-0.42486432,-0.4782825,-0.27869833,28.21576763485477
NORMAL/NORMAL-2158556-1.jpeg,resnet_baseline,10,126,4.18416,-0.5059768,-0.5281347,-0.1732126,62.24066390041494
NORMAL/NORMAL-2167295-1.jpeg,resnet_baseline,10,126,5.9092374,-0.39730465,0.12384059,-0.52265936,99.1701244813278
NORMAL/NORMAL-2181272-1.jpeg,resnet_baseline,10,126,3.7347658,-0.65042937,-0.22439015,-0.58965373,36.92946058091287
NORMAL/NORMAL-2192790-1.jpeg,resnet_baseline,10,126,4.4255834,0.017588412,-0.31338102,0.28035623,72.61410788381743
NORMAL/NORMAL-2197972-1.jpeg,resnet_baseline,10,126,3.8439584,0.13406295,0.38950005,0.2950096,44.81327800829876
NORMAL/NORMAL-2226488-1.jpeg,resnet_baseline,10,126,4.9292073,0.40232193,0.0038323998,0.35387927,88.79668049792531
NORMAL/NORMAL-2231056-1.jpeg,resnet_baseline,10,126,4.84256,-0.19848488,-0.50454015,-0.09318883,87.55186721991701
NORMAL/NORMAL-223814-1.jpeg,resnet_baseline,10,126,5.108942,0.34773937,0.17697817,0.516523,92.5311203319502
NORMAL/NORMAL-2244950-1.jpeg,resnet_baseline,10,126,3.7761881,-0.5258409,-0.5185456,-0.43674865,41.078838174273855
NORMAL/NORMAL-2287992-1.jpeg,resnet_baseline,10,126,4.774085,-0.28465202,0.006252026,-0.5976523,86.30705394190872
NORMAL/NORMAL-2305502-1.jpeg,resnet_baseline,10,126,3.6802046,0.25314963,-0.21525824,0.54273593,34.439834024896264
NORMAL/NORMAL-2312921-1.jpeg,resnet_baseline,10,126,4.0834923,0.12891434,-0.16417603,0.43449908,59.33609958506224
NORMAL/NORMAL-2316423-1.jpeg,resnet_baseline,10,126,4.243249,-0.22355196,-0.66420203,0.07570192,64.73029045643153
NORMAL/NORMAL-2335256-1.jpeg,resnet_baseline,10,126,4.066109,-0.35338908,0.23571786,-0.40104318,58.09128630705395
NORMAL/NORMAL-2342517-1.jpeg,resnet_baseline,10,126,5.8874927,-0.37452793,-0.33428302,0.0040295385,98.7551867219917
NORMAL/NORMAL-2350851-1.jpeg,resnet_baseline,10,126,3.1672006,-0.4174633,-0.5698942,-0.13590452,10.78838174273859
NORMAL/NORMAL-2351012-1.jpeg,resnet_baseline,10,126,4.9035726,-0.40381628,0.15235123,-0.47517845,88.38174273858921
NORMAL/NORMAL-2362579-1.jpeg,resnet_baseline,10,126,5.0623746,-0.4379814,-0.05759577,-0.4919439,90.45643153526972
NORMAL/NORMAL-2366700-1.jpeg,resnet_baseline,10,126,4.1048193,-0.5007385,-0.38373935,-0.23793745,59.75103734439834
NORMAL/NORMAL-2373878-1.jpeg,resnet_baseline,10,126,2.98117,-0.53351223,-0.64554286,-0.15926707,6.639004149377594
NORMAL/NORMAL-2377429-1.jpeg,resnet_baseline,10,126,4.4359336,-0.2353706,0.39720726,-0.44630605,73.44398340248964
NORMAL/NORMAL-2392366-1.jpeg,resnet_baseline,10,126,3.9953113,-0.61315525,-0.15182313,-0.5620434,53.52697095435685
NORMAL/NORMAL-2397754-1.jpeg,resnet_baseline,10,126,3.6676953,-0.6438129,-0.2727549,-0.53439355,33.60995850622407
NORMAL/NORMAL-2403175-1.jpeg,resnet_baseline,10,126,5.2599635,-0.08430344,0.23195523,0.21722567,94.6058091286307
NORMAL/NORMAL-2416187-1.jpeg,resnet_baseline,10,126,4.0299773,0.23362026,0.26852077,-0.15227361,55.18672199170125
NORMAL/NORMAL-2421067-1.jpeg,resnet_baseline,10,126,4.5784345,-0.54965776,-0.4843487,-0.45558238,79.66804979253112
NORMAL/NORMAL-2424949-1.jpeg,resnet_baseline,10,126,4.7514596,-0.6140586,-0.6794613,-0.25731552,85.47717842323651
NORMAL/NORMAL-2434258-1.jpeg,resnet_baseline,10,126,3.9045594,-0.6022891,-0.37406015,-0.5660846,48.13278008298755
NORMAL/NORMAL-2436365-1.jpeg,resnet_baseline,10,126,4.0499086,-0.48259747,-0.60995,-0.25971186,57.26141078838174
NORMAL/NORMAL-2448954-1.jpeg,resnet_baseline,10,126,2.9773316,-0.21112707,-0.59302175,0.1316541,6.224066390041494
NORMAL/NORMAL-2459401-1.jpeg,resnet_baseline,10,126,4.384048,-0.12397754,-0.5810907,0.24560454,69.70954356846472
NORMAL/NORMAL-2460548-1.jpeg,resnet_baseline,10,126,4.0549827,-0.48617867,-0.046312578,-0.53160524,57.676348547717836
NORMAL/NORMAL-2476896-1.jpeg,resnet_baseline,10,126,5.0628624,-0.42559937,-0.42045,-0.21974838,90.87136929460581
NORMAL/NORMAL-2493975-1.jpeg,resnet_baseline,10,126,4.7666864,-0.46625358,-0.018106189,-0.5728524,85.89211618257261
NORMAL/NORMAL-2504667-1.jpeg,resnet_baseline,10,126,3.347538,-0.5782238,-0.3881228,-0.31810573,18.672199170124482
NORMAL/NORMAL-2509453-1.jpeg,resnet_baseline,10,126,4.358871,-0.36677033,-0.58355105,-0.15111853,69.29460580912863
NORMAL/NORMAL-2517546-1.jpeg,resnet_baseline,10,126,3.838328,-0.49133378,-0.6315775,-0.429738,44.398340248962654
NORMAL/NORMAL-2549549-1.jpeg,resnet_baseline,10,126,3.2707415,-0.61303294,-0.6190164,-0.3037871,14.522821576763487
NORMAL/NORMAL-2551333-1.jpeg,resnet_baseline,10,126,2.9048915,-0.55569875,-0.20381036,-0.34038323,4.564315352697095
NORMAL/NORMAL-2569106-1.jpeg,resnet_baseline,10,126,4.230931,-0.39583245,-0.55520916,-0.15726481,64.31535269709543
NORMAL/NORMAL-2570020-1.jpeg,resnet_baseline,10,126,3.9295282,-0.54626584,-0.17496806,-0.6292156,49.79253112033195
NORMAL/NORMAL-2579419-1.jpeg,resnet_baseline,10,126,4.0242243,-0.100243054,-0.5063466,-0.05806638,54.77178423236515
NORMAL/NORMAL-2598368-1.jpeg,resnet_baseline,10,126,2.1385553,0.38654298,-0.117903516,0.504876,0.4149377593360996
NORMAL/NORMAL-2602596-1.jpeg,resnet_baseline,10,126,3.295716,-0.2719023,-0.35464424,0.10085714,15.767634854771783
NORMAL/NORMAL-2627129-1.jpeg,resnet_baseline,10,126,4.5670824,-0.5015528,-0.28271124,-0.38790682,79.25311203319502
NORMAL/NORMAL-2633503-1.jpeg,resnet_baseline,10,126,3.7413652,-0.52439713,-0.032057,-0.44090748,38.17427385892116
NORMAL/NORMAL-2636641-1.jpeg,resnet_baseline,10,126,3.799057,0.030449037,-0.42844322,0.40140173,42.32365145228216
NORMAL/NORMAL-2665491-1.jpeg,resnet_baseline,10,126,3.0001957,-0.56405956,-0.32570767,-0.52131313,7.053941908713693
NORMAL/NORMAL-269181-1.jpeg,resnet_baseline,10,126,3.7358587,0.3713789,-0.07929847,0.5686992,37.344398340248965
NORMAL/NORMAL-2705520-1.jpeg,resnet_baseline,10,126,3.4747448,-0.37767082,-0.41915506,0.11644321,26.141078838174277
NORMAL/NORMAL-2709055-1.jpeg,resnet_baseline,10,126,4.402138,-0.5261947,-0.5431038,-0.1950309,71.78423236514523
NORMAL/NORMAL-2733663-1.jpeg,resnet_baseline,10,126,4.4723415,-0.3710114,0.18202043,-0.32114452,74.68879668049793
NORMAL/NORMAL-2739821-1.jpeg,resnet_baseline,10,126,3.1198118,-0.6328624,-0.5938646,-0.5142447,9.54356846473029
NORMAL/NORMAL-2769622-1.jpeg,resnet_baseline,10,126,2.6633842,0.17467844,-0.31084388,0.11133717,2.0746887966804977
NORMAL/NORMAL-2769622-2.jpeg,resnet_baseline,10,126,5.1047964,-0.3375168,0.19346341,-0.34623495,92.11618257261411
NORMAL/NORMAL-279206-1.jpeg,resnet_baseline,10,126,4.406833,-0.40227938,0.13253115,-0.5626445,72.19917012448133
NORMAL/NORMAL-283376-1.jpeg,resnet_baseline,10,126,4.4303174,-0.640867,-0.341316,-0.34482408,73.02904564315352
NORMAL/NORMAL-285896-1.jpeg,resnet_baseline,10,126,3.618009,0.34711128,0.71475476,-0.008095503,30.29045643153527
NORMAL/NORMAL-2973935-1.jpeg,resnet_baseline,10,126,3.7533631,-0.55214214,-0.12394552,-0.6271275,39.41908713692946
NORMAL/NORMAL-3059523-1.jpeg,resnet_baseline,10,126,4.633454,-0.1382032,-0.56776816,0.24300443,81.32780082987551
NORMAL/NORMAL-307151-1.jpeg,resnet_baseline,10,126,4.9610405,-0.45187968,-0.45876244,-0.37356734,90.04149377593362
NORMAL/NORMAL-307151-2.jpeg,resnet_baseline,10,126,3.4606912,-0.5546538,-0.23644823,-0.3308249,25.311203319502074
NORMAL/NORMAL-3077276-1.jpeg,resnet_baseline,10,126,3.476536,0.008432373,-0.23661491,0.35142624,26.556016597510375
NORMAL/NORMAL-3100637-1.jpeg,resnet_baseline,10,126,3.038939,0.24963737,-0.19850379,0.5983474,7.883817427385892
NORMAL/NORMAL-3103940-1.jpeg,resnet_baseline,10,126,4.320316,-0.38718474,0.23313253,-0.48975033,68.46473029045643
NORMAL/NORMAL-3108564-1.jpeg,resnet_baseline,10,126,4.5977697,-0.51187134,-0.570387,-0.23840103,80.49792531120332
NORMAL/NORMAL-3134896-1.jpeg,resnet_baseline,10,126,3.651677,0.33522677,0.1600914,0.5284617,31.535269709543567
NORMAL/NORMAL-3166591-1.jpeg,resnet_baseline,10,126,3.8981054,-0.41330764,-0.5379069,-0.036797088,47.71784232365145
NORMAL/NORMAL-3220509-1.jpeg,resnet_baseline,10,126,3.748711,-0.4186586,-0.49219394,-0.35637695,38.589211618257266
NORMAL/NORMAL-3244919-1.jpeg,resnet_baseline,10,126,4.472309,-0.4736851,-0.55647486,-0.36430812,74.27385892116183
NORMAL/NORMAL-3256489-1.jpeg,resnet_baseline,10,126,3.4062953,0.10361591,0.39898455,-0.3870785,21.57676348547718
NORMAL/NORMAL-3277704-1.jpeg,resnet_baseline,10,126,4.0041523,-0.5661938,-0.46483034,-0.53802955,53.941908713692946
NORMAL/NORMAL-3300015-1.jpeg,resnet_baseline,10,126,3.9860036,-0.52752507,-0.51599026,-0.15557201,52.282157676348554
NORMAL/NORMAL-3307598-1.jpeg,resnet_baseline,10,126,3.299057,-0.39988863,-0.50884235,-0.2521445,16.59751037344398
NORMAL/NORMAL-3307598-2.jpeg,resnet_baseline,10,126,3.3656747,-0.6330936,-0.301843,-0.45465463,19.502074688796682
NORMAL/NORMAL-3308307-1.jpeg,resnet_baseline,10,126,3.5076609,0.38337487,0.038770072,0.54626286,28.63070539419087
NORMAL/NORMAL-330905-1.jpeg,resnet_baseline,10,126,3.421911,-0.16871831,-0.23614302,-0.06691178,23.236514522821576
NORMAL/NORMAL-3320960-1.jpeg,resnet_baseline,10,126,4.047698,-0.20260821,0.020785501,0.1873825,56.84647302904564
NORMAL/NORMAL-3326661-1.jpeg,resnet_baseline,10,126,6.558293,-0.45174724,-0.11993733,-0.6303432,100.0
NORMAL/NORMAL-3330006-1.jpeg,resnet_baseline,10,126,3.6746836,-0.06526063,-0.48496392,0.4365288,34.024896265560166
NORMAL/NORMAL-3332063-1.jpeg,resnet_baseline,10,126,4.0380774,-0.45050305,-0.14876975,-0.5828513,56.016597510373444
NORMAL/NORMAL-33350-1.jpeg,resnet_baseline,10,126,4.544923,-0.1523323,0.53463763,-0.4067394,78.00829875518673
NORMAL/NORMAL-33350-2.jpeg,resnet_baseline,10,126,4.290413,-0.112798095,0.46881667,-0.26451036,66.80497925311202
NORMAL/NORMAL-33350-3.jpeg,resnet_baseline,10,126,3.7245507,0.37917578,0.4151945,0.18521431,35.684647302904565
NORMAL/NORMAL-3340309-1.jpeg,resnet_baseline,10,126,4.191774,-0.44084877,-0.43615156,-0.35086662,62.655601659751035
NORMAL/NORMAL-3346049-1.jpeg,resnet_baseline,10,126,3.179419,-0.36581117,-0.5573114,-0.06392427,11.618257261410788
NORMAL/NORMAL-3347645-1.jpeg,resnet_baseline,10,126,3.7714384,-0.33843476,0.1824835,-0.39985055,40.66390041493776
NORMAL/NORMAL-3354044-1.jpeg,resnet_baseline,10,126,4.530737,-0.12987816,-0.4444434,0.14929451,77.17842323651453
NORMAL/NORMAL-3361560-1.jpeg,resnet_baseline,10,126,3.8594706,-0.4456716,-0.68292713,-0.18277156,45.643153526970956
NORMAL/NORMAL-3361750-1.jpeg,resnet_baseline,10,126,3.3866215,-0.49365208,-0.37002125,-0.5633595,20.74688796680498
NORMAL/NORMAL-33637-1.jpeg,resnet_baseline,10,126,3.4294422,-0.56969714,-0.367823,-0.31761187,24.481327800829874
NORMAL/NORMAL-3373954-1.jpeg,resnet_baseline,10,126,5.40724,0.062426705,-0.39121038,0.44192827,95.850622406639
NORMAL/NORMAL-3380901-1.jpeg,resnet_baseline,10,126,4.2449,-0.47599125,-0.5152602,-0.30647275,65.14522821576763
NORMAL/NORMAL-338568-1.jpeg,resnet_baseline,10,126,2.6971316,-0.34825268,0.31980282,-0.47900355,2.904564315352697
NORMAL/NORMAL-3390782-1.jpeg,resnet_baseline,10,126,3.7843103,-0.5278222,-8.1462786e-05,-0.54265666,41.90871369294606
NORMAL/NORMAL-3398969-1.jpeg,resnet_baseline,10,126,3.9091392,-0.27678463,-0.5853977,-0.03566232,48.54771784232365
NORMAL/NORMAL-3399839-1.jpeg,resnet_baseline,10,126,4.2677484,0.17803526,0.69174814,0.019698337,65.97510373443983
NORMAL/NORMAL-3416330-1.jpeg,resnet_baseline,10,126,3.3710825,0.52198386,0.38350382,0.16488272,20.33195020746888
NORMAL/NORMAL-3431386-1.jpeg,resnet_baseline,10,126,3.442225,-0.537975,-0.48093772,-0.4095196,24.896265560165975
NORMAL/NORMAL-3451887-1.jpeg,resnet_baseline,10,126,3.6829758,-0.58372915,-0.4294419,-0.5871303,34.85477178423236
NORMAL/NORMAL-3465750-1.jpeg,resnet_baseline,10,126,3.1434565,-0.31990466,-0.6131203,-0.03854712,9.95850622406639
NORMAL/NORMAL-3466714-1.jpeg,resnet_baseline,10,126,3.9835458,0.2988938,-0.21218082,0.10573201,51.867219917012456
NORMAL/NORMAL-3475211-1.jpeg,resnet_baseline,10,126,4.258476,-0.04246549,0.45039755,-0.42742723,65.56016597510373
NORMAL/NORMAL-348347-1.jpeg,resnet_baseline,10,126,3.6204758,-0.6184689,-0.24051887,-0.61917317,30.70539419087137
NORMAL/NORMAL-349021-1.jpeg,resnet_baseline,10,126,3.4194357,0.01588286,0.03252887,0.28253567,22.40663900414938
NORMAL/NORMAL-351109-1.jpeg,resnet_baseline,10,126,3.7809663,-0.24915782,-0.50355136,0.13825466,41.49377593360996
NORMAL/NORMAL-351109-2.jpeg,resnet_baseline,10,126,3.9493008,-0.16098587,0.4137505,-0.53073466,50.20746887966805
NORMAL/NORMAL-3531215-1.jpeg,resnet_baseline,10,126,4.225754,-0.64664847,-0.43912643,-0.5082798,63.90041493775933
NORMAL/NORMAL-3538316-1.jpeg,resnet_baseline,10,126,4.5324135,-0.46071583,-0.68614453,-0.10130377,77.59336099585063
NORMAL/NORMAL-3561306-1.jpeg,resnet_baseline,10,126,2.9576378,-0.5424391,-0.72470003,-0.40415424,5.809128630705394
NORMAL/NORMAL-3561306-2.jpeg,resnet_baseline,10,126,3.7255123,-0.52520204,-0.60891896,-0.2901972,36.09958506224066
NORMAL/NORMAL-366503-1.jpeg,resnet_baseline,10,126,4.399492,-0.66612124,-0.5807601,-0.37056777,71.36929460580913
NORMAL/NORMAL-366503-2.jpeg,resnet_baseline,10,126,4.6707635,-0.14528991,-0.46648633,0.4230762,82.98755186721992
NORMAL/NORMAL-36734-1.jpeg,resnet_baseline,10,126,4.1413665,-0.6317992,-0.43565518,-0.48565418,61.41078838174274
NORMAL/NORMAL-37818-1.jpeg,resnet_baseline,10,126,4.2018433,-0.13296974,0.26073304,-0.4331984,63.07053941908713
NORMAL/NORMAL-395557-1.jpeg,resnet_baseline,10,126,2.71821,0.44768223,0.23783545,0.48334557,3.319502074688797
NORMAL/NORMAL-402066-1.jpeg,resnet_baseline,10,126,4.5243526,-0.1106562,-0.14874977,0.31929675,76.76348547717843
NORMAL/NORMAL-402066-2.jpeg,resnet_baseline,10,126,2.920832,-0.64837086,-0.2829366,-0.36174583,4.979253112033195
NORMAL/NORMAL-402066-3.jpeg,resnet_baseline,10,126,3.5212607,-0.43486953,-0.2511643,-0.15060064,29.460580912863072
NORMAL/NORMAL-402066-4.jpeg,resnet_baseline,10,126,4.3946295,-0.63864213,-0.30894193,-0.3092094,70.53941908713693
NORMAL/NORMAL-402066-5.jpeg,resnet_baseline,10,126,4.123404,-0.60330784,-0.0658573,-0.517244,60.16597510373444
NORMAL/NORMAL-438684-1.jpeg,resnet_baseline,10,126,3.0741422,-0.5789444,-0.29136607,-0.57477784,9.12863070539419
NORMAL/NORMAL-438684-2.jpeg,resnet_baseline,10,126,5.22156,-0.17841893,-0.3851012,-0.3457746,93.3609958506224
NORMAL/NORMAL-438684-3.jpeg,resnet_baseline,10,126,4.7827377,-0.42949748,-0.42327544,-0.5085206,86.72199170124482
NORMAL/NORMAL-443980-1.jpeg,resnet_baseline,10,126,4.5917716,-0.5240171,-0.58719945,-0.3501081,80.08298755186722
NORMAL/NORMAL-446851-1.jpeg,resnet_baseline,10,126,5.8495817,0.5473609,0.45210028,0.42371604,97.9253112033195
NORMAL/NORMAL-446851-2.jpeg,resnet_baseline,10,126,4.9589987,0.5130002,0.6188464,0.3116914,89.62655601659752
NORMAL/NORMAL-447690-1.jpeg,resnet_baseline,10,126,3.0664778,-0.54350483,-0.4338345,-0.39494634,8.71369294605809
NORMAL/NORMAL-447690-2.jpeg,resnet_baseline,10,126,4.5013194,-0.5884483,-0.28516147,-0.4362541,75.51867219917013
NORMAL/NORMAL-450532-1.jpeg,resnet_baseline,10,126,3.191359,-0.63028437,-0.24533162,-0.41154382,12.448132780082988
NORMAL/NORMAL-450923-1.jpeg,resnet_baseline,10,126,3.0555494,0.31375223,0.7215516,0.1289511,8.29875518672199
NORMAL/NORMAL-450923-2.jpeg,resnet_baseline,10,126,3.653918,0.45432544,0.10827702,0.40715262,31.950207468879665
NORMAL/NORMAL-460711-1.jpeg,resnet_baseline,10,126,4.5468283,-0.5317994,-0.3803323,-0.35462806,78.83817427385893
NORMAL/NORMAL-460844-1.jpeg,resnet_baseline,10,126,5.4964895,-0.6068158,-0.37108162,-0.27156523,96.6804979253112
NORMAL/NORMAL-466978-1.jpeg,resnet_baseline,10,126,4.716748,-0.13155288,-0.3732232,-0.08677618,84.23236514522821
NORMAL/NORMAL-469935-1.jpeg,resnet_baseline,10,126,3.9220424,-0.10077275,0.46926993,-0.14046623,49.37759336099585
NORMAL/NORMAL-4761187-1.jpeg,resnet_baseline,10,126,4.49879,-0.27050418,-0.49744576,0.17711131,75.10373443983403
NORMAL/NORMAL-4790999-1.jpeg,resnet_baseline,10,126,4.670148,-0.6830075,-0.42525208,-0.45670083,82.57261410788381
NORMAL/NORMAL-48053-1.jpeg,resnet_baseline,10,126,3.2648737,-0.55433834,-0.19204858,-0.52511364,14.107883817427386
NORMAL/NORMAL-4839633-1.jpeg,resnet_baseline,10,126,4.301402,-0.52455604,-0.20971215,-0.65055394,67.63485477178423
NORMAL/NORMAL-486271-1.jpeg,resnet_baseline,10,126,5.9419017,-0.29462215,-0.29379588,-0.46351168,99.5850622406639
NORMAL/NORMAL-508852-1.jpeg,resnet_baseline,10,126,5.308152,0.42599666,0.3548336,0.5142412,95.4356846473029
NORMAL/NORMAL-508852-2.jpeg,resnet_baseline,10,126,3.489941,-0.36038205,0.0947506,-0.5425872,27.385892116182575
NORMAL/NORMAL-519372-1.jpeg,resnet_baseline,10,126,3.2381167,-0.30631796,0.32943165,-0.48437256,13.692946058091287
NORMAL/NORMAL-524640-1.jpeg,resnet_baseline,10,126,3.8748999,-0.38132858,-0.73919624,0.021636523,46.058091286307054
NORMAL/NORMAL-544457-1.jpeg,resnet_baseline,10,126,3.4098592,0.28353226,0.2971413,0.4259534,21.991701244813278
NORMAL/NORMAL-544711-1.jpeg,resnet_baseline,10,126,3.492934,-0.48500308,0.015538139,-0.6107726,27.800829875518673
NORMAL/NORMAL-547422-1.jpeg,resnet_baseline,10,126,3.4293032,-0.25908458,-0.5842325,0.03843616,24.066390041493776
NORMAL/NORMAL-547422-2.jpeg,resnet_baseline,10,126,3.8245115,0.19161442,-0.13763532,0.13477731,43.983402489626556
NORMAL/NORMAL-549356-1.jpeg,resnet_baseline,10,126,4.6912217,-0.43791604,-0.5512269,-0.3917842,83.81742738589212
NORMAL/NORMAL-549356-2.jpeg,resnet_baseline,10,126,3.7409976,-0.27800936,0.046026558,-0.6036105,37.75933609958506
NORMAL/NORMAL-549356-3.jpeg,resnet_baseline,10,126,3.5347805,-0.21465135,0.18582287,-0.5015384,29.87551867219917
NORMAL/NORMAL-552739-1.jpeg,resnet_baseline,10,126,3.2009342,-0.06654827,-0.30823067,0.04166992,12.863070539419086
NORMAL/NORMAL-557437-1.jpeg,resnet_baseline,10,126,4.2908883,-0.51443845,-0.26884022,-0.2825253,67.21991701244814
NORMAL/NORMAL-557437-2.jpeg,resnet_baseline,10,126,2.6723332,-0.5300596,-0.60998404,-0.12291957,2.4896265560165975
NORMAL/NORMAL-565818-1.jpeg,resnet_baseline,10,126,3.666917,-0.5262641,0.016844079,-0.38254327,33.19502074688796
NORMAL/NORMAL-566040-1.jpeg,resnet_baseline,10,126,3.5102305,-0.38299704,0.14817713,-0.4847706,29.045643153526974
NORMAL/NORMAL-568518-1.jpeg,resnet_baseline,10,126,4.8326755,-0.21955942,0.00992763,0.19023594,87.13692946058092
NORMAL/NORMAL-568518-2.jpeg,resnet_baseline,10,126,4.3356094,-0.27728987,-0.23307401,0.09374685,68.87966804979253
NORMAL/NORMAL-571157-1.jpeg,resnet_baseline,10,126,3.3687134,-0.65290785,-0.3305152,-0.5572605,19.91701244813278
NORMAL/NORMAL-571484-1.jpeg,resnet_baseline,10,126,2.6381729,0.45706362,0.5056731,0.21568216,1.2448132780082988
NORMAL/NORMAL-572972-1.jpeg,resnet_baseline,10,126,3.1802285,0.036529392,-0.34814957,0.31697017,12.033195020746888
NORMAL/NORMAL-574089-1.jpeg,resnet_baseline,10,126,3.4719436,-0.39879316,0.17900154,-0.54257643,25.72614107883817
NORMAL/NORMAL-582215-1.jpeg,resnet_baseline,10,126,5.233378,-0.3887103,0.119366094,-0.25854826,93.7759336099585
NORMAL/NORMAL-588227-1.jpeg,resnet_baseline,10,126,4.1691933,-0.5891158,-0.10619153,-0.370995,61.82572614107884
NORMAL/NORMAL-60471-1.jpeg,resnet_baseline,10,126,3.1673286,-0.70416677,-0.4085828,-0.5088898,11.20331950207469
NORMAL/NORMAL-605310-1.jpeg,resnet_baseline,10,126,4.069573,-0.44591492,-0.20031539,-0.05229576,58.50622406639005
NORMAL/NORMAL-626127-1.jpeg,resnet_baseline,10,126,2.6633763,-0.6038934,-0.34209174,-0.5906277,1.6597510373443984
NORMAL/NORMAL-628048-1.jpeg,resnet_baseline,10,126,5.4198217,-0.17519516,0.33136278,-0.4750847,96.2655601659751
NORMAL/NORMAL-629493-1.jpeg,resnet_baseline,10,126,5.082303,-0.5233648,-0.014587551,-0.61031544,91.28630705394191
NORMAL/NORMAL-651257-1.jpeg,resnet_baseline,10,126,3.3343282,-0.24490415,-0.03160672,-0.5376657,17.842323651452283
NORMAL/NORMAL-655117-1.jpeg,resnet_baseline,10,126,4.0325303,-0.30444536,-0.19285105,0.17212918,55.601659751037346
NORMAL/NORMAL-655447-1.jpeg,resnet_baseline,10,126,3.965529,-0.19594729,0.29944712,-0.5304837,51.037344398340245
NORMAL/NORMAL-664536-1.jpeg,resnet_baseline,10,126,3.975851,-0.66256905,-0.3991351,-0.55849916,51.45228215767634
NORMAL/NORMAL-66515-1.jpeg,resnet_baseline,10,126,5.5443583,-0.6454107,-0.47160843,-0.3969477,97.0954356846473
NORMAL/NORMAL-672619-1.jpeg,resnet_baseline,10,126,4.0723934,-0.5521525,-0.0662422,-0.5972923,58.921161825726145
NORMAL/NORMAL-692554-1.jpeg,resnet_baseline,10,126,3.4889343,-0.23196055,0.31903622,-0.45615047,26.970954356846473
NORMAL/NORMAL-693575-1.jpeg,resnet_baseline,10,126,4.4397964,0.14480433,-0.045627717,0.50819314,73.85892116182573
NORMAL/NORMAL-697826-1.jpeg,resnet_baseline,10,126,4.8843484,0.44990835,0.30987412,0.58588934,87.96680497925311
NORMAL/NORMAL-744709-1.jpeg,resnet_baseline,10,126,4.662859,-0.18812689,-0.349382,0.033083666,81.74273858921161
NORMAL/NORMAL-755659-1.jpeg,resnet_baseline,10,126,4.014724,-0.13247597,-0.5748475,0.11157679,54.356846473029044
NORMAL/NORMAL-758272-1.jpeg,resnet_baseline,10,126,5.303731,0.07258687,-0.40060708,0.097261876,95.0207468879668
NORMAL/NORMAL-76914-1.jpeg,resnet_baseline,10,126,3.8485112,-0.59320855,-0.26489478,-0.35110497,45.22821576763486
NORMAL/NORMAL-772481-1.jpeg,resnet_baseline,10,126,3.8229787,-0.5847879,-0.36054653,-0.5396799,43.56846473029046
NORMAL/NORMAL-84466-1.jpeg,resnet_baseline,10,126,3.428304,-0.54734683,-0.5175756,-0.1854781,23.651452282157674
NORMAL/NORMAL-85367-1.jpeg,resnet_baseline,10,126,4.5452447,-0.217868,-0.3848322,0.15301934,78.42323651452283
NORMAL/NORMAL-9251-1.jpeg,resnet_baseline,10,126,4.126293,-0.25390926,-0.5791568,-0.053845473,60.58091286307054
NORMAL/NORMAL-98720-1.jpeg,resnet_baseline,10,126,4.3887415,-0.4541937,-0.6165378,-0.2662132,70.12448132780082
NORMAL/NORMAL-1017237-1.jpeg,se_resnet,11,3407,3.1909308,0.29376566,0.04351375,0.23973437,34.710743801652896
NORMAL/NORMAL-101880-1.jpeg,se_resnet,11,3407,4.2346883,-0.4396644,-0.70714056,-0.52586126,81.40495867768594
NORMAL/NORMAL-1025847-1.jpeg,se_resnet,11,3407,3.6134,-0.015685013,0.37572128,-0.039461426,60.33057851239669
NORMAL/NORMAL-1038998-1.jpeg,se_resnet,11,3407,3.0651412,-0.6267856,-0.27585408,-0.20833752,28.512396694214875
NORMAL/NORMAL-1042462-1.jpeg,se_resnet,11,3407,3.202598,0.44490844,0.48868096,0.80167663,35.9504132231405
NORMAL/NORMAL-1058176-1.jpeg,se_resnet,11,3407,3.2001514,-0.40359306,-0.8274369,-0.42110428,35.53719008264463
NORMAL/NORMAL-1063128-1.jpeg,se_resnet,11,3407,4.3753734,-0.31537953,-0.7153704,-0.28846422,84.29752066115702
NORMAL/NORMAL-1073137-1.jpeg,se_resnet,11,3407,3.3297262,-0.2922118,-0.6996993,-0.16793573,42.97520661157025
NORMAL/NORMAL-1081406-1.jpeg,se_resnet,11,3407,3.414376,0.47406277,0.41339767,0.5256516,49.586776859504134
NORMAL/NORMAL-112928-1.jpeg,se_resnet,11,3407,3.146971,-0.354905,-0.09414047,0.25222,31.818181818181817
NORMAL/NORMAL-119840-1.jpeg,se_resnet,11,3407,2.8056076,-0.57090497,-0.2974188,-0.3568632,17.768595041322314
NORMAL/NORMAL-12494-1.jpeg,se_resnet,11,3407,2.143718,-0.25652912,-0.16228122,-0.50908315,1.2396694214876034
NORMAL/NORMAL-12494-2.jpeg,se_resnet,11,3407,3.0596356,-0.46051708,-0.747511,-0.4525041,28.09917355371901
NORMAL/NORMAL-12494-3.jpeg,se_resnet,11,3407,3.4066868,0.4244302,0.66060346,0.3827453,49.17355371900827
NORMAL/NORMAL-12494-4.jpeg,se_resnet,11,3407,4.9813004,-0.5176699,-0.68456745,-0.50134236,90.9090909090909
NORMAL/NORMAL-12494-5.jpeg,se_resnet,11,3407,3.0912585,-0.23167413,-0.060267515,-0.40074682,29.338842975206614
NORMAL/NORMAL-133321-1.jpeg,se_resnet,11,3407,3.4723155,0.031787075,0.4387874,-0.086873725,52.47933884297521
NORMAL/NORMAL-138971-1.jpeg,se_resnet,11,3407,3.7138865,-0.4213173,-0.7643571,-0.45498854,65.70247933884298
NORMAL/NORMAL-15208-1.jpeg,se_resnet,11,3407,3.63252,-0.411295,-0.8289733,-0.31509587,61.57024793388429
NORMAL/NORMAL-15307-1.jpeg,se_resnet,11,3407,3.3180795,-0.030510101,-0.42557055,-0.04744545,42.14876033057851
NORMAL/NORMAL-153950-1.jpeg,se_resnet,11,3407,3.3411353,-0.5329324,-0.7290132,-0.4431672,45.04132231404959
NORMAL/NORMAL-1746717-1.jpeg,se_resnet,11,3407,3.1129405,-0.50631595,-0.22691908,-0.45034802,30.165289256198346
NORMAL/NORMAL-1759350-1.jpeg,se_resnet,11,3407,6.10077,-0.1317401,-0.64292604,-0.31876165,98.34710743801654
NORMAL/NORMAL-1781140-1.jpeg,se_resnet,11,3407,2.1821446,-0.5722945,-0.8191134,-0.49606985,1.6528925619834711
NORMAL/NORMAL-1791409-1.jpeg,se_resnet,11,3407,2.7722375,-0.48548698,-0.6878642,-0.5217662,16.115702479338843
NORMAL/NORMAL-1831654-1.jpeg,se_resnet,11,3407,3.9023688,-0.34005946,0.02587393,-0.22886676,72.72727272727273
NORMAL/NORMAL-1853526-1.jpeg,se_resnet,11,3407,2.5359812,-0.49547857,-0.7973907,-0.5047148,7.43801652892562
NORMAL/NORMAL-1860310-1.jpeg,se_resnet,11,3407,3.5453303,-0.4098522,-0.7389321,-0.53264487,54.958677685950406
NORMAL/NORMAL-1897894-1.jpeg,se_resnet,11,3407,2.604906,-0.5802947,-0.49138945,-0.47242284,10.330578512396695
NORMAL/NORMAL-1907560-1.jpeg,se_resnet,11,3407,4.009485,0.5354484,0.45713937,0.8019093,74.3801652892562
NORMAL/NORMAL-1908313-1.jpeg,se_resnet,11,3407,4.441916,-0.33795744,-0.80207556,-0.4339828,86.36363636363636
NORMAL/NORMAL-1951042-1.jpeg,se_resnet,11,3407,2.6493542,-0.39073205,-0.64306736,-0.44729358,10.743801652892563
NORMAL/NORMAL-1957379-1.jpeg,se_resnet,11,3407,3.012745,-0.541477,-0.56818163,-0.59813136,25.6198347107438
NORMAL/NORMAL-197082-1.jpeg,se_resnet,11,3407,3.501217,-0.09142028,-0.66707945,-0.1423643,53.71900826446281
NORMAL/NORMAL-1983894-1.jpeg,se_resnet,11,3407,3.5007305,-0.0069015473,-0.17706145,-0.014748305,53.30578512396694
NORMAL/NORMAL-1988065-1.jpeg,se_resnet,11,3407,4.127,-0.3063332,-0.6577511,-0.6274395,78.51239669421489
NORMAL/NORMAL-1989796-1.jpeg,se_resnet,11,3407,2.4225307,-0.0024122167,-0.47708634,-0.029049635,6.6115702479338845
NORMAL/NORMAL-1998191-1.jpeg,se_resnet,11,3407,2.8081832,-0.46968567,-0.66980803,-0.5052166,18.181818181818183
NORMAL/NORMAL-2010714-1.jpeg,se_resnet,11,3407,3.1775165,-0.51234436,-0.8211429,-0.49700105,34.29752066115703
NORMAL/NORMAL-2011412-1.jpeg,se_resnet,11,3407,2.8876762,-0.020584067,-0.4571666,-0.010043666,21.90082644628099
NORMAL/NORMAL-2019006-1.jpeg,se_resnet,11,3407,2.9176764,0.32900554,0.5742307,0.47625428,22.727272727272727
NORMAL/NORMAL-2019423-1.jpeg,se_resnet,11,3407,2.7479117,0.34058535,0.36176258,0.5942139,14.87603305785124
NORMAL/NORMAL-2055634-1.jpeg,se_resnet,11,3407,3.8710127,0.21666782,-0.05341433,0.38513345,71.900826446281
NORMAL/NORMAL-2059629-1.jpeg,se_resnet,11,3407,2.2202337,-0.7187141,-0.58190316,-0.31258884,2.8925619834710745
NORMAL/NORMAL-2075832-1.jpeg,se_resnet,11,3407,3.2425396,-0.21598071,-0.5935323,-0.57575953,38.429752066115704
NORMAL/NORMAL-2082689-1.jpeg,se_resnet,11,3407,3.8617685,0.19439048,0.54706335,0.1472964,70.24793388429752
NORMAL/NORMAL-2095710-1.jpeg,se_resnet,11,3407,5.7934165,-0.25849116,-0.6875474,-0.44602257,96.69421487603306
NORMAL/NORMAL-2113822-1.jpeg,se_resnet,11,3407,2.6669989,-0.28269565,-0.5479059,-0.45811278,11.983471074380166
NORMAL/NORMAL-2120559-1.jpeg,se_resnet,11,3407,3.2870355,-0.47879946,-0.6455501,-0.6328002,41.32231404958678
NORMAL/NORMAL-2120559-2.jpeg,se_resnet,11,3407,3.63856,-0.2187978,-0.70084393,-0.4438311,62.396694214876035
NORMAL/NORMAL-2120559-3.jpeg,se_resnet,11,3407,5.0349207,-0.16066474,-0.54719734,-0.56614137,91.73553719008265
NORMAL/NORMAL-2126186-1.jpeg,se_resnet,11,3407,4.345779,-0.3881871,-0.82630587,-0.42025423,83.05785123966942
NORMAL/NORMAL-2131138-1.jpeg,se_resnet,11,3407,4.3705063,-0.3886311,-0.6521406,-0.26158756,83.88429752066115
NORMAL/NORMAL-2158556-1.jpeg,se_resnet,11,3407,2.7082639,-0.4202572,-0.80315405,-0.49143094,13.223140495867769
NORMAL/NORMAL-2167295-1.jpeg,se_resnet,11,3407,2.7714226,-0.5809679,-0.6889525,-0.51075965,15.702479338842975
NORMAL/NORMAL-2181272-1.jpeg,se_resnet,11,3407,2.9809062,-0.46909553,-0.85775846,-0.31320927,24.793388429752067
NORMAL/NORMAL-2182640-1.jpeg,se_resnet,11,3407,6.946754,0.15950596,-0.25133818,0.5417945,99.58677685950413
NORMAL/NORMAL-2192790-1.jpeg,se_resnet,11,3407,3.276274,-0.46686542,-0.64027077,-0.5463903,40.49586776859504
NORMAL/NORMAL-2197972-1.jpeg,se_resnet,11,3407,3.645075,0.54073864,0.2320796,0.31101796,62.8099173553719
NORMAL/NORMAL-2226488-1.jpeg,se_resnet,11,3407,4.097236,0.3552663,-0.01519831,-0.2764102,77.68595041322314
NORMAL/NORMAL-2231056-1.jpeg,se_resnet,11,3407,4.403265,-0.43498397,-0.6973528,-0.5165324,85.53719008264463
NORMAL/NORMAL-223814-1.jpeg,se_resnet,11,3407,2.8633325,-0.4878684,-0.6890942,-0.30702525,21.074380165289256
NORMAL/NORMAL-2244950-1.jpeg,se_resnet,11,3407,3.5907118,-0.5472831,-0.7902483,-0.2687864,58.67768595041323
NORMAL/NORMAL-2287992-1.jpeg,se_resnet,11,3407,3.2176492,-0.45801222,-0.71206355,-0.4873348,37.60330578512397
NORMAL/NORMAL-2305502-1.jpeg,se_resnet,11,3407,3.2075346,-0.34838945,-0.7442181,-0.25182268,36.36363636363637
NORMAL/NORMAL-2312921-1.jpeg,se_resnet,11,3407,3.3536463,0.50634897,0.7404268,0.53668326,46.69421487603306
NORMAL/NORMAL-2316423-1.jpeg,se_resnet,11,3407,3.847473,-0.39454252,-0.5650084,-0.42179978,69.00826446280992
NORMAL/NORMAL-2335256-1.jpeg,se_resnet,11,3407,2.7489312,-0.33673206,-0.6970215,-0.39126647,15.289256198347106
NORMAL/NORMAL-2342517-1.jpeg,se_resnet,11,3407,3.4612753,-0.6280138,-0.5213851,-0.5555066,51.652892561983464
NORMAL/NORMAL-2350851-1.jpeg,se_resnet,11,3407,5.983506,-0.41490984,-0.67799616,-0.4781711,97.93388429752066
NORMAL/NORMAL-2351012-1.jpeg,se_resnet,11,3407,2.318178,-0.517072,-0.23357098,-0.3314343,4.132231404958678
NORMAL/NORMAL-2362579-1.jpeg,se_resnet,11,3407,3.8391817,-0.3772369,-0.6417669,-0.590714,68.59504132231406
NORMAL/NORMAL-2366700-1.jpeg,se_resnet,11,3407,4.275513,-0.38943064,-0.74589694,-0.20312008,82.23140495867769
NORMAL/NORMAL-2373878-1.jpeg,se_resnet,11,3407,2.4122224,-0.48660392,-0.79948914,-0.5326452,6.198347107438017
NORMAL/NORMAL-2377429-1.jpeg,se_resnet,11,3407,3.864191,-0.30303192,-0.10091855,-0.008581724,70.66115702479338
NORMAL/NORMAL-2392366-1.jpeg,se_resnet,11,3407,3.2533743,-0.43193984,-0.7191468,-0.1567851,39.25619834710744
NORMAL/NORMAL-2397754-1.jpeg,se_resnet,11,3407,2.5554588,-0.45305908,-0.77811676,-0.20461577,7.851239669421488
NORMAL/NORMAL-2403175-1.jpeg,se_resnet,11,3407,3.9008374,0.4208929,0.07017621,0.21949764,72.31404958677686
NORMAL/NORMAL-2416187-1.jpeg,se_resnet,11,3407,3.8502321,-0.34995496,-0.06990327,-0.4814135,69.42148760330579
NORMAL/NORMAL-2421067-1.jpeg,se_resnet,11,3407,3.5857441,-0.54035354,-0.4301897,-0.4620833,58.26446280991735
NORMAL/NORMAL-2424949-1.jpeg,se_resnet,11,3407,3.263385,-0.4291334,-0.6358675,-0.11418011,40.082644628099175
NORMAL/NORMAL-2434258-1.jpeg,se_resnet,11,3407,2.7736447,-0.47533166,-0.77229184,-0.5614531,16.94214876033058
NORMAL/NORMAL-2436365-1.jpeg,se_resnet,11,3407,5.183861,-0.4481218,-0.2775304,-0.40530598,92.97520661157024
NORMAL/NORMAL-2448954-1.jpeg,se_resnet,11,3407,4.4369044,-0.27246547,-0.6448295,-0.50979656,85.9504132231405
NORMAL/NORMAL-2459401-1.jpeg,se_resnet,11,3407,4.38724,-0.38019878,-0.79684466,-0.2678811,84.71074380165288
NORMAL/NORMAL-2460548-1.jpeg,se_resnet,11,3407,2.4054058,-0.45878696,-0.61982346,-0.6363369,5.785123966942149
NORMAL/NORMAL-2476896-1.jpeg,se_resnet,11,3407,4.167339,-0.24846844,-0.6902816,-0.47021216,80.16528925619835
NORMAL/NORMAL-2493975-1.jpeg,se_resnet,11,3407,3.8516533,-0.49008486,-0.30571038,-0.4822643,69.83471074380165
NORMAL/NORMAL-2504667-1.jpeg,se_resnet,11,3407,5.2338743,-0.5050931,-0.74768376,-0.47642088,93.80165289256198
NORMAL/NORMAL-2509453-1.jpeg,se_resnet,11,3407,4.138857,-0.32445002,-0.3736421,-0.5919875,78.92561983471074
NORMAL/NORMAL-2517546-1.jpeg,se_resnet,11,3407,3.3542135,-0.44967997,-0.78128064,-0.38411722,47.107438016528924
NORMAL/NORMAL-2549549-1.jpeg,se_resnet,11,3407,3.1365151,-0.67157847,-0.7469653,-0.40001473,30.991735537190085
NORMAL/NORMAL-2551333-1.jpeg,se_resnet,11,3407,3.559245,-0.4181183,-0.70877004,-0.5120136,55.371900826446286
NORMAL/NORMAL-2569106-1.jpeg,se_resnet,11,3407,5.220051,-0.34556788,-0.8035166,-0.42936987,93.38842975206612
NORMAL/NORMAL-2570020-1.jpeg,se_resnet,11,3407,3.6145883,-0.4916681,-0.65826195,-0.52541447,60.74380165289256
NORMAL/NORMAL-2579419-1.jpeg,se_resnet,11,3407,2.9434335,-0.21611162,-0.575304,-0.2288449,23.96694214876033
NORMAL/NORMAL-2598368-1.jpeg,se_resnet,11,3407,2.1965344,0.054431774,-0.449629,-0.0647007,2.479338842975207
NORMAL/NORMAL-2602596-1.jpeg,se_resnet,11,3407,2.8346722,-0.32861084,-0.67673934,-0.58099204,19.00826446280992
NORMAL/NORMAL-2627129-1.jpeg,se_resnet,11,3407,5.2415705,0.33644205,0.8172513,0.12571357,94.21487603305785
NORMAL/NORMAL-2633503-1.jpeg,se_resnet,11,3407,5.0767016,0.004462689,0.0043515656,-0.279753,92.56198347107438
NORMAL/NORMAL-2636641-1.jpeg,se_resnet,11,3407,2.6568298,0.29961327,0.4647627,0.189892,11.15702479338843
NORMAL/NORMAL-2665491-1.jpeg,se_resnet,11,3407,3.3641825,-0.3012576,-0.72183144,-0.57239187,48.34710743801653
NORMAL/NORMAL-269181-1.jpeg,se_resnet,11,3407,3.0564845,0.3134417,-0.05467898,0.17935324,27.27272727272727
NORMAL/NORMAL-2705520-1.jpeg,se_resnet,11,3407,4.729826,0.4853369,0.79002726,0.44235352,89.6694214876033
NORMAL/NORMAL-2709055-1.jpeg,se_resnet,11,3407,3.629304,-0.60636246,-0.7268703,-0.32922482,61.15702479338842
NORMAL/NORMAL-2733663-1.jpeg,se_resnet,11,3407,2.184764,-0.5289251,-0.21232833,-0.29410934,2.066115702479339
NORMAL/NORMAL-2739821-1.jpeg,se_resnet,11,3407,2.853011,-0.085335545,0.63141716,-0.048289478,19.421487603305785
NORMAL/NORMAL-2769622-1.jpeg,se_resnet,11,3407,2.357281,-0.3831134,-0.7489538,-0.17304602,4.545454545454546
NORMAL/NORMAL-2769622-2.jpeg,se_resnet,11,3407,3.82642,0.29672682,0.23703256,0.45341283,68.18181818181817
NORMAL/NORMAL-279206-1.jpeg,se_resnet,11,3407,3.563624,-0.26009893,0.32427692,0.087564215,55.78512396694215
NORMAL/NORMAL-283376-1.jpeg,se_resnet,11,3407,5.6743894,-0.5167675,-0.7395475,-0.2826293,95.86776859504133
NORMAL/NORMAL-285896-1.jpeg,se_resnet,11,3407,3.5694342,-0.3753277,-0.16574146,-0.47262383,57.02479338842975
NORMAL/NORMAL-2973935-1.jpeg,se_resnet,11,3407,4.1223235,-0.5233109,-0.40035677,-0.49772915,78.099173553719
NORMAL/NORMAL-3059523-1.jpeg,se_resnet,11,3407,3.7127995,-0.56513923,-0.67108816,-0.4281459,65.28925619834712
NORMAL/NORMAL-307151-1.jpeg,se_resnet,11,3407,5.038866,-0.3055688,-0.7726623,-0.5383719,92.14876033057851
NORMAL/NORMAL-307151-2.jpeg,se_resnet,11,3407,4.0745497,0.45333076,0.6137073,0.47598606,76.44628099173553
NORMAL/NORMAL-3077276-1.jpeg,se_resnet,11,3407,4.3945656,-0.25654548,-0.70443964,-0.36808163,85.12396694214877
NORMAL/NORMAL-3100637-1.jpeg,se_resnet,11,3407,2.590776,-0.17975089,-0.74948543,-0.27582324,9.917355371900827
NORMAL/NORMAL-3103940-1.jpeg,se_resnet,11,3407,2.0764468,-0.20773152,-0.636068,-0.3838537,0.4132231404958678
NORMAL/NORMAL-3108564-1.jpeg,se_resnet,11,3407,3.1685574,-0.3905658,-0.56180644,-0.53850234,33.057851239669425
NORMAL/NORMAL-3134896-1.jpeg,se_resnet,11,3407,2.5733545,-0.39483187,-0.89664173,-0.38302022,9.090909090909092
NORMAL/NORMAL-3166591-1.jpeg,se_resnet,11,3407,3.4767902,-0.18017489,-0.69411623,-0.29218525,52.892561983471076
NORMAL/NORMAL-3220509-1.jpeg,se_resnet,11,3407,3.3529606,-0.49901995,-0.63706076,-0.45108706,46.28099173553719
NORMAL/NORMAL-3244919-1.jpeg,se_resnet,11,3407,2.815597,-0.54758644,-0.75269294,-0.477658,18.59504132231405
NORMAL/NORMAL-3256489-1.jpeg,se_resnet,11,3407,3.211871,0.102638565,0.21933073,-0.35495126,36.77685950413223
NORMAL/NORMAL-3277704-1.jpeg,se_resnet,11,3407,3.0255153,-0.61892873,-0.30166504,-0.3065791,26.033057851239672
NORMAL/NORMAL-3300015-1.jpeg,se_resnet,11,3407,4.163885,-0.42934966,-0.779664,-0.3578182,79.75206611570248
NORMAL/NORMAL-3307598-1.jpeg,se_resnet,11,3407,3.7922297,-0.32312107,-0.57116044,-0.51588833,67.76859504132231
NORMAL/NORMAL-3307598-2.jpeg,se_resnet,11,3407,5.7954545,-0.3405799,-0.74148196,-0.45802668,97.10743801652893
NORMAL/NORMAL-3308307-1.jpeg,se_resnet,11,3407,4.3310895,-0.53205484,-0.78117734,-0.49118602,82.64462809917356
NORMAL/NORMAL-330905-1.jpeg,se_resnet,11,3407,3.7918086,-0.37736228,-0.8007476,-0.44275254,67.35537190082644
NORMAL/NORMAL-3320960-1.jpeg,se_resnet,11,3407,3.537424,-0.23817,-0.75468194,-0.33621907,54.54545454545454
NORMAL/NORMAL-3326661-1.jpeg,se_resnet,11,3407,4.0014644,-0.51114416,-0.53908646,-0.5147325,73.96694214876032
NORMAL/NORMAL-3330006-1.jpeg,se_resnet,11,3407,3.3274834,0.299545,-0.124218106,0.2762599,42.561983471074385
NORMAL/NORMAL-3332063-1.jpeg,se_resnet,11,3407,2.3924494,-0.598369,-0.57924616,-0.45851135,4.958677685950414
NORMAL/NORMAL-33350-1.jpeg,se_resnet,11,3407,3.754288,0.038996756,-0.0726219,-0.5179845,66.52892561983471
NORMAL/NORMAL-33350-2.jpeg,se_resnet,11,3407,3.9177644,0.08227585,0.63328344,-0.017616805,73.14049586776859
NORMAL/NORMAL-33350-3.jpeg,se_resnet,11,3407,6.2975454,0.62646604,0.48638883,0.04643254,98.7603305785124
NORMAL/NORMAL-3340309-1.jpeg,se_resnet,11,3407,3.2126067,-0.20637362,-0.44984293,-0.6156931,37.1900826446281
NORMAL/NORMAL-3346049-1.jpeg,se_resnet,11,3407,2.962882,-0.030326504,0.3593602,-0.122582205,24.380165289256198
NORMAL/NORMAL-3347645-1.jpeg,se_resnet,11,3407,3.1368954,0.34489596,0.31623054,-0.13540561,31.40495867768595
NORMAL/NORMAL-3354044-1.jpeg,se_resnet,11,3407,3.684862,-0.3627056,-0.79602516,-0.4504876,63.63636363636363
NORMAL/NORMAL-3361560-1.jpeg,se_resnet,11,3407,3.169132,-0.45546758,-0.7408885,-0.43202138,33.47107438016529
NORMAL/NORMAL-3361750-1.jpeg,se_resnet,11,3407,4.525965,-0.17848328,-0.2939371,-0.5564365,86.77685950413223
NORMAL/NORMAL-33637-1.jpeg,se_resnet,11,3407,3.283843,-0.106584385,-0.42092958,0.07763876,40.909090909090914
NORMAL/NORMAL-3373954-1.jpeg,se_resnet,11,3407,5.243109,0.2804413,-0.17389405,0.28688806,94.62809917355372
NORMAL/NORMAL-3380901-1.jpeg,se_resnet,11,3407,2.8558376,-0.5043874,-0.84273803,-0.40003127,19.834710743801654
NORMAL/NORMAL-338568-1.jpeg,se_resnet,11,3407,2.2203565,-0.6645312,-0.7827203,-0.52328837,3.3057851239669422
NORMAL/NORMAL-3390782-1.jpeg,se_resnet,11,3407,3.9690459,-0.61723375,-0.5321707,-0.35627323,73.55371900826447
NORMAL/NORMAL-3398969-1.jpeg,se_resnet,11,3407,4.5443916,-0.40659314,-0.48269802,-0.48340893,87.19008264462809
NORMAL/NORMAL-3399839-1.jpeg,se_resnet,11,3407,3.646731,-0.2876887,-0.78278697,-0.40627763,63.22314049586777
NORMAL/NORMAL-3416330-1.jpeg,se_resnet,11,3407,2.693191,0.2470697,0.5279928,0.28712255,12.396694214876034
NORMAL/NORMAL-3431386-1.jpeg,se_resnet,11,3407,3.0517309,-0.40998894,-0.44368523,-0.46913707,26.859504132231404
NORMAL/NORMAL-3451887-1.jpeg,se_resnet,11,3407,3.1665099,-0.27434665,-0.5562058,-0.31030566,32.64462809917356
NORMAL/NORMAL-3465750-1.jpeg,se_resnet,11,3407,3.5751894,-0.3971126,-0.47002172,-0.16806701,57.438016528925615
NORMAL/NORMAL-3466714-1.jpeg,se_resnet,11,3407,3.3575678,-0.51713645,-0.81021833,-0.4629784,47.5206611570248
NORMAL/NORMAL-3475211-1.jpeg,se_resnet,11,3407,4.1840606,-0.5142139,-0.6945251,-0.560377,80.57851239669421
NORMAL/NORMAL-348347-1.jpeg,se_resnet,11,3407,5.3059554,-0.56104445,-0.721331,-0.47490442,95.45454545454545
NORMAL/NORMAL-349021-1.jpeg,se_resnet,11,3407,2.7368367,-0.29147193,-0.83313227,-0.36787242,14.049586776859504
NORMAL/NORMAL-351109-1.jpeg,se_resnet,11,3407,3.6339653,-0.3489186,-0.6169064,-0.47977707,61.98347107438017
NORMAL/NORMAL-351109-2.jpeg,se_resnet,11,3407,4.1540184,-0.3334747,-0.24210313,-0.5240482,79.33884297520662
NORMAL/NORMAL-3531215-1.jpeg,se_resnet,11,3407,2.5857131,-0.35248303,-0.6917522,-0.3148031,9.50413223140496
NORMAL/NORMAL-3538316-1.jpeg,se_resnet,11,3407,2.772331,-0.5767202,-0.79916704,-0.27017424,16.528925619834713
NORMAL/NORMAL-3561306-1.jpeg,se_resnet,11,3407,3.082188,-0.5937677,-0.55543756,-0.5230727,28.92561983471074
NORMAL/NORMAL-3561306-2.jpeg,se_resnet,11,3407,4.272314,-0.5806911,-0.69647646,-0.42928556,81.81818181818183
NORMAL/NORMAL-366503-1.jpeg,se_resnet,11,3407,3.468676,-0.3780753,-0.82720083,-0.34507495,52.066115702479344
NORMAL/NORMAL-366503-2.jpeg,se_resnet,11,3407,3.4512055,-0.48272383,-0.66013515,-0.32972476,50.413223140495866
NORMAL/NORMAL-36734-1.jpeg,se_resnet,11,3407,3.3404078,-0.43070835,-0.47598386,-0.6332707,44.62809917355372
NORMAL/NORMAL-37818-1.jpeg,se_resnet,11,3407,3.1178179,-0.5559927,-0.7522427,-0.58378357,30.57851239669421
NORMAL/NORMAL-395557-1.jpeg,se_resnet,11,3407,3.1730955,-0.46748167,-0.6551422,-0.51888716,33.88429752066116
NORMAL/NORMAL-402066-1.jpeg,se_resnet,11,3407,3.2291918,-0.5806533,-0.86574006,-0.5563466,38.01652892561984
NORMAL/NORMAL-402066-2.jpeg,se_resnet,11,3407,3.4461057,-0.45566428,-0.79293877,-0.5440818,50.0
NORMAL/NORMAL-402066-3.jpeg,se_resnet,11,3407,2.7237875,-0.42349654,-0.7045212,-0.55970263,13.636363636363635
NORMAL/NORMAL-402066-4.jpeg,se_resnet,11,3407,3.296363,0.38107902,-0.020076811,0.22702125,41.735537190082646
NORMAL/NORMAL-402066-5.jpeg,se_resnet,11,3407,2.888972,-0.5821291,-0.22899534,-0.3846246,22.31404958677686
NORMAL/NORMAL-438684-1.jpeg,se_resnet,11,3407,3.6086118,-0.5502382,-0.8622685,-0.5061599,59.917355371900825
NORMAL/NORMAL-438684-2.jpeg,se_resnet,11,3407,3.364523,-0.5321226,-0.7271356,-0.5506463,48.760330578512395
NORMAL/NORMAL-438684-3.jpeg,se_resnet,11,3407,3.5016146,-0.4619963,-0.18316115,-0.3926372,54.132231404958674
NORMAL/NORMAL-443980-1.jpeg,se_resnet,11,3407,3.332963,-0.48645532,-0.74284637,-0.5341299,43.388429752066116
NORMAL/NORMAL-446851-1.jpeg,se_resnet,11,3407,6.6062984,0.65249825,0.64693254,0.631035,99.17355371900827
NORMAL/NORMAL-446851-2.jpeg,se_resnet,11,3407,4.5642376,0.5290888,0.7654515,0.60702693,87.60330578512396
NORMAL/NORMAL-447690-1.jpeg,se_resnet,11,3407,7.5627303,-0.115759775,-0.21654922,-0.49686506,100.0
NORMAL/NORMAL-447690-2.jpeg,se_resnet,11,3407,4.7281938,-0.3176188,-0.5481149,-0.5328853,89.25619834710744
NORMAL/NORMAL-450532-1.jpeg,se_resnet,11,3407,2.2382183,-0.44804883,-0.74943674,-0.516894,3.71900826446281
NORMAL/NORMAL-450923-1.jpeg,se_resnet,11,3407,4.0298896,-0.37045676,-0.79798603,-0.34983584,74.79338842975206
NORMAL/NORMAL-450923-2.jpeg,se_resnet,11,3407,4.8551726,-0.3304007,-0.5566484,-0.612591,90.49586776859503
NORMAL/NORMAL-460711-1.jpeg,se_resnet,11,3407,3.8669567,-0.42038858,-0.8149228,-0.42916858,71.07438016528926
NORMAL/NORMAL-460844-1.jpeg,se_resnet,11,3407,3.5824058,0.13849859,-0.27121636,0.22585572,57.85123966942148
NORMAL/NORMAL-466978-1.jpeg,se_resnet,11,3407,3.2452312,-0.26188,-0.6769706,-0.5104537,38.84297520661157
NORMAL/NORMAL-469935-1.jpeg,se_resnet,11,3407,3.3466663,0.17944284,-0.335271,0.05426335,45.867768595041326
NORMAL/NORMAL-4761187-1.jpeg,se_resnet,11,3407,3.564512,-0.39051497,-0.8059195,-0.36306226,56.611570247933884
NORMAL/NORMAL-4790999-1.jpeg,se_resnet,11,3407,4.096803,-0.46392113,-0.8327246,-0.49168536,77.27272727272727
NORMAL/NORMAL-48053-1.jpeg,se_resnet,11,3407,3.1609774,0.3993187,-0.016209561,-0.18071723,32.231404958677686
NORMAL/NORMAL-4839633-1.jpeg,se_resnet,11,3407,4.765396,-0.35150802,-0.18313113,-0.45893797,90.08264462809917
NORMAL/NORMAL-486271-1.jpeg,se_resnet,11,3407,3.725854,-0.58456373,-0.37639928,-0.45134747,66.11570247933885
NORMAL/NORMAL-508852-1.jpeg,se_resnet,11,3407,4.0777636,0.55322635,0.8208102,0.5322844,76.85950413223141
NORMAL/NORMAL-508852-2.jpeg,se_resnet,11,3407,2.5715604,0.10860355,0.36142766,0.39803308,8.677685950413224
NORMAL/NORMAL-519372-1.jpeg,se_resnet,11,3407,2.7049787,-0.3265747,-0.32691115,-0.61842287,12.8099173553719
NORMAL/NORMAL-524640-1.jpeg,se_resnet,11,3407,4.033847,-0.57601225,-0.7700759,-0.4613759,75.20661157024794
NORMAL/NORMAL-544457-1.jpeg,se_resnet,11,3407,5.7301893,0.33201024,-0.21165222,0.21232508,96.28099173553719
NORMAL/NORMAL-544711-1.jpeg,se_resnet,11,3407,2.5150259,-0.43711272,-0.020918768,-0.39196244,7.024793388429752
NORMAL/NORMAL-547422-1.jpeg,se_resnet,11,3407,3.4568236,-0.26059803,-0.72711843,-0.5661168,51.2396694214876
NORMAL/NORMAL-547422-2.jpeg,se_resnet,11,3407,3.7900655,-0.036449254,-0.44147915,-0.54528147,66.94214876033058
NORMAL/NORMAL-549356-1.jpeg,se_resnet,11,3407,3.3441682,-0.1282058,-0.12340601,-0.47342324,45.45454545454545
NORMAL/NORMAL-549356-2.jpeg,se_resnet,11,3407,4.60458,-0.021920592,-0.16476956,-0.52949315,88.01652892561982
NORMAL/NORMAL-549356-3.jpeg,se_resnet,11,3407,3.7015731,-0.45394474,-0.31440163,-0.52345335,64.46280991735537
NORMAL/NORMAL-552739-1.jpeg,se_resnet,11,3407,3.3393476,-0.31338105,-0.7194487,-0.38823774,43.80165289256198
NORMAL/NORMAL-557437-1.jpeg,se_resnet,11,3407,3.8701653,-0.47227052,-0.7266691,-0.53586984,71.48760330578511
NORMAL/NORMAL-557437-2.jpeg,se_resnet,11,3407,2.9281378,-0.31180382,-0.80266196,-0.3278751,23.553719008264462
NORMAL/NORMAL-565818-1.jpeg,se_resnet,11,3407,3.7050755,-0.3551182,-0.8692349,-0.32813632,64.87603305785123
NORMAL/NORMAL-566040-1.jpeg,se_resnet,11,3407,3.592495,-0.59899116,-0.7555307,-0.48091847,59.09090909090909
NORMAL/NORMAL-568518-1.jpeg,se_resnet,11,3407,5.9426517,0.027270462,-0.55446553,-0.13108006,97.52066115702479
NORMAL/NORMAL-568518-2.jpeg,se_resnet,11,3407,4.3491745,0.5027187,0.099532716,0.40345863,83.47107438016529
NORMAL/NORMAL-571157-1.jpeg,se_resnet,11,3407,2.920675,-0.6038036,-0.4832375,-0.46641296,23.140495867768596
NORMAL/NORMAL-571484-1.jpeg,se_resnet,11,3407,2.5614393,0.2544477,0.7892138,0.17748083,8.264462809917356
NORMAL/NORMAL-572972-1.jpeg,se_resnet,11,3407,2.1026087,-0.33012727,-0.24841799,0.11078151,0.8264462809917356
NORMAL/NORMAL-574089-1.jpeg,se_resnet,11,3407,3.0092008,-0.44418836,-0.31244022,-0.49049652,25.206611570247933
NORMAL/NORMAL-582215-1.jpeg,se_resnet,11,3407,3.1999373,-0.23290952,-0.536195,-0.506018,35.12396694214876
NORMAL/NORMAL-588227-1.jpeg,se_resnet,11,3407,3.5988119,-0.6470481,-0.5282878,-0.48782158,59.50413223140496
NORMAL/NORMAL-60471-1.jpeg,se_resnet,11,3407,3.0505192,0.14206679,-0.18817651,0.40198827,26.446280991735538
NORMAL/NORMAL-605310-1.jpeg,se_resnet,11,3407,3.0950773,-0.3597778,-0.76750827,-0.14675806,29.75206611570248
NORMAL/NORMAL-626127-1.jpeg,se_resnet,11,3407,3.3640156,0.22125317,-0.29851288,0.16738209,47.93388429752066
NORMAL/NORMAL-628048-1.jpeg,se_resnet,11,3407,2.6571002,-0.5907488,-0.6803251,-0.48477256,11.570247933884298
NORMAL/NORMAL-629493-1.jpeg,se_resnet,11,3407,3.0574977,-0.5479852,-0.6579269,-0.519842,27.685950413223143
NORMAL/NORMAL-651257-1.jpeg,se_resnet,11,3407,2.799614,-0.45630413,-0.59265083,-0.60545254,17.355371900826448
NORMAL/NORMAL-655117-1.jpeg,se_resnet,11,3407,2.8579435,-0.47683543,-0.813872,-0.2733307,20.24793388429752
NORMAL/NORMAL-655447-1.jpeg,se_resnet,11,3407,4.706599,-0.19869927,-0.1056568,-0.4887631,88.84297520661157
NORMAL/NORMAL-664536-1.jpeg,se_resnet,11,3407,3.2603827,0.33484495,0.6447089,0.47592974,39.66942148760331
NORMAL/NORMAL-66515-1.jpeg,se_resnet,11,3407,2.8736413,-0.58990365,-0.6786553,-0.44452888,21.487603305785125
NORMAL/NORMAL-672619-1.jpeg,se_resnet,11,3407,4.620341,-0.5170586,-0.6405759,-0.5280774,88.42975206611571
NORMAL/NORMAL-692554-1.jpeg,se_resnet,11,3407,4.047315,-0.5724467,-0.80427766,-0.5462927,75.6198347107438
NORMAL/NORMAL-693575-1.jpeg,se_resnet,11,3407,3.455842,0.34754676,0.14617155,0.35797966,50.82644628099173
NORMAL/NORMAL-697826-1.jpeg,se_resnet,11,3407,4.054647,0.44448313,0.6649637,0.7085396,76.03305785123968
NORMAL/NORMAL-744709-1.jpeg,se_resnet,11,3407,5.2554426,-0.29531026,-0.6108172,-0.43092093,95.0413223140496
NORMAL/NORMAL-755659-1.jpeg,se_resnet,11,3407,3.3403575,-0.5411365,-0.17151196,-0.045389883,44.214876033057855
NORMAL/NORMAL-758272-1.jpeg,se_resnet,11,3407,3.5638812,-0.43393585,-0.77770436,-0.4910276,56.19834710743802
NORMAL/NORMAL-76914-1.jpeg,se_resnet,11,3407,2.8597653,-0.59087247,-0.7711437,-0.29275054,20.66115702479339
NORMAL/NORMAL-772481-1.jpeg,se_resnet,11,3407,3.6893516,-0.35754544,-0.6371322,-0.44800624,64.0495867768595
NORMAL/NORMAL-84466-1.jpeg,se_resnet,11,3407,2.7450871,-0.3123072,-0.6150681,-0.07852843,14.46280991735537
NORMAL/NORMAL-85367-1.jpeg,se_resnet,11,3407,4.2225747,-0.42185163,-0.71370107,-0.5345074,80.99173553719008
NORMAL/NORMAL-9251-1.jpeg,se_resnet,11,3407,2.4015331,-0.50455576,-0.61555386,-0.60878015,5.371900826446281
NORMAL/NORMAL-98720-1.jpeg,se_resnet,11,3407,4.9932456,-0.47713783,-0.6994704,-0.49560857,91.32231404958677
NORMAL/NORMAL-1017237-1.jpeg,vit_b16,12,42,17.019377,-0.31419504,-0.062265255,-0.5998659,81.40495867768594
NORMAL/NORMAL-101880-1.jpeg,vit_b16,12,42,16.122404,-0.21138321,-0.20938948,-0.67110753,71.48760330578511
NORMAL/NORMAL-1025847-1.jpeg,vit_b16,12,42,15.52782,-0.33227184,-0.4508261,-0.247389,65.70247933884298
NORMAL/NORMAL-1038998-1.jpeg,vit_b16,12,42,13.356029,-0.3580898,-0.6195445,0.015563336,33.88429752066116
NORMAL/NORMAL-1042462-1.jpeg,vit_b16,12,42,16.189589,-0.032898925,-0.17998402,0.4611774,72.31404958677686
NORMAL/NORMAL-1058176-1.jpeg,vit_b16,12,42,14.21287,-0.15485556,-0.39719126,0.41509402,47.93388429752066
NORMAL/NORMAL-1063128-1.jpeg,vit_b16,12,42,13.232363,-0.17744075,-0.32940972,0.22904578,32.64462809917356
NORMAL/NORMAL-1073137-1.jpeg,vit_b16,12,42,13.158508,-0.07130906,-0.66739666,0.25623846,29.75206611570248
NORMAL/NORMAL-1081406-1.jpeg,vit_b16,12,42,21.16884,0.092470855,0.80811894,0.1508247,97.52066115702479
NORMAL/NORMAL-112928-1.jpeg,vit_b16,12,42,12.857888,-0.20335709,-0.5702217,-0.25863236,23.96694214876033
NORMAL/NORMAL-119840-1.jpeg,vit_b16,12,42,19.958544,-0.25228468,0.2652661,0.045555957,95.45454545454545
NORMAL/NORMAL-12494-1.jpeg,vit_b16,12,42,15.987074,-0.008667465,-0.23006597,-0.41659236,70.24793388429752
NORMAL/NORMAL-12494-2.jpeg,vit_b16,12,42,12.988915,-0.08212736,-0.657035,-0.17067042,26.859504132231404
NORMAL/NORMAL-12494-3.jpeg,vit_b16,12,42,14.679268,0.035677783,-0.6632872,-0.044849634,54.54545454545454
NORMAL/NORMAL-12494-4.jpeg,vit_b16,12,42,13.638054,-0.20979825,-0.45281738,-0.034556486,37.60330578512397
NORMAL/NORMAL-12494-5.jpeg,vit_b16,12,42,12.995716,-0.18790856,-0.2626381,-0.37012324,27.27272727272727
NORMAL/NORMAL-133321-1.jpeg,vit_b16,12,42,15.464478,0.17033441,-0.36513376,-0.37717992,64.0495867768595
NORMAL/NORMAL-138971-1.jpeg,vit_b16,12,42,17.334023,0.095204696,-0.38064012,0.5397403,83.47107438016529
NORMAL/NORMAL-15208-1.jpeg,vit_b16,12,42,18.977251,0.06373121,0.25331712,-0.530173,93.38842975206612
NORMAL/NORMAL-15307-1.jpeg,vit_b16,12,42,16.88855,0.16448815,0.28995472,0.1807652,80.57851239669421
NORMAL/NORMAL-153950-1.jpeg,vit_b16,12,42,11.931461,-0.36955315,-0.62712014,-0.20425262,10.330578512396695
NORMAL/NORMAL-1746717-1.jpeg,vit_b16,12,42,10.897898,-0.57886684,-0.37580693,-0.46704197,2.066115702479339
NORMAL/NORMAL-1759350-1.jpeg,vit_b16,12,42,15.119904,-0.092610486,-0.093723096,0.3132607,59.50413223140496
NORMAL/NORMAL-1781140-1.jpeg,vit_b16,12,42,21.503057,0.06803091,-0.09910472,-0.12321326,98.7603305785124
NORMAL/NORMAL-1791409-1.jpeg,vit_b16,12,42,12.436334,-0.2788093,0.09469629,-0.47311807,18.59504132231405
NORMAL/NORMAL-1831654-1.jpeg,vit_b16,12,42,13.995245,-0.25237668,-0.27829042,-0.5170945,42.14876033057851
NORMAL/NORMAL-1853526-1.jpeg,vit_b16,12,42,13.47112,-0.052187897,-0.37788975,0.3917275,35.53719008264463
NORMAL/NORMAL-1860310-1.jpeg,vit_b16,12,42,13.826823,-0.29613838,-0.2205114,-0.3331071,40.49586776859504
NORMAL/NORMAL-1897894-1.jpeg,vit_b16,12,42,12.215372,-0.22157803,-0.43428338,-0.3693487,14.46280991735537
NORMAL/NORMAL-1907560-1.jpeg,vit_b16,12,42,20.002224,0.058400456,0.07452511,0.60120004,95.86776859504133
NORMAL/NORMAL-1908313-1.jpeg,vit_b16,12,42,15.127034,-0.03221169,-0.17064106,0.06590119,59.917355371900825
NORMAL/NORMAL-1951042-1.jpeg,vit_b16,12,42,13.754464,-0.35906363,-0.3614915,0.097877674,39.25619834710744
NORMAL/NORMAL-1957379-1.jpeg,vit_b16,12,42,12.435991,-0.2967029,0.19379058,0.08447031,18.181818181818183
NORMAL/NORMAL-197082-1.jpeg,vit_b16,12,42,11.063772,-0.38499215,-0.02133895,0.36699885,4.132231404958678
NORMAL/NORMAL-1983894-1.jpeg,vit_b16,12,42,15.921612,-0.1021248,0.28858516,-0.34925944,68.59504132231406
NORMAL/NORMAL-1988065-1.jpeg,vit_b16,12,42,14.120787,-0.28318927,-0.4883333,-0.30951178,45.04132231404959
NORMAL/NORMAL-1989796-1.jpeg,vit_b16,12,42,20.850613,-0.002233115,-0.04117051,-0.42220566,97.10743801652893
NORMAL/NORMAL-1998191-1.jpeg,vit_b16,12,42,15.239415,-0.06704588,-0.044519816,-0.5594343,61.98347107438017
NORMAL/NORMAL-2010714-1.jpeg,vit_b16,12,42,16.2543,0.30255973,-0.29339147,-0.00094214873,72.72727272727273
NORMAL/NORMAL-2011412-1.jpeg,vit_b16,12,42,19.056658,0.045923136,-0.4501933,-0.20878166,93.80165289256198
NORMAL/NORMAL-2019006-1.jpeg,vit_b16,12,42,11.841281,-0.37655252,-0.13885906,-0.26383853,9.090909090909092
NORMAL/NORMAL-2019423-1.jpeg,vit_b16,12,42,13.625708,-0.3331281,-0.47351503,-0.3004657,37.1900826446281
NORMAL/NORMAL-2055634-1.jpeg,vit_b16,12,42,14.831131,-0.17946197,-0.28362665,0.34096646,54.958677685950406
NORMAL/NORMAL-2059629-1.jpeg,vit_b16,12,42,16.076414,-0.20963036,0.1387802,0.07990654,71.07438016528926
NORMAL/NORMAL-2075832-1.jpeg,vit_b16,12,42,18.802212,0.0036812425,0.5470662,-0.32238036,92.56198347107438
NORMAL/NORMAL-2082689-1.jpeg,vit_b16,12,42,20.139395,0.004688208,-0.16220137,-0.38041872,96.28099173553719
NORMAL/NORMAL-2095710-1.jpeg,vit_b16,12,42,15.49408,0.07424605,0.042406578,0.0025927387,65.28925619834712
NORMAL/NORMAL-2113822-1.jpeg,vit_b16,12,42,13.214908,-0.3317294,-0.086458385,0.13299823,32.231404958677686
NORMAL/NORMAL-2120559-1.jpeg,vit_b16,12,42,14.234654,-0.11880954,0.14211401,-0.31860596,49.17355371900827
NORMAL/NORMAL-2120559-2.jpeg,vit_b16,12,42,12.290514,-0.08569552,0.15522406,-0.47043502,16.115702479338843
NORMAL/NORMAL-2120559-3.jpeg,vit_b16,12,42,13.696666,-0.20861545,-0.25757298,-0.56954056,38.84297520661157
NORMAL/NORMAL-2126186-1.jpeg,vit_b16,12,42,12.467127,-0.43491718,-0.08423889,0.1424369,19.421487603305785
NORMAL/NORMAL-2131138-1.jpeg,vit_b16,12,42,14.599851,-0.24544674,-0.28969473,0.26810676,52.892561983471076
NORMAL/NORMAL-2158556-1.jpeg,vit_b16,12,42,12.258813,-0.2520517,-0.29572037,-0.3620792,15.289256198347106
NORMAL/NORMAL-2167295-1.jpeg,vit_b16,12,42,14.523125,-0.37111416,-0.27949017,0.05205102,52.066115702479344
NORMAL/NORMAL-2181272-1.jpeg,vit_b16,12,42,13.562397,-0.25175002,-0.16692564,-0.56538826,36.77685950413223
NORMAL/NORMAL-2182640-1.jpeg,vit_b16,12,42,16.27987,0.039684474,-0.4153003,0.2410735,73.55371900826447
NORMAL/NORMAL-2192790-1.jpeg,vit_b16,12,42,13.766626,-0.16724996,-0.4136106,-0.16295886,39.66942148760331
NORMAL/NORMAL-2197972-1.jpeg,vit_b16,12,42,17.795477,-0.1516443,-0.47226477,0.4394017,85.9504132231405
NORMAL/NORMAL-2226488-1.jpeg,vit_b16,12,42,19.697813,0.123111084,-0.45432454,-0.25706458,94.62809917355372
NORMAL/NORMAL-2231056-1.jpeg,vit_b16,12,42,12.81512,-0.024471745,-0.4518975,-0.13850221,23.140495867768596
NORMAL/NORMAL-223814-1.jpeg,vit_b16,12,42,18.066967,-0.13932772,-0.5334842,0.21328112,88.42975206611571
NORMAL/NORMAL-2244950-1.jpeg,vit_b16,12,42,13.150367,-0.33017802,-0.15585148,-0.45944524,28.92561983471074
NORMAL/NORMAL-2287992-1.jpeg,vit_b16,12,42,15.4486065,-0.29327932,0.005333241,-0.08748084,63.63636363636363
NORMAL/NORMAL-2305502-1.jpeg,vit_b16,12,42,10.931187,-0.30971736,-0.52478904,0.29961252,2.8925619834710745
NORMAL/NORMAL-2312921-1.jpeg,vit_b16,12,42,17.197697,0.04748846,0.7136286,-0.076969996,82.23140495867769
NORMAL/NORMAL-2316423-1.jpeg,vit_b16,12,42,13.184331,-0.11895889,-0.46195692,0.22684017,30.165289256198346
NORMAL/NORMAL-2335256-1.jpeg,vit_b16,12,42,11.035535,-0.46478474,-0.26797348,-0.21469557,3.3057851239669422
NORMAL/NORMAL-2342517-1.jpeg,vit_b16,12,42,15.068828,-0.4037267,-0.6409045,-0.061472204,58.67768595041323
NORMAL/NORMAL-2350851-1.jpeg,vit_b16,12,42,12.729959,-0.034322493,-0.6010625,0.080849834,21.90082644628099
NORMAL/NORMAL-2351012-1.jpeg,vit_b16,12,42,14.383066,-0.18226573,0.22299649,0.25979745,51.2396694214876
NORMAL/NORMAL-2362579-1.jpeg,vit_b16,12,42,14.230372,0.1788812,-0.099315986,0.19533025,48.34710743801653
NORMAL/NORMAL-2366700-1.jpeg,vit_b16,12,42,12.524848,-0.38050967,-0.6072303,-0.046850223,20.66115702479339
NORMAL/NORMAL-2373878-1.jpeg,vit_b16,12,42,10.779686,-0.52972984,-0.6220043,-0.11686239,1.6528925619834711
NORMAL/NORMAL-2377429-1.jpeg,vit_b16,12,42,10.235001,-0.480708,0.14043778,-0.36447105,0.8264462809917356
NORMAL/NORMAL-2392366-1.jpeg,vit_b16,12,42,21.395002,-0.07698658,0.21415156,-0.101353765,98.34710743801654
NORMAL/NORMAL-2397754-1.jpeg,vit_b16,12,42,16.380749,-0.030842045,0.19296381,0.016880335,74.3801652892562
NORMAL/NORMAL-2403175-1.jpeg,vit_b16,12,42,18.209517,-0.079995334,0.44819975,-0.30431122,89.6694214876033
NORMAL/NORMAL-2416187-1.jpeg,vit_b16,12,42,15.958752,-0.30936387,-0.34512943,-0.50986075,69.00826446280992
NORMAL/NORMAL-2421067-1.jpeg,vit_b16,12,42,17.887562,0.031570956,-0.47751987,0.2931202,87.60330578512396
NORMAL/NORMAL-2424949-1.jpeg,vit_b16,12,42,13.20842,-0.08161981,-0.01638345,0.06150544,31.818181818181817
NORMAL/NORMAL-2434258-1.jpeg,vit_b16,12,42,16.005962,-0.0059538223,-0.59641194,0.07592787,70.66115702479338
NORMAL/NORMAL-2436365-1.jpeg,vit_b16,12,42,12.982138,-0.14733925,-0.42397004,-0.39103985,26.033057851239672
NORMAL/NORMAL-2448954-1.jpeg,vit_b16,12,42,13.638693,-0.00018084422,-0.4997151,-0.31642407,38.01652892561984
NORMAL/NORMAL-2459401-1.jpeg,vit_b16,12,42,16.348948,0.03930332,0.6363708,-0.40817112,73.96694214876032
NORMAL/NORMAL-2460548-1.jpeg,vit_b16,12,42,11.851369,-0.14803165,-0.6203103,-0.1459961,9.50413223140496
NORMAL/NORMAL-2476896-1.jpeg,vit_b16,12,42,15.068243,0.13554035,-0.24669889,-0.43164456,58.26446280991735
NORMAL/NORMAL-2493975-1.jpeg,vit_b16,12,42,12.047549,-0.37736908,-0.42643,-0.51224375,11.570247933884298
NORMAL/NORMAL-2504667-1.jpeg,vit_b16,12,42,13.276919,-0.37966037,-0.4799735,0.004186691,33.057851239669425
NORMAL/NORMAL-2509453-1.jpeg,vit_b16,12,42,13.77528,-0.18753988,-0.48927838,-0.45343605,40.082644628099175
NORMAL/NORMAL-2517546-1.jpeg,vit_b16,12,42,17.85241,0.43994707,-0.0005214028,-0.019752178,86.77685950413223
NORMAL/NORMAL-2549549-1.jpeg,vit_b16,12,42,11.912899,-0.24334842,0.16789882,-0.6831855,9.917355371900827
NORMAL/NORMAL-2551333-1.jpeg,vit_b16,12,42,11.141,-0.50746894,-0.5372368,-0.1532069,4.545454545454546
NORMAL/NORMAL-2569106-1.jpeg,vit_b16,12,42,16.397058,0.21964335,-0.21952465,-0.16436312,74.79338842975206
NORMAL/NORMAL-2570020-1.jpeg,vit_b16,12,42,12.908571,-0.00089846924,0.113882154,-0.5357314,24.793388429752067
NORMAL/NORMAL-2579419-1.jpeg,vit_b16,12,42,18.397476,-0.36921686,-0.1533962,-0.3392629,90.49586776859503
NORMAL/NORMAL-2598368-1.jpeg,vit_b16,12,42,14.153501,-0.3139026,0.0149014555,0.103245705,46.69421487603306
NORMAL/NORMAL-2602596-1.jpeg,vit_b16,12,42,14.673103,-0.23232457,-0.17103592,0.24911433,54.132231404958674
NORMAL/NORMAL-2627129-1.jpeg,vit_b16,12,42,13.447838,-0.03822531,0.65462005,-0.0044911196,35.12396694214876
NORMAL/NORMAL-2633503-1.jpeg,vit_b16,12,42,16.547747,-0.26476613,-0.15607485,-0.5078639,76.85950413223141
NORMAL/NORMAL-2636641-1.jpeg,vit_b16,12,42,17.971735,-0.1332123,-0.52640873,-0.21791284,88.01652892561982
NORMAL/NORMAL-2665491-1.jpeg,vit_b16,12,42,17.298306,-0.06276631,-0.12734796,-0.46553266,83.05785123966942
NORMAL/NORMAL-269181-1.jpeg,vit_b16,12,42,25.38931,0.025008667,-0.24547496,-0.12130577,100.0
NORMAL/NORMAL-2705520-1.jpeg,vit_b16,12,42,14.430169,-0.22993423,-0.29095373,0.4037812,51.652892561983464
NORMAL/NORMAL-2709055-1.jpeg,vit_b16,12,42,17.870552,-0.16751175,0.25413978,-0.42003423,87.19008264462809
NORMAL/NORMAL-2733663-1.jpeg,vit_b16,12,42,13.694606,-0.39777067,-0.26728055,-0.3470687,38.429752066115704
NORMAL/NORMAL-2739821-1.jpeg,vit_b16,12,42,15.488457,0.03542094,0.3514571,-0.5142993,64.87603305785123
NORMAL/NORMAL-2769622-1.jpeg,vit_b16,12,42,16.259153,-0.21433702,0.042745836,-0.09271226,73.14049586776859
NORMAL/NORMAL-2769622-2.jpeg,vit_b16,12,42,18.61484,0.07094532,0.31934297,0.6488585,91.32231404958677
NORMAL/NORMAL-279206-1.jpeg,vit_b16,12,42,16.725574,-0.035349585,0.4696294,-0.4302945,77.68595041322314
NORMAL/NORMAL-283376-1.jpeg,vit_b16,12,42,12.38502,-0.2685702,-0.5850574,-0.0362771,17.355371900826448
NORMAL/NORMAL-285896-1.jpeg,vit_b16,12,42,11.398006,-0.3145038,-0.36914924,-0.56377864,6.6115702479338845
NORMAL/NORMAL-2973935-1.jpeg,vit_b16,12,42,14.296097,-0.35826325,-0.6149479,-0.37787884,50.0
NORMAL/NORMAL-3059523-1.jpeg,vit_b16,12,42,11.284306,-0.3857035,-0.64245933,-0.25788534,5.371900826446281
NORMAL/NORMAL-307151-1.jpeg,vit_b16,12,42,12.973193,0.021550808,0.42403558,-0.41081214,25.6198347107438
NORMAL/NORMAL-307151-2.jpeg,vit_b16,12,42,22.701923,0.15846986,-0.3233102,-0.30410296,99.17355371900827
NORMAL/NORMAL-3077276-1.jpeg,vit_b16,12,42,14.1353855,0.101240404,-0.5282542,0.51623595,45.867768595041326
NORMAL/NORMAL-3100637-1.jpeg,vit_b16,12,42,17.630741,0.01447279,-0.37679082,-0.18298613,85.12396694214877
NORMAL/NORMAL-3103940-1.jpeg,vit_b16,12,42,16.908213,-0.24238738,-0.1284817,-0.6308249,80.99173553719008
NORMAL/NORMAL-3108564-1.jpeg,vit_b16,12,42,11.736369,-0.2423625,-0.3527367,-0.26498842,8.677685950413224
NORMAL/NORMAL-3134896-1.jpeg,vit_b16,12,42,12.053142,-0.22170538,0.08409932,-0.37027827,11.983471074380166
NORMAL/NORMAL-3166591-1.jpeg,vit_b16,12,42,14.909336,-0.05038225,-0.5454416,-0.010203102,57.02479338842975
NORMAL/NORMAL-3220509-1.jpeg,vit_b16,12,42,14.892577,-0.1190428,-0.44605583,0.56744444,56.19834710743802
NORMAL/NORMAL-3244919-1.jpeg,vit_b16,12,42,13.192701,-0.031076554,-0.36259764,-0.51631486,30.991735537190085
NORMAL/NORMAL-3256489-1.jpeg,vit_b16,12,42,16.753902,0.2619809,0.07685944,-0.3604187,78.099173553719
NORMAL/NORMAL-3277704-1.jpeg,vit_b16,12,42,17.187754,-0.054759976,-0.3417283,0.24147302,81.81818181818183
NORMAL/NORMAL-3300015-1.jpeg,vit_b16,12,42,12.271216,-0.044360228,-0.3979931,-0.07457839,15.702479338842975
NORMAL/NORMAL-3307598-1.jpeg,vit_b16,12,42,18.082216,0.056655914,-0.08170295,0.42284608,88.84297520661157
NORMAL/NORMAL-3307598-2.jpeg,vit_b16,12,42,12.865088,-0.19362658,0.20656376,-0.5097519,24.380165289256198
NORMAL/NORMAL-3308307-1.jpeg,vit_b16,12,42,16.825502,-0.30077538,-0.6696536,-0.09574393,78.92561983471074
NORMAL/NORMAL-330905-1.jpeg,vit_b16,12,42,12.399011,-0.16128436,-0.6279646,0.15091562,17.768595041322314
NORMAL/NORMAL-3320960-1.jpeg,vit_b16,12,42,14.154718,-0.21181166,-0.41384575,0.37473035,47.107438016528924
NORMAL/NORMAL-3326661-1.jpeg,vit_b16,12,42,18.779736,-0.16575548,-0.35729426,-0.059472773,92.14876033057851
NORMAL/NORMAL-3330006-1.jpeg,vit_b16,12,42,14.973889,-0.17415038,-0.5852672,-0.29313692,57.85123966942148
NORMAL/NORMAL-3332063-1.jpeg,vit_b16,12,42,10.75787,-0.34883454,-0.6142777,-0.5268984,1.2396694214876034
NORMAL/NORMAL-33350-1.jpeg,vit_b16,12,42,15.379119,0.056624666,0.6706478,-0.40623456,63.22314049586777
NORMAL/NORMAL-33350-2.jpeg,vit_b16,12,42,15.209276,-0.20520812,0.22407499,-0.30969214,61.57024793388429
NORMAL/NORMAL-33350-3.jpeg,vit_b16,12,42,23.755724,0.54694813,0.52557844,-0.18731317,99.58677685950413
NORMAL/NORMAL-3340309-1.jpeg,vit_b16,12,42,19.58779,0.17947583,0.22160298,-0.50412035,94.21487603305785
NORMAL/NORMAL-3346049-1.jpeg,vit_b16,12,42,14.121478,-0.10824106,-0.22151475,-0.62127,45.45454545454545
NORMAL/NORMAL-3347645-1.jpeg,vit_b16,12,42,14.868472,0.056999654,0.7207333,-0.0643993,55.371900826446286
NORMAL/NORMAL-3354044-1.jpeg,vit_b16,12,42,12.157675,-0.28986442,-0.16114043,-0.10695634,13.223140495867769
NORMAL/NORMAL-3361560-1.jpeg,vit_b16,12,42,12.143156,-0.31511116,-0.6913682,0.04758655,12.8099173553719
NORMAL/NORMAL-3361750-1.jpeg,vit_b16,12,42,15.361552,-0.038861714,-0.19512683,-0.43108433,62.8099173553719
NORMAL/NORMAL-33637-1.jpeg,vit_b16,12,42,15.482735,-0.016669797,-0.65484273,0.22003663,64.46280991735537
NORMAL/NORMAL-3373954-1.jpeg,vit_b16,12,42,14.30017,-0.0031112637,-0.5249981,0.2558436,50.413223140495866
NORMAL/NORMAL-3380901-1.jpeg,vit_b16,12,42,12.51233,-0.20136821,-0.32466996,-0.38398412,20.24793388429752
NORMAL/NORMAL-338568-1.jpeg,vit_b16,12,42,18.813757,0.18193722,-0.37474513,0.5611552,92.97520661157024
NORMAL/NORMAL-3390782-1.jpeg,vit_b16,12,42,13.4418335,-0.40251225,-0.19507335,0.060872465,34.710743801652896
NORMAL/NORMAL-3398969-1.jpeg,vit_b16,12,42,14.067032,-0.2516165,-0.11381136,-0.5329304,43.80165289256198
NORMAL/NORMAL-3399839-1.jpeg,vit_b16,12,42,12.183994,-0.099316895,-0.21365032,0.14513126,14.049586776859504
NORMAL/NORMAL-3416330-1.jpeg,vit_b16,12,42,17.742723,-0.07404906,-0.061807748,-0.45237273,85.53719008264463
NORMAL/NORMAL-3431386-1.jpeg,vit_b16,12,42,11.452658,-0.21168545,-0.46994138,-0.5789381,7.43801652892562
NORMAL/NORMAL-3451887-1.jpeg,vit_b16,12,42,12.795281,-0.07332148,-0.37182802,-0.27058333,22.727272727272727
NORMAL/NORMAL-3465750-1.jpeg,vit_b16,12,42,15.706006,-0.33933106,-0.5604647,-0.34869185,67.35537190082644
NORMAL/NORMAL-3466714-1.jpeg,vit_b16,12,42,17.249302,0.06878409,0.33793694,0.48250723,82.64462809917356
NORMAL/NORMAL-3475211-1.jpeg,vit_b16,12,42,13.195965,-0.14330727,-0.043824703,-0.08107324,31.40495867768595
NORMAL/NORMAL-348347-1.jpeg,vit_b16,12,42,11.417276,-0.36716136,-0.3543855,-0.38321537,7.024793388429752
NORMAL/NORMAL-349021-1.jpeg,vit_b16,12,42,14.07117,-0.15409708,-0.19646129,0.5833521,44.62809917355372
NORMAL/NORMAL-351109-1.jpeg,vit_b16,12,42,17.852028,0.15592922,-0.103450865,0.5255712,86.36363636363636
NORMAL/NORMAL-351109-2.jpeg,vit_b16,12,42,14.063427,-0.47645992,0.08425646,-0.18277812,43.388429752066116
NORMAL/NORMAL-3531215-1.jpeg,vit_b16,12,42,13.422743,-0.06986369,-0.560718,-0.041183494,34.29752066115703
NORMAL/NORMAL-3538316-1.jpeg,vit_b16,12,42,12.447965,-0.09384709,0.60172117,-0.15473317,19.00826446280992
NORMAL/NORMAL-3561306-1.jpeg,vit_b16,12,42,11.188423,-0.44154167,-0.07738827,0.068438604,4.958677685950414
NORMAL/NORMAL-3561306-2.jpeg,vit_b16,12,42,11.557211,-0.38019517,-0.30287087,-0.6257808,7.851239669421488
NORMAL/NORMAL-366503-1.jpeg,vit_b16,12,42,13.938057,-0.06940525,-0.6861913,0.22247992,41.32231404958678
NORMAL/NORMAL-366503-2.jpeg,vit_b16,12,42,12.835778,-0.33721942,-0.72171855,-0.052524425,23.553719008264462
NORMAL/NORMAL-36734-1.jpeg,vit_b16,12,42,15.643683,-0.07796925,-0.44715703,-0.43888426,66.94214876033058
NORMAL/NORMAL-37818-1.jpeg,vit_b16,12,42,16.157219,0.06637676,-0.5017924,-0.33546716,71.900826446281
NORMAL/NORMAL-395557-1.jpeg,vit_b16,12,42,14.623568,0.10758591,-0.3254728,-0.43278086,53.30578512396694
NORMAL/NORMAL-402066-1.jpeg,vit_b16,12,42,13.841867,-0.120815605,0.06966296,-0.25183618,40.909090909090914
NORMAL/NORMAL-402066-2.jpeg,vit_b16,12,42,13.281433,-0.41813016,0.10693275,-0.036514394,33.47107438016529
NORMAL/NORMAL-402066-3.jpeg,vit_b16,12,42,11.297211,-0.4106925,0.08966094,-0.3659354,5.785123966942149
NORMAL/NORMAL-402066-4.jpeg,vit_b16,12,42,13.520357,-0.15523936,-0.10491992,-0.3896233,35.9504132231405
NORMAL/NORMAL-402066-5.jpeg,vit_b16,12,42,11.337162,-0.36638236,-0.23140408,-0.25331065,6.198347107438017
NORMAL/NORMAL-438684-1.jpeg,vit_b16,12,42,11.702356,-0.3881443,-0.3529898,-0.52980775,8.264462809917356
NORMAL/NORMAL-438684-2.jpeg,vit_b16,12,42,12.176734,-0.22709644,-0.59709454,-0.3099746,13.636363636363635
NORMAL/NORMAL-438684-3.jpeg,vit_b16,12,42,12.99618,-0.20626578,-0.34250247,-0.5317595,27.685950413223143
NORMAL/NORMAL-443980-1.jpeg,vit_b16,12,42,14.2552805,-0.5661723,0.046404757,-0.62336457,49.586776859504134
NORMAL/NORMAL-446851-1.jpeg,vit_b16,12,42,21.188307,0.204532,0.55089915,0.42058238,97.93388429752066
NORMAL/NORMAL-446851-2.jpeg,vit_b16,12,42,20.200615,0.0784457,0.56710744,0.43695596,96.69421487603306
NORMAL/NORMAL-447690-1.jpeg,vit_b16,12,42,18.370045,0.15819424,0.48508787,0.07664506,90.08264462809917
NORMAL/NORMAL-447690-2.jpeg,vit_b16,12,42,12.472818,-0.0049013253,-0.08522847,-0.49938682,19.834710743801654
NORMAL/NORMAL-450532-1.jpeg,vit_b16,12,42,17.44744,-0.13741297,-0.5716202,0.19936869,83.88429752066115
NORMAL/NORMAL-450923-1.jpeg,vit_b16,12,42,11.982684,-0.1370692,-0.35610616,-0.27898473,10.743801652892563
NORMAL/NORMAL-450923-2.jpeg,vit_b16,12,42,17.61982,-0.09954159,-0.29520887,-0.42353353,84.71074380165288
NORMAL/NORMAL-460711-1.jpeg,vit_b16,12,42,14.23087,-0.13876438,-0.049084857,0.18591285,48.760330578512395
NORMAL/NORMAL-460844-1.jpeg,vit_b16,12,42,13.983217,-0.10585483,0.15941681,-0.31740648,41.735537190082646
NORMAL/NORMAL-466978-1.jpeg,vit_b16,12,42,16.477633,0.09283231,-0.1196187,-0.25484157,76.03305785123968
NORMAL/NORMAL-469935-1.jpeg,vit_b16,12,42,15.959305,-0.08885035,-0.16303818,-0.6043265,69.42148760330579
NORMAL/NORMAL-4761187-1.jpeg,vit_b16,12,42,13.152828,0.026983988,-0.63271296,0.34529996,29.338842975206614
NORMAL/NORMAL-4790999-1.jpeg,vit_b16,12,42,15.118236,-0.37252492,-0.12672773,-0.3922717,59.09090909090909
NORMAL/NORMAL-48053-1.jpeg,vit_b16,12,42,16.547531,-0.09776858,0.13779992,-0.6430277,76.44628099173553
NORMAL/NORMAL-4839633-1.jpeg,vit_b16,12,42,12.247587,-0.17320335,0.4193259,-0.12071587,14.87603305785124
NORMAL/NORMAL-486271-1.jpeg,vit_b16,12,42,15.861966,0.0050403075,-0.0872942,-0.44272035,68.18181818181817
NORMAL/NORMAL-508852-1.jpeg,vit_b16,12,42,15.127496,-0.007330788,-0.26798642,-0.5319808,60.33057851239669
NORMAL/NORMAL-508852-2.jpeg,vit_b16,12,42,13.187161,-0.2258262,0.09073758,-0.7094997,30.57851239669421
NORMAL/NORMAL-519372-1.jpeg,vit_b16,12,42,17.607533,0.03794743,0.53278816,-0.16470882,84.29752066115702
NORMAL/NORMAL-524640-1.jpeg,vit_b16,12,42,16.400953,-0.16488704,-0.0029352992,-0.054351546,75.20661157024794
NORMAL/NORMAL-544457-1.jpeg,vit_b16,12,42,15.186035,-0.12834968,-0.3102092,0.33075517,60.74380165289256
NORMAL/NORMAL-544711-1.jpeg,vit_b16,12,42,12.700884,-0.36200324,-0.49567378,-0.27433938,21.487603305785125
NORMAL/NORMAL-547422-1.jpeg,vit_b16,12,42,15.262237,0.114770226,-0.6529615,0.10176112,62.396694214876035
NORMAL/NORMAL-547422-2.jpeg,vit_b16,12,42,14.654778,-0.01988848,-0.26491943,-0.4902354,53.71900826446281
NORMAL/NORMAL-549356-1.jpeg,vit_b16,12,42,15.607129,0.30192965,-0.40167445,-0.15017036,66.52892561983471
NORMAL/NORMAL-549356-2.jpeg,vit_b16,12,42,16.642288,-0.069080025,-0.15008326,-0.053888172,77.27272727272727
NORMAL/NORMAL-549356-3.jpeg,vit_b16,12,42,16.77052,0.2390207,-0.05904656,0.0032129847,78.51239669421489
NORMAL/NORMAL-552739-1.jpeg,vit_b16,12,42,14.044286,-0.03583151,-0.33346257,-0.52114725,42.561983471074385
NORMAL/NORMAL-557437-1.jpeg,vit_b16,12,42,10.9017515,-0.35705942,-0.21468039,-0.62023306,2.479338842975207
NORMAL/NORMAL-557437-2.jpeg,vit_b16,12,42,15.981385,0.043528516,-0.255255,0.04426071,69.83471074380165
NORMAL/NORMAL-565818-1.jpeg,vit_b16,12,42,12.097735,-0.26970524,0.08033248,-0.54257417,12.396694214876034
NORMAL/NORMAL-566040-1.jpeg,vit_b16,12,42,12.344275,-0.122893095,0.40460113,-0.37471804,16.94214876033058
NORMAL/NORMAL-568518-1.jpeg,vit_b16,12,42,16.835907,0.12818938,-0.4757865,-0.07265499,79.75206611570248
NORMAL/NORMAL-568518-2.jpeg,vit_b16,12,42,16.83559,-0.1340245,-0.38282546,-0.33978605,79.33884297520662
NORMAL/NORMAL-571157-1.jpeg,vit_b16,12,42,18.772215,-0.2350238,0.31236506,0.05477478,91.73553719008265
NORMAL/NORMAL-571484-1.jpeg,vit_b16,12,42,14.04875,-0.051190168,0.34285158,-0.6630863,42.97520661157025
NORMAL/NORMAL-572972-1.jpeg,vit_b16,12,42,13.556379,-0.28264648,-0.115813136,0.43158126,36.36363636363637
NORMAL/NORMAL-574089-1.jpeg,vit_b16,12,42,15.780186,-0.17023176,0.2915241,-0.5143574,67.76859504132231
NORMAL/NORMAL-582215-1.jpeg,vit_b16,12,42,14.907656,-0.27337387,0.20702392,0.18993333,56.611570247933884
NORMAL/NORMAL-588227-1.jpeg,vit_b16,12,42,15.190373,-0.17589664,-0.6309714,0.15462893,61.15702479338842
NORMAL/NORMAL-60471-1.jpeg,vit_b16,12,42,15.59228,-0.043670982,0.5943213,0.03597474,66.11570247933885
NORMAL/NORMAL-605310-1.jpeg,vit_b16,12,42,12.777069,-0.11009431,0.123413265,-0.3863383,22.31404958677686
NORMAL/NORMAL-626127-1.jpeg,vit_b16,12,42,12.683794,-0.55118155,-0.33312413,-0.18030769,21.074380165289256
NORMAL/NORMAL-628048-1.jpeg,vit_b16,12,42,10.206384,-0.4587202,-0.038901225,-0.62975717,0.4132231404958678
NORMAL/NORMAL-629493-1.jpeg,vit_b16,12,42,12.036805,-0.21005894,0.076841846,0.25644767,11.15702479338843
NORMAL/NORMAL-651257-1.jpeg,vit_b16,12,42,14.184517,-0.31026554,-0.2526464,-0.6360023,47.5206611570248
NORMAL/NORMAL-655117-1.jpeg,vit_b16,12,42,12.985194,-0.41883034,0.073517,-0.5671421,26.446280991735538
NORMAL/NORMAL-655447-1.jpeg,vit_b16,12,42,18.410973,0.14770545,0.58435,-0.021992026,90.9090909090909
NORMAL/NORMAL-664536-1.jpeg,vit_b16,12,42,12.962266,-0.060311276,-0.3914773,0.6208043,25.206611570247933
NORMAL/NORMAL-66515-1.jpeg,vit_b16,12,42,12.294506,-0.25347537,-0.44614577,-0.5209645,16.528925619834713
NORMAL/NORMAL-672619-1.jpeg,vit_b16,12,42,14.069454,-0.27122048,0.26374468,-0.3312251,44.214876033057855
NORMAL/NORMAL-692554-1.jpeg,vit_b16,12,42,11.052757,-0.2871549,0.14504041,-0.652354,3.71900826446281
NORMAL/NORMAL-693575-1.jpeg,vit_b16,12,42,14.967184,-0.33999014,-0.048644926,-0.4020608,57.438016528925615
NORMAL/NORMAL-697826-1.jpeg,vit_b16,12,42,19.823442,-0.1648871,0.03335416,0.51816,95.0413223140496
NORMAL/NORMAL-744709-1.jpeg,vit_b16,12,42,16.855299,-0.091672614,0.08407307,-0.6892751,80.16528925619835
NORMAL/NORMAL-755659-1.jpeg,vit_b16,12,42,13.061677,-0.3793385,-0.340002,-0.3915841,28.09917355371901
NORMAL/NORMAL-758272-1.jpeg,vit_b16,12,42,14.307671,-0.2705476,-0.45768428,-0.42044717,50.82644628099173
NORMAL/NORMAL-76914-1.jpeg,vit_b16,12,42,14.139403,-0.2577492,-0.19971529,-0.51520145,46.28099173553719
NORMAL/NORMAL-772481-1.jpeg,vit_b16,12,42,13.109652,0.042299327,0.4269306,-0.26275557,28.512396694214875
NORMAL/NORMAL-84466-1.jpeg,vit_b16,12,42,18.163418,-0.44745982,-0.2643543,-0.26957947,89.25619834710744
NORMAL/NORMAL-85367-1.jpeg,vit_b16,12,42,14.874748,0.042964295,-0.3561808,-0.25890443,55.78512396694215
NORMAL/NORMAL-9251-1.jpeg,vit_b16,12,42,16.414688,0.01436067,-0.47111404,-0.18828672,75.6198347107438
NORMAL/NORMAL-98720-1.jpeg,vit_b16,12,42,14.536269,0.14122626,-0.18112746,-0.4230842,52.47933884297521
NORMAL/NORMAL-1017237-1.jpeg,vit_b16,14,84,15.670704,0.06354983,-0.16360968,-0.47499377,35.53719008264463
NORMAL/NORMAL-101880-1.jpeg,vit_b16,14,84,15.231688,0.123605326,-0.07736245,-0.45428187,29.338842975206614
NORMAL/NORMAL-1025847-1.jpeg,vit_b16,14,84,14.111246,-0.34559637,-0.5884017,0.051102553,20.24793388429752
NORMAL/NORMAL-1038998-1.jpeg,vit_b16,14,84,10.792596,-0.38011163,-0.65230286,-0.019914549,0.4132231404958678
NORMAL/NORMAL-1042462-1.jpeg,vit_b16,14,84,15.4959955,0.0034556743,-0.5872395,0.008954054,33.47107438016529
NORMAL/NORMAL-1058176-1.jpeg,vit_b16,14,84,18.192577,-0.24500541,-0.104045965,-0.09326804,66.94214876033058
NORMAL/NORMAL-1063128-1.jpeg,vit_b16,14,84,16.357725,-0.14347038,-0.4685329,0.3256424,44.214876033057855
NORMAL/NORMAL-1073137-1.jpeg,vit_b16,14,84,12.314068,-0.11873713,-0.6419004,0.19789118,5.371900826446281
NORMAL/NORMAL-1081406-1.jpeg,vit_b16,14,84,17.23258,0.08205506,0.7171264,0.15435478,59.50413223140496
NORMAL/NORMAL-112928-1.jpeg,vit_b16,14,84,16.097757,-0.017794775,-0.43734807,-0.23874465,40.49586776859504
NORMAL/NORMAL-119840-1.jpeg,vit_b16,14,84,20.97517,-0.30535746,0.052414842,-0.0003012959,89.25619834710744
NORMAL/NORMAL-12494-1.jpeg,vit_b16,14,84,23.362417,0.32259652,0.17920634,0.04790154,95.0413223140496
NORMAL/NORMAL-12494-2.jpeg,vit_b16,14,84,11.893595,-0.012523379,-0.67012954,0.064276166,2.8925619834710745
NORMAL/NORMAL-12494-3.jpeg,vit_b16,14,84,14.643387,-0.5085741,-0.5650876,-0.19737032,24.793388429752067
NORMAL/NORMAL-12494-4.jpeg,vit_b16,14,84,14.696925,-0.24378261,-0.48997843,-0.28726515,25.206611570247933
NORMAL/NORMAL-12494-5.jpeg,vit_b16,14,84,14.920401,0.04935742,-0.33243585,-0.3770487,26.446280991735538
NORMAL/NORMAL-133321-1.jpeg,vit_b16,14,84,19.81832,0.31200206,0.07522759,-0.48886,84.29752066115702
NORMAL/NORMAL-138971-1.jpeg,vit_b16,14,84,17.465118,0.00958243,0.07455839,0.14878504,61.15702479338842
NORMAL/NORMAL-15208-1.jpeg,vit_b16,14,84,20.637348,0.18966553,-0.19046058,-0.28257045,87.19008264462809
NORMAL/NORMAL-15307-1.jpeg,vit_b16,14,84,18.134575,-0.22847062,-0.37138385,0.14705312,65.70247933884298
NORMAL/NORMAL-153950-1.jpeg,vit_b16,14,84,12.49101,-0.3701779,-0.5983609,0.22296913,6.198347107438017
NORMAL/NORMAL-1746717-1.jpeg,vit_b16,14,84,14.337912,-0.37359518,-0.20551449,-0.5822638,23.553719008264462
NORMAL/NORMAL-1759350-1.jpeg,vit_b16,14,84,24.309692,0.042433254,0.17448208,0.21728192,97.93388429752066
NORMAL/NORMAL-1781140-1.jpeg,vit_b16,14,84,23.007727,0.13567774,-0.4502222,0.029311359,94.21487603305785
NORMAL/NORMAL-1791409-1.jpeg,vit_b16,14,84,16.912766,-0.35859847,0.15708536,-0.38130254,54.54545454545454
NORMAL/NORMAL-1831654-1.jpeg,vit_b16,14,84,14.17404,-0.17720205,-0.5537185,-0.08826667,21.074380165289256
NORMAL/NORMAL-1853526-1.jpeg,vit_b16,14,84,16.482653,0.06514061,-0.43563446,0.35645705,47.5206611570248
NORMAL/NORMAL-1860310-1.jpeg,vit_b16,14,84,19.814032,0.18100032,0.43912265,-0.293063,83.88429752066115
NORMAL/NORMAL-1897894-1.jpeg,vit_b16,14,84,15.846887,-0.12550113,0.21146321,-0.29860163,37.1900826446281
NORMAL/NORMAL-1907560-1.jpeg,vit_b16,14,84,16.373087,0.26627505,-0.1376681,0.76327765,44.62809917355372
NORMAL/NORMAL-1908313-1.jpeg,vit_b16,14,84,18.54231,0.21087608,-0.1677992,0.3404327,71.900826446281
NORMAL/NORMAL-1951042-1.jpeg,vit_b16,14,84,18.233267,-0.15699917,0.210269,-0.11875576,67.76859504132231
NORMAL/NORMAL-1957379-1.jpeg,vit_b16,14,84,14.606655,-0.07166894,0.19518779,0.48341528,24.380165289256198
NORMAL/NORMAL-197082-1.jpeg,vit_b16,14,84,12.948342,-0.2578265,-0.53302264,0.34024003,9.50413223140496
NORMAL/NORMAL-1983894-1.jpeg,vit_b16,14,84,18.466892,-0.05065237,0.2519967,-0.06527282,70.66115702479338
NORMAL/NORMAL-1988065-1.jpeg,vit_b16,14,84,19.523363,-0.008572843,-0.0673883,-0.29249048,82.23140495867769
NORMAL/NORMAL-1989796-1.jpeg,vit_b16,14,84,29.076689,0.31507552,0.15145794,-0.12949762,100.0
NORMAL/NORMAL-1998191-1.jpeg,vit_b16,14,84,16.189825,-0.10934858,-0.22354397,-0.50790334,42.561983471074385
NORMAL/NORMAL-2010714-1.jpeg,vit_b16,14,84,17.092642,-0.21574087,-0.5574223,-0.22981013,57.438016528925615
NORMAL/NORMAL-2011412-1.jpeg,vit_b16,14,84,26.411562,-0.14747788,-0.12747431,-0.32087243,99.17355371900827
NORMAL/NORMAL-2019006-1.jpeg,vit_b16,14,84,14.201913,-0.079073384,-0.03781678,0.45350075,21.487603305785125
NORMAL/NORMAL-2019423-1.jpeg,vit_b16,14,84,13.854625,-0.2747227,-0.42539144,-0.30069822,17.355371900826448
NORMAL/NORMAL-2055634-1.jpeg,vit_b16,14,84,18.138763,0.05268142,-0.15899539,0.6600444,66.11570247933885
NORMAL/NORMAL-2059629-1.jpeg,vit_b16,14,84,17.412828,-0.19464254,-0.19275868,-0.23334785,60.74380165289256
NORMAL/NORMAL-2075832-1.jpeg,vit_b16,14,84,24.973568,0.12950397,0.4926495,-0.15122177,98.34710743801654
NORMAL/NORMAL-2082689-1.jpeg,vit_b16,14,84,18.711157,-0.1556541,0.45551932,-0.36006624,73.14049586776859
NORMAL/NORMAL-2095710-1.jpeg,vit_b16,14,84,12.756134,-0.38632458,-0.5407594,-0.05870416,8.264462809917356
NORMAL/NORMAL-2113822-1.jpeg,vit_b16,14,84,13.716566,-0.21528065,-0.49698514,0.23402284,14.87603305785124
NORMAL/NORMAL-2120559-1.jpeg,vit_b16,14,84,16.203964,-0.39866698,-0.19149172,-0.18307462,42.97520661157025
NORMAL/NORMAL-2120559-2.jpeg,vit_b16,14,84,14.276691,-0.33387697,-0.3190768,-0.30534065,22.727272727272727
NORMAL/NORMAL-2120559-3.jpeg,vit_b16,14,84,18.886702,0.008994594,0.14882252,-0.558218,74.3801652892562
NORMAL/NORMAL-2126186-1.jpeg,vit_b16,14,84,16.424435,-0.09459931,0.6375517,0.22092667,45.45454545454545
NORMAL/NORMAL-2131138-1.jpeg,vit_b16,14,84,23.460228,-0.004066186,0.35879707,-0.07720268,95.45454545454545
NORMAL/NORMAL-2158556-1.jpeg,vit_b16,14,84,12.283447,-0.35849193,-0.4747576,0.10831216,4.545454545454546
NORMAL/NORMAL-2167295-1.jpeg,vit_b16,14,84,13.984071,-0.37272465,-0.123881266,-0.48847777,17.768595041322314
NORMAL/NORMAL-2181272-1.jpeg,vit_b16,14,84,16.650055,-0.17833008,-0.057954967,-0.6279959,50.0
NORMAL/NORMAL-2182640-1.jpeg,vit_b16,14,84,23.928139,0.3304289,-0.22880052,0.65990484,97.52066115702479
NORMAL/NORMAL-2192790-1.jpeg,vit_b16,14,84,13.344989,-0.37864873,-0.48374084,0.02389129,12.396694214876034
NORMAL/NORMAL-2197972-1.jpeg,vit_b16,14,84,16.94002,-0.11166176,-0.5146544,0.37970334,55.371900826446286
NORMAL/NORMAL-2226488-1.jpeg,vit_b16,14,84,20.596888,-0.01857692,-0.14038172,-0.41183603,86.77685950413223
NORMAL/NORMAL-2231056-1.jpeg,vit_b16,14,84,14.100169,-0.2557072,-0.44304433,-0.023226961,19.421487603305785
NORMAL/NORMAL-223814-1.jpeg,vit_b16,14,84,22.851912,-0.011196019,-0.30085355,0.42761856,93.38842975206612
NORMAL/NORMAL-2244950-1.jpeg,vit_b16,14,84,13.328729,-0.40390015,-0.1150609,-0.6243652,11.983471074380166
NORMAL/NORMAL-2287992-1.jpeg,vit_b16,14,84,17.56176,-0.16659427,-0.31969798,-0.34544128,62.396694214876035
NORMAL/NORMAL-2305502-1.jpeg,vit_b16,14,84,13.768627,-0.25537977,-0.26552206,-0.042273313,16.528925619834713
NORMAL/NORMAL-2312921-1.jpeg,vit_b16,14,84,17.934875,0.14290716,0.83340883,-0.04401749,64.0495867768595
NORMAL/NORMAL-2316423-1.jpeg,vit_b16,14,84,12.706794,-0.2971708,-0.18925855,0.46147627,7.024793388429752
NORMAL/NORMAL-2335256-1.jpeg,vit_b16,14,84,15.52318,-0.44757572,-0.45055392,-0.23685417,33.88429752066116
NORMAL/NORMAL-2342517-1.jpeg,vit_b16,14,84,19.334082,-0.36270982,-0.5427681,-0.14111644,80.16528925619835
NORMAL/NORMAL-2350851-1.jpeg,vit_b16,14,84,17.222101,0.027374152,-0.14869857,0.5764915,58.67768595041323
NORMAL/NORMAL-2351012-1.jpeg,vit_b16,14,84,18.831175,-0.37199605,0.08210134,0.22476593,73.96694214876032
NORMAL/NORMAL-2362579-1.jpeg,vit_b16,14,84,16.843204,0.12112227,0.4043575,0.18688652,53.71900826446281
NORMAL/NORMAL-2366700-1.jpeg,vit_b16,14,84,12.728898,-0.4239288,-0.6087878,-0.013941161,7.43801652892562
NORMAL/NORMAL-2373878-1.jpeg,vit_b16,14,84,13.7639475,-0.3482959,-0.45264658,-0.40739757,16.115702479338843
NORMAL/NORMAL-2377429-1.jpeg,vit_b16,14,84,16.773746,-0.18023098,0.21309787,-0.12520045,51.652892561983464
NORMAL/NORMAL-2392366-1.jpeg,vit_b16,14,84,16.740849,-0.3118646,-0.536965,0.07782709,50.82644628099173
NORMAL/NORMAL-2397754-1.jpeg,vit_b16,14,84,20.301464,-0.17646018,-0.15956531,0.12631887,85.9504132231405
NORMAL/NORMAL-2403175-1.jpeg,vit_b16,14,84,22.318233,-0.11151315,0.14262749,-0.3217967,92.56198347107438
NORMAL/NORMAL-2416187-1.jpeg,vit_b16,14,84,13.749106,-0.2556622,-0.43588835,-0.43622512,15.702479338842975
NORMAL/NORMAL-2421067-1.jpeg,vit_b16,14,84,12.783586,-0.23345447,-0.6206898,0.17620647,8.677685950413224
NORMAL/NORMAL-2424949-1.jpeg,vit_b16,14,84,15.101773,-0.14423153,-0.3585955,0.34796393,28.09917355371901
NORMAL/NORMAL-2434258-1.jpeg,vit_b16,14,84,12.355279,-0.48611337,-0.24789792,-0.159183,5.785123966942149
NORMAL/NORMAL-2436365-1.jpeg,vit_b16,14,84,16.95786,-0.03519431,-0.37074748,-0.42207873,56.19834710743802
NORMAL/NORMAL-2448954-1.jpeg,vit_b16,14,84,16.46864,-0.09273045,-0.2317591,-0.26818827,46.69421487603306
NORMAL/NORMAL-2459401-1.jpeg,vit_b16,14,84,15.041946,-0.03266355,0.4078369,-0.53094053,27.27272727272727
NORMAL/NORMAL-2460548-1.jpeg,vit_b16,14,84,23.13864,0.2044683,-0.30431002,-0.15147156,94.62809917355372
NORMAL/NORMAL-2476896-1.jpeg,vit_b16,14,84,20.897053,-0.015149437,-0.06702872,-0.36363876,88.42975206611571
NORMAL/NORMAL-2493975-1.jpeg,vit_b16,14,84,15.837328,-0.29674304,-0.069553055,-0.52643144,36.77685950413223
NORMAL/NORMAL-2504667-1.jpeg,vit_b16,14,84,16.892357,-0.094258614,-0.21929732,0.052294306,54.132231404958674
NORMAL/NORMAL-2509453-1.jpeg,vit_b16,14,84,13.184191,-0.047160875,-0.20436761,-0.5506587,9.917355371900827
NORMAL/NORMAL-2517546-1.jpeg,vit_b16,14,84,16.30171,0.11937325,-0.36987895,-0.2808643,43.388429752066116
NORMAL/NORMAL-2549549-1.jpeg,vit_b16,14,84,11.168484,-0.15610343,-0.19933744,-0.6486826,0.8264462809917356
NORMAL/NORMAL-2551333-1.jpeg,vit_b16,14,84,17.358288,-0.15264437,0.40553322,0.16202375,60.33057851239669
NORMAL/NORMAL-2569106-1.jpeg,vit_b16,14,84,19.009026,-0.13544247,0.32555896,-0.5443653,76.44628099173553
NORMAL/NORMAL-2570020-1.jpeg,vit_b16,14,84,18.950773,0.06585266,0.09489894,0.28090307,75.6198347107438
NORMAL/NORMAL-2579419-1.jpeg,vit_b16,14,84,21.10122,0.2844144,0.3789698,-0.20494553,90.08264462809917
NORMAL/NORMAL-2598368-1.jpeg,vit_b16,14,84,11.722504,-0.33491245,-0.5210248,0.21726206,2.066115702479339
NORMAL/NORMAL-2602596-1.jpeg,vit_b16,14,84,17.517971,-0.32735875,-0.009888144,-0.08332817,61.57024793388429
NORMAL/NORMAL-2627129-1.jpeg,vit_b16,14,84,18.228292,-0.124151036,0.09971094,-0.5162339,67.35537190082644
NORMAL/NORMAL-2633503-1.jpeg,vit_b16,14,84,18.344175,-0.2234764,0.1832321,-0.50761276,69.42148760330579
NORMAL/NORMAL-2636641-1.jpeg,vit_b16,14,84,17.001,0.08079234,-0.35202998,-0.31918925,56.611570247933884
NORMAL/NORMAL-2665491-1.jpeg,vit_b16,14,84,22.814226,-0.055751983,0.17518076,-0.34171677,92.97520661157024
NORMAL/NORMAL-269181-1.jpeg,vit_b16,14,84,19.179691,-0.096589014,-0.21971926,-0.30077872,78.51239669421489
NORMAL/NORMAL-2705520-1.jpeg,vit_b16,14,84,12.849231,-0.21841589,-0.18469056,0.5966787,9.090909090909092
NORMAL/NORMAL-2709055-1.jpeg,vit_b16,14,84,23.85578,0.029475193,0.016713168,-0.13529733,97.10743801652893
NORMAL/NORMAL-2733663-1.jpeg,vit_b16,14,84,15.896908,-0.3928482,0.23642056,-0.34294522,38.01652892561984
NORMAL/NORMAL-2739821-1.jpeg,vit_b16,14,84,20.021679,0.14086579,0.2701962,-0.17311428,84.71074380165288
NORMAL/NORMAL-2769622-1.jpeg,vit_b16,14,84,15.280867,-0.23269643,-0.4030409,0.31036204,29.75206611570248
NORMAL/NORMAL-2769622-2.jpeg,vit_b16,14,84,16.170029,-0.20489629,-0.46590477,0.3077423,41.735537190082646
NORMAL/NORMAL-279206-1.jpeg,vit_b16,14,84,17.74857,-0.015750762,-0.23494056,-0.44115204,62.8099173553719
NORMAL/NORMAL-283376-1.jpeg,vit_b16,14,84,13.738723,-0.1591592,-0.58226705,0.36381808,15.289256198347106
NORMAL/NORMAL-285896-1.jpeg,vit_b16,14,84,19.38091,0.058585986,-0.044778846,-0.47308254,80.57851239669421
NORMAL/NORMAL-2973935-1.jpeg,vit_b16,14,84,18.943777,-0.124463856,0.013448883,-0.39124936,75.20661157024794
NORMAL/NORMAL-3059523-1.jpeg,vit_b16,14,84,16.95394,-0.03554414,-0.35536557,-0.13247174,55.78512396694215
NORMAL/NORMAL-307151-1.jpeg,vit_b16,14,84,16.451683,-0.32922912,-0.12538835,-0.09031075,46.28099173553719
NORMAL/NORMAL-307151-2.jpeg,vit_b16,14,84,18.049244,-0.21398294,-0.4810548,0.36525184,64.46280991735537
NORMAL/NORMAL-3077276-1.jpeg,vit_b16,14,84,13.462363,-0.20315123,-0.48970282,0.3899322,14.049586776859504
NORMAL/NORMAL-3100637-1.jpeg,vit_b16,14,84,21.114311,0.063885756,-0.31644326,-0.1471484,90.49586776859503
NORMAL/NORMAL-3103940-1.jpeg,vit_b16,14,84,19.259306,0.039136082,-0.18507266,-0.4746489,79.33884297520662
NORMAL/NORMAL-3108564-1.jpeg,vit_b16,14,84,12.215888,-0.4069695,-0.5087632,-0.4701697,4.132231404958678
NORMAL/NORMAL-3134896-1.jpeg,vit_b16,14,84,19.549713,0.0140929455,-0.047580067,-0.42578068,82.64462809917356
NORMAL/NORMAL-3166591-1.jpeg,vit_b16,14,84,20.941833,0.09419468,-0.35250902,0.12230874,88.84297520661157
NORMAL/NORMAL-3220509-1.jpeg,vit_b16,14,84,15.305224,-0.19658433,-0.54921484,0.3993606,30.165289256198346
NORMAL/NORMAL-3244919-1.jpeg,vit_b16,14,84,15.910449,0.048249844,-0.24934936,-0.45666057,38.84297520661157
NORMAL/NORMAL-3256489-1.jpeg,vit_b16,14,84,14.349414,-0.2842936,-0.6820363,-0.06060254,23.96694214876033
NORMAL/NORMAL-3277704-1.jpeg,vit_b16,14,84,16.112843,0.16469532,-0.29431793,-0.20997953,40.909090909090914
NORMAL/NORMAL-3300015-1.jpeg,vit_b16,14,84,14.102041,-0.35001117,-0.56152725,-0.16303709,19.834710743801654
NORMAL/NORMAL-3307598-1.jpeg,vit_b16,14,84,23.678831,0.17386116,-0.085404485,0.69066,96.69421487603306
NORMAL/NORMAL-3307598-2.jpeg,vit_b16,14,84,18.727995,0.036721718,0.2167876,-0.35617942,73.55371900826447
NORMAL/NORMAL-3308307-1.jpeg,vit_b16,14,84,19.17649,-0.057315227,-0.4757459,0.10579757,78.099173553719
NORMAL/NORMAL-330905-1.jpeg,vit_b16,14,84,18.25167,0.057872735,-0.54472125,0.11530178,68.18181818181817
NORMAL/NORMAL-3320960-1.jpeg,vit_b16,14,84,16.917662,-0.09830795,-0.30650544,0.07762607,54.958677685950406
NORMAL/NORMAL-3326661-1.jpeg,vit_b16,14,84,11.482808,-0.38453758,-0.5873801,0.06643707,1.2396694214876034
NORMAL/NORMAL-3330006-1.jpeg,vit_b16,14,84,18.924028,-0.13577385,-0.02933141,-0.47033882,74.79338842975206
NORMAL/NORMAL-3332063-1.jpeg,vit_b16,14,84,17.036211,-0.032749303,-0.26534325,-0.22431296,57.02479338842975
NORMAL/NORMAL-33350-1.jpeg,vit_b16,14,84,20.127321,0.2100407,0.7045152,-0.18489014,85.53719008264463
NORMAL/NORMAL-33350-2.jpeg,vit_b16,14,84,18.083778,-0.12739408,0.09307515,-0.29085052,64.87603305785123
NORMAL/NORMAL-33350-3.jpeg,vit_b16,14,84,27.03252,0.59556234,0.30086762,-0.16014504,99.58677685950413
NORMAL/NORMAL-3340309-1.jpeg,vit_b16,14,84,15.348946,0.044504795,-0.282838,-0.47857904,31.40495867768595
NORMAL/NORMAL-3346049-1.jpeg,vit_b16,14,84,14.781703,-0.19714212,-0.35233003,-0.49272788,26.033057851239672
NORMAL/NORMAL-3347645-1.jpeg,vit_b16,14,84,16.790312,0.06307681,0.7234488,-0.13245499,52.892561983471076
NORMAL/NORMAL-3354044-1.jpeg,vit_b16,14,84,15.892308,0.015939604,-0.42563915,0.52218515,37.60330578512397
NORMAL/NORMAL-3361560-1.jpeg,vit_b16,14,84,14.075964,-0.29138055,-0.3898587,-0.5090702,19.00826446280992
NORMAL/NORMAL-3361750-1.jpeg,vit_b16,14,84,18.27689,0.09974131,0.07806206,-0.45110738,68.59504132231406
NORMAL/NORMAL-33637-1.jpeg,vit_b16,14,84,15.4647455,-0.2764519,-0.5114846,-0.29960555,33.057851239669425
NORMAL/NORMAL-3373954-1.jpeg,vit_b16,14,84,13.432109,-0.13811943,-0.47476578,0.41031888,13.223140495867769
NORMAL/NORMAL-3380901-1.jpeg,vit_b16,14,84,14.266117,-0.19236891,-0.44358242,-0.22565633,22.31404958677686
NORMAL/NORMAL-338568-1.jpeg,vit_b16,14,84,23.541647,0.30288643,-0.26390713,0.39986664,95.86776859504133
NORMAL/NORMAL-3390782-1.jpeg,vit_b16,14,84,13.799119,-0.09649472,-0.54316854,0.44246852,16.94214876033058
NORMAL/NORMAL-3398969-1.jpeg,vit_b16,14,84,16.309116,-0.2564239,-0.121325776,-0.12215786,43.80165289256198
NORMAL/NORMAL-3399839-1.jpeg,vit_b16,14,84,13.198868,-0.29655832,0.1751217,0.16436772,10.743801652892563
NORMAL/NORMAL-3416330-1.jpeg,vit_b16,14,84,18.536692,-0.05361984,0.34792542,-0.4910019,71.48760330578511
NORMAL/NORMAL-3431386-1.jpeg,vit_b16,14,84,15.1296015,-0.31205446,-0.29543376,-0.60761744,28.512396694214875
NORMAL/NORMAL-3451887-1.jpeg,vit_b16,14,84,15.158609,-0.08049797,-0.47770786,-0.34523445,28.92561983471074
NORMAL/NORMAL-3465750-1.jpeg,vit_b16,14,84,17.232412,-0.1966571,-0.55806565,-0.029510844,59.09090909090909
NORMAL/NORMAL-3466714-1.jpeg,vit_b16,14,84,19.271597,-0.13524592,-0.105422124,0.44002992,79.75206611570248
NORMAL/NORMAL-3475211-1.jpeg,vit_b16,14,84,18.554224,0.07725709,0.42567563,0.23994225,72.31404958677686
NORMAL/NORMAL-348347-1.jpeg,vit_b16,14,84,12.625487,-0.45169628,-0.11042369,0.20131464,6.6115702479338845
NORMAL/NORMAL-349021-1.jpeg,vit_b16,14,84,13.220256,-0.17466767,-0.31270438,0.47978976,11.570247933884298
NORMAL/NORMAL-351109-1.jpeg,vit_b16,14,84,18.335676,-0.13676718,-0.29738605,0.39508867,69.00826446280992
NORMAL/NORMAL-351109-2.jpeg,vit_b16,14,84,18.988861,-0.3519615,0.19777492,-0.45052782,76.03305785123968
NORMAL/NORMAL-3531215-1.jpeg,vit_b16,14,84,16.642357,-0.17236452,-0.07346384,-0.28416565,49.586776859504134
NORMAL/NORMAL-3538316-1.jpeg,vit_b16,14,84,14.115913,-0.20292062,0.2835273,-0.38615686,20.66115702479339
NORMAL/NORMAL-3561306-1.jpeg,vit_b16,14,84,16.392391,-0.31997353,0.2580663,-0.28884473,45.04132231404959
NORMAL/NORMAL-3561306-2.jpeg,vit_b16,14,84,11.810743,-0.20716628,-0.5561502,-0.34719187,2.479338842975207
NORMAL/NORMAL-366503-1.jpeg,vit_b16,14,84,12.738986,-0.35220283,-0.5863439,0.07641062,7.851239669421488
NORMAL/NORMAL-366503-2.jpeg,vit_b16,14,84,12.057617,-0.26317003,-0.6346159,0.08001155,3.3057851239669422
NORMAL/NORMAL-36734-1.jpeg,vit_b16,14,84,12.207255,-0.08257983,-0.53326654,-0.32676885,3.71900826446281
NORMAL/NORMAL-37818-1.jpeg,vit_b16,14,84,15.45505,-0.111322954,-0.33020788,-0.4237901,32.64462809917356
NORMAL/NORMAL-395557-1.jpeg,vit_b16,14,84,14.699872,0.04645812,-0.25479132,-0.45143968,25.6198347107438
NORMAL/NORMAL-402066-1.jpeg,vit_b16,14,84,15.74333,-0.1270059,-0.28113326,0.17657942,36.36363636363637
NORMAL/NORMAL-402066-2.jpeg,vit_b16,14,84,15.922105,-0.110062316,-0.043060638,0.16266955,39.25619834710744
NORMAL/NORMAL-402066-3.jpeg,vit_b16,14,84,17.546808,-0.1638364,0.2613561,-0.29397845,61.98347107438017
NORMAL/NORMAL-402066-4.jpeg,vit_b16,14,84,15.531068,0.14212012,0.062453374,0.36686766,34.29752066115703
NORMAL/NORMAL-402066-5.jpeg,vit_b16,14,84,18.092089,-0.23375097,-0.27407402,-0.23175968,65.28925619834712
NORMAL/NORMAL-438684-1.jpeg,vit_b16,14,84,16.673744,-0.11614745,-0.30487165,-0.46325397,50.413223140495866
NORMAL/NORMAL-438684-2.jpeg,vit_b16,14,84,13.207678,-0.11143801,-0.58765846,-0.17231773,11.15702479338843
NORMAL/NORMAL-438684-3.jpeg,vit_b16,14,84,17.167744,-0.29455966,-0.45040154,-0.39631313,57.85123966942148
NORMAL/NORMAL-443980-1.jpeg,vit_b16,14,84,15.33539,-0.42076212,-0.43772197,-0.49582142,30.991735537190085
NORMAL/NORMAL-446851-1.jpeg,vit_b16,14,84,20.747976,0.14941148,0.67319816,0.24171218,87.60330578512396
NORMAL/NORMAL-446851-2.jpeg,vit_b16,14,84,22.939417,0.14505422,0.69175875,0.18249193,93.80165289256198
NORMAL/NORMAL-447690-1.jpeg,vit_b16,14,84,19.064943,0.16610503,0.327381,0.06263034,76.85950413223141
NORMAL/NORMAL-447690-2.jpeg,vit_b16,14,84,15.100885,-0.01677389,-0.3404271,-0.30851036,27.685950413223143
NORMAL/NORMAL-450532-1.jpeg,vit_b16,14,84,21.14013,-0.31422836,-0.2908135,0.2081173,90.9090909090909
NORMAL/NORMAL-450923-1.jpeg,vit_b16,14,84,19.454636,0.05879239,-0.35832143,-0.02698843,81.40495867768594
NORMAL/NORMAL-450923-2.jpeg,vit_b16,14,84,25.837608,0.2458394,0.23434491,-0.24040702,98.7603305785124
NORMAL/NORMAL-460711-1.jpeg,vit_b16,14,84,15.033261,-0.096419856,0.06517698,0.4224835,26.859504132231404
NORMAL/NORMAL-460844-1.jpeg,vit_b16,14,84,20.078264,-0.06791305,0.18764366,-0.37605628,85.12396694214877
NORMAL/NORMAL-466978-1.jpeg,vit_b16,14,84,16.780745,0.064557835,0.14614862,-0.60051143,52.47933884297521
NORMAL/NORMAL-469935-1.jpeg,vit_b16,14,84,19.779217,-0.0063512605,-0.024151577,-0.3616085,83.47107438016529
NORMAL/NORMAL-4761187-1.jpeg,vit_b16,14,84,18.43031,-0.096165024,-0.4671034,0.16876698,70.24793388429752
NORMAL/NORMAL-4790999-1.jpeg,vit_b16,14,84,15.9811,-0.20978293,-0.3074385,-0.38889095,39.66942148760331
NORMAL/NORMAL-48053-1.jpeg,vit_b16,14,84,15.982568,-0.115736306,0.10550253,-0.6262765,40.082644628099175
NORMAL/NORMAL-4839633-1.jpeg,vit_b16,14,84,16.183262,-0.35106426,0.0061003957,-0.10605511,42.14876033057851
NORMAL/NORMAL-486271-1.jpeg,vit_b16,14,84,16.579126,0.06377064,-0.021277057,-0.5286398,48.34710743801653
NORMAL/NORMAL-508852-1.jpeg,vit_b16,14,84,16.602669,0.20853272,-0.13421316,-0.40846437,48.760330578512395
NORMAL/NORMAL-508852-2.jpeg,vit_b16,14,84,16.473139,-0.09936224,-0.08005039,-0.48929685,47.107438016528924
NORMAL/NORMAL-519372-1.jpeg,vit_b16,14,84,20.370962,0.09636068,0.3769905,-0.1331394,86.36363636363636
NORMAL/NORMAL-524640-1.jpeg,vit_b16,14,84,16.622662,-0.0501455,0.27204347,-0.083722234,49.17355371900827
NORMAL/NORMAL-544457-1.jpeg,vit_b16,14,84,19.081509,-0.066209406,-0.39455718,0.18682995,77.27272727272727
NORMAL/NORMAL-544711-1.jpeg,vit_b16,14,84,16.57138,-0.23256655,-0.4635511,-0.15649992,47.93388429752066
NORMAL/NORMAL-547422-1.jpeg,vit_b16,14,84,16.451649,0.24858019,-0.11562215,-0.47932902,45.867768595041326
NORMAL/NORMAL-547422-2.jpeg,vit_b16,14,84,15.382362,0.07208294,-0.32935184,-0.37319255,31.818181818181817
NORMAL/NORMAL-549356-1.jpeg,vit_b16,14,84,20.820173,0.3936998,-0.039484076,-0.2764369,88.01652892561982
NORMAL/NORMAL-549356-2.jpeg,vit_b16,14,84,19.094484,0.17718941,0.6601876,-0.3034023,77.68595041322314
NORMAL/NORMAL-549356-3.jpeg,vit_b16,14,84,21.562103,0.22653942,0.37557852,-0.00013641082,91.73553719008265
NORMAL/NORMAL-552739-1.jpeg,vit_b16,14,84,16.12365,0.042493083,-0.015338018,-0.5609808,41.32231404958678
NORMAL/NORMAL-557437-1.jpeg,vit_b16,14,84,14.208641,-0.1641893,0.20665385,-0.6819753,21.90082644628099
NORMAL/NORMAL-557437-2.jpeg,vit_b16,14,84,15.6761875,-0.15129249,-0.4708256,-0.08473993,35.9504132231405
NORMAL/NORMAL-565818-1.jpeg,vit_b16,14,84,13.432055,-0.44187558,-0.1330854,-0.468445,12.8099173553719
NORMAL/NORMAL-566040-1.jpeg,vit_b16,14,84,14.33552,0.07511779,0.4857477,-0.5156181,23.140495867768596
NORMAL/NORMAL-568518-1.jpeg,vit_b16,14,84,14.035219,-0.019199144,-0.60837615,0.189431,18.59504132231405
NORMAL/NORMAL-568518-2.jpeg,vit_b16,14,84,23.614223,0.015592946,-0.58284247,0.316338,96.28099173553719
NORMAL/NORMAL-571157-1.jpeg,vit_b16,14,84,15.451374,-0.38915926,-0.109257825,0.29194444,32.231404958677686
NORMAL/NORMAL-571484-1.jpeg,vit_b16,14,84,19.38658,0.16896954,0.43958455,-0.47363663,80.99173553719008
NORMAL/NORMAL-572972-1.jpeg,vit_b16,14,84,15.59764,-0.048837367,-0.26666787,0.58584327,35.12396694214876
NORMAL/NORMAL-574089-1.jpeg,vit_b16,14,84,17.187462,-0.11771932,0.32541507,-0.17695065,58.26446280991735
NORMAL/NORMAL-582215-1.jpeg,vit_b16,14,84,21.191137,0.08076461,0.18764366,-0.0085249785,91.32231404958677
NORMAL/NORMAL-588227-1.jpeg,vit_b16,14,84,16.780712,-0.4163576,0.06208243,-0.49335316,52.066115702479344
NORMAL/NORMAL-60471-1.jpeg,vit_b16,14,84,15.540876,0.06667796,0.44028902,0.4067201,34.710743801652896
NORMAL/NORMAL-605310-1.jpeg,vit_b16,14,84,18.357607,-0.20439434,-0.2739694,0.11389758,69.83471074380165
NORMAL/NORMAL-626127-1.jpeg,vit_b16,14,84,13.194321,-0.48752916,-0.42200047,-0.23582353,10.330578512396695
NORMAL/NORMAL-628048-1.jpeg,vit_b16,14,84,18.14039,-0.11604209,-0.01464958,-0.45045063,66.52892561983471
NORMAL/NORMAL-629493-1.jpeg,vit_b16,14,84,13.510497,-0.15510277,-0.07528996,0.34719253,14.46280991735537
NORMAL/NORMAL-651257-1.jpeg,vit_b16,14,84,16.752556,-0.2453624,-0.2902612,-0.59738934,51.2396694214876
NORMAL/NORMAL-655117-1.jpeg,vit_b16,14,84,17.32325,-0.34490305,-0.26567355,0.12404815,59.917355371900825
NORMAL/NORMAL-655447-1.jpeg,vit_b16,14,84,19.477814,-0.3557992,0.10371127,-0.50193965,81.81818181818183
NORMAL/NORMAL-664536-1.jpeg,vit_b16,14,84,16.816597,0.01940726,-0.46321395,0.59261423,53.30578512396694
NORMAL/NORMAL-66515-1.jpeg,vit_b16,14,84,11.669338,-0.42673165,-0.4885972,-0.27732128,1.6528925619834711
NORMAL/NORMAL-672619-1.jpeg,vit_b16,14,84,18.504492,-0.08046962,-0.21994233,0.22997911,71.07438016528926
NORMAL/NORMAL-692554-1.jpeg,vit_b16,14,84,12.296686,-0.23440501,-0.3931143,-0.49463904,4.958677685950414
NORMAL/NORMAL-693575-1.jpeg,vit_b16,14,84,13.440186,-0.3512066,-0.5226126,-0.30681,13.636363636363635
NORMAL/NORMAL-697826-1.jpeg,vit_b16,14,84,15.905172,-0.101414636,-0.27577072,0.5533594,38.429752066115704
NORMAL/NORMAL-744709-1.jpeg,vit_b16,14,84,17.889624,0.17643784,0.2496947,-0.4843315,63.63636363636363
NORMAL/NORMAL-755659-1.jpeg,vit_b16,14,84,19.251272,-0.2707266,-0.17964596,-0.23625937,78.92561983471074
NORMAL/NORMAL-758272-1.jpeg,vit_b16,14,84,19.68744,0.13245758,0.052617572,-0.54206735,83.05785123966942
NORMAL/NORMAL-76914-1.jpeg,vit_b16,14,84,15.306702,-0.20652223,-0.03959587,-0.41479653,30.57851239669421
NORMAL/NORMAL-772481-1.jpeg,vit_b16,14,84,17.78892,0.13387181,0.090582505,0.28445822,63.22314049586777
NORMAL/NORMAL-84466-1.jpeg,vit_b16,14,84,20.9987,-0.107603535,-0.32800287,-0.07632907,89.6694214876033
NORMAL/NORMAL-85367-1.jpeg,vit_b16,14,84,18.694658,-0.10531059,-0.3254059,-0.1171914,72.72727272727273
NORMAL/NORMAL-9251-1.jpeg,vit_b16,14,84,13.99443,0.16212794,-0.27742234,-0.41798216,18.181818181818183
NORMAL/NORMAL-98720-1.jpeg,vit_b16,14,84,21.607353,-0.025085006,-0.10909267,-0.2715116,92.14876033057851
NORMAL/NORMAL-1017237-1.jpeg,vit_b16,15,126,11.466788,-0.28581935,-0.29397947,-0.6972919,46.69421487603306
NORMAL/NORMAL-101880-1.jpeg,vit_b16,15,126,13.739106,-0.050265968,-0.40944856,-0.49151123,82.64462809917356
NORMAL/NORMAL-1025847-1.jpeg,vit_b16,15,126,11.671724,-0.14351359,-0.6396338,-0.014177397,50.0
NORMAL/NORMAL-1038998-1.jpeg,vit_b16,15,126,8.956186,-0.6472312,-0.37779927,-0.41116118,2.479338842975207
NORMAL/NORMAL-1042462-1.jpeg,vit_b16,15,126,14.822189,0.16012873,-0.44189963,-0.018746736,90.08264462809917
NORMAL/NORMAL-1058176-1.jpeg,vit_b16,15,126,11.856119,-0.21287489,-0.44539046,0.52559566,54.54545454545454
NORMAL/NORMAL-1063128-1.jpeg,vit_b16,15,126,9.435161,-0.24716978,-0.74666023,0.19083524,7.024793388429752
NORMAL/NORMAL-1073137-1.jpeg,vit_b16,15,126,10.369263,-0.27917507,-0.5837847,0.20066845,22.727272727272727
NORMAL/NORMAL-1081406-1.jpeg,vit_b16,15,126,17.0223,0.24764392,0.72301936,0.12666786,96.69421487603306
NORMAL/NORMAL-112928-1.jpeg,vit_b16,15,126,9.240183,-0.17359045,-0.5673216,-0.4207101,4.545454545454546
NORMAL/NORMAL-119840-1.jpeg,vit_b16,15,126,11.449909,-0.64239395,-0.24343982,-0.02932429,45.867768595041326
NORMAL/NORMAL-12494-1.jpeg,vit_b16,15,126,13.078338,-0.016943235,-0.2958069,-0.1383201,76.44628099173553
NORMAL/NORMAL-12494-2.jpeg,vit_b16,15,126,11.244791,0.07920493,-0.67570525,0.09296881,42.561983471074385
NORMAL/NORMAL-12494-3.jpeg,vit_b16,15,126,10.117797,-0.07539694,-0.7403586,-0.11575296,17.355371900826448
NORMAL/NORMAL-12494-4.jpeg,vit_b16,15,126,11.679627,-0.133346,-0.21702138,-0.4358136,51.2396694214876
NORMAL/NORMAL-12494-5.jpeg,vit_b16,15,126,11.887892,-0.31633914,-0.6666763,-0.123459205,55.371900826446286
NORMAL/NORMAL-133321-1.jpeg,vit_b16,15,126,12.485248,0.03322997,-0.45443755,-0.39210755,64.46280991735537
NORMAL/NORMAL-138971-1.jpeg,vit_b16,15,126,13.483286,-0.2894578,-0.047318343,0.25840566,80.16528925619835
NORMAL/NORMAL-15208-1.jpeg,vit_b16,15,126,14.066555,0.3682715,0.140572,-0.42469528,85.53719008264463
NORMAL/NORMAL-15307-1.jpeg,vit_b16,15,126,12.122979,0.25213447,0.0038917195,0.57687604,58.26446280991735
NORMAL/NORMAL-153950-1.jpeg,vit_b16,15,126,9.855072,-0.38586682,-0.717976,0.015303066,12.396694214876034
NORMAL/NORMAL-1746717-1.jpeg,vit_b16,15,126,9.754489,-0.18042976,-0.5850332,-0.48467234,9.917355371900827
NORMAL/NORMAL-1759350-1.jpeg,vit_b16,15,126,12.034079,0.12252352,0.23155814,0.31063667,57.438016528925615
NORMAL/NORMAL-1781140-1.jpeg,vit_b16,15,126,12.998817,-0.20493834,-0.50121784,-0.2128487,74.79338842975206
NORMAL/NORMAL-1791409-1.jpeg,vit_b16,15,126,13.9838505,0.17482612,0.2469984,-0.45325634,85.12396694214877
NORMAL/NORMAL-1831654-1.jpeg,vit_b16,15,126,10.232653,-0.4412344,0.02088544,-0.3964538,20.66115702479339
NORMAL/NORMAL-1853526-1.jpeg,vit_b16,15,126,11.622844,-0.14600168,-0.4392888,0.53488725,49.17355371900827
NORMAL/NORMAL-1860310-1.jpeg,vit_b16,15,126,10.266304,0.01345613,-0.3810581,-0.19915836,21.074380165289256
NORMAL/NORMAL-1897894-1.jpeg,vit_b16,15,126,10.199741,-0.038154267,-0.20536774,-0.652905,19.00826446280992
NORMAL/NORMAL-1907560-1.jpeg,vit_b16,15,126,14.416538,0.50021535,-0.09907134,0.6029972,87.19008264462809
NORMAL/NORMAL-1908313-1.jpeg,vit_b16,15,126,11.410167,0.21483442,-0.40686926,0.14971976,45.04132231404959
NORMAL/NORMAL-1951042-1.jpeg,vit_b16,15,126,9.705263,-0.50554657,-0.58915573,-0.041254453,9.090909090909092
NORMAL/NORMAL-1957379-1.jpeg,vit_b16,15,126,9.255551,-0.46878892,-0.13137698,-0.13872544,4.958677685950414
NORMAL/NORMAL-197082-1.jpeg,vit_b16,15,126,8.886805,-0.48529813,-0.4255582,0.30984026,2.066115702479339
NORMAL/NORMAL-1983894-1.jpeg,vit_b16,15,126,11.620113,0.026517643,0.04590635,-0.40102604,48.760330578512395
NORMAL/NORMAL-1988065-1.jpeg,vit_b16,15,126,9.630137,-0.2723648,-0.19718176,-0.59394604,8.264462809917356
NORMAL/NORMAL-1989796-1.jpeg,vit_b16,15,126,17.08424,0.16519427,0.39669728,-0.2781766,97.52066115702479
NORMAL/NORMAL-1998191-1.jpeg,vit_b16,15,126,11.119808,-0.08776398,-0.55400676,-0.32876945,40.082644628099175
NORMAL/NORMAL-2010714-1.jpeg,vit_b16,15,126,13.158689,0.23576039,0.22821762,-0.52550995,76.85950413223141
NORMAL/NORMAL-2011412-1.jpeg,vit_b16,15,126,13.87894,-0.45641553,-0.5203539,-0.11923048,84.71074380165288
NORMAL/NORMAL-2019006-1.jpeg,vit_b16,15,126,10.644941,0.07068218,-0.119678736,0.05460183,30.165289256198346
NORMAL/NORMAL-2019423-1.jpeg,vit_b16,15,126,11.406552,-0.36768162,-0.43583342,-0.48873112,44.62809917355372
NORMAL/NORMAL-2055634-1.jpeg,vit_b16,15,126,10.8309145,-0.3070302,-0.17901194,0.47274032,33.057851239669425
NORMAL/NORMAL-2059629-1.jpeg,vit_b16,15,126,9.9229145,-0.200405,-0.60832775,0.038159333,12.8099173553719
NORMAL/NORMAL-2075832-1.jpeg,vit_b16,15,126,15.984047,0.30135268,0.34435105,0.5329778,94.21487603305785
NORMAL/NORMAL-2082689-1.jpeg,vit_b16,15,126,13.353331,0.38963473,-0.13219239,-0.05602382,78.51239669421489
NORMAL/NORMAL-2095710-1.jpeg,vit_b16,15,126,10.336002,-0.24869083,-0.7478257,0.051465992,22.31404958677686
NORMAL/NORMAL-2113822-1.jpeg,vit_b16,15,126,12.015072,-0.19233401,0.40077215,-0.14394829,57.02479338842975
NORMAL/NORMAL-2120559-1.jpeg,vit_b16,15,126,12.51139,0.20106444,-0.068977,-0.34099466,65.28925619834712
NORMAL/NORMAL-2120559-2.jpeg,vit_b16,15,126,10.847474,-0.22475836,0.1477454,-0.5850592,33.47107438016529
NORMAL/NORMAL-2120559-3.jpeg,vit_b16,15,126,10.308817,-0.2464861,-0.069433734,-0.7130014,21.90082644628099
NORMAL/NORMAL-2126186-1.jpeg,vit_b16,15,126,10.927851,-0.46577904,-0.19972812,0.21358874,35.12396694214876
NORMAL/NORMAL-2131138-1.jpeg,vit_b16,15,126,12.320383,-0.2711473,-0.2492412,-0.10049498,60.33057851239669
NORMAL/NORMAL-2158556-1.jpeg,vit_b16,15,126,9.659493,-0.42469668,-0.5206394,-0.075009584,8.677685950413224
NORMAL/NORMAL-2167295-1.jpeg,vit_b16,15,126,12.55237,-0.17983404,0.33237368,-0.5581073,66.11570247933885
NORMAL/NORMAL-2181272-1.jpeg,vit_b16,15,126,10.083377,-0.39812127,-0.693918,-0.33453798,16.115702479338843
NORMAL/NORMAL-2182640-1.jpeg,vit_b16,15,126,19.68294,0.636053,0.4076928,0.16014183,99.58677685950413
NORMAL/NORMAL-2192790-1.jpeg,vit_b16,15,126,10.096882,-0.36724937,-0.6540823,0.008688165,16.528925619834713
NORMAL/NORMAL-2197972-1.jpeg,vit_b16,15,126,9.384756,-0.4473287,-0.5669433,0.23871756,5.785123966942149
NORMAL/NORMAL-2226488-1.jpeg,vit_b16,15,126,17.96654,0.14455163,-0.37224853,-0.25840127,98.7603305785124
NORMAL/NORMAL-2231056-1.jpeg,vit_b16,15,126,12.7803,0.011000021,-0.4359569,-0.2231688,70.24793388429752
NORMAL/NORMAL-223814-1.jpeg,vit_b16,15,126,15.237206,-0.12888946,-0.06738843,0.14060149,90.9090909090909
NORMAL/NORMAL-2244950-1.jpeg,vit_b16,15,126,10.503316,-0.5216468,-0.53817993,-0.36049825,26.446280991735538
NORMAL/NORMAL-2287992-1.jpeg,vit_b16,15,126,11.711178,-0.34962624,-0.331459,-0.6503421,52.47933884297521
NORMAL/NORMAL-2305502-1.jpeg,vit_b16,15,126,8.443825,-0.38522732,-0.43928382,0.2497842,0.4132231404958678
NORMAL/NORMAL-2312921-1.jpeg,vit_b16,15,126,12.404029,-0.33880037,0.2704726,-0.16467234,61.57024793388429
NORMAL/NORMAL-2316423-1.jpeg,vit_b16,15,126,10.229197,-0.3504752,-0.6533083,0.17226863,20.24793388429752
NORMAL/NORMAL-2335256-1.jpeg,vit_b16,15,126,10.373373,-0.4391559,0.3738206,-0.32492572,23.140495867768596
NORMAL/NORMAL-2342517-1.jpeg,vit_b16,15,126,14.477323,-0.5522374,0.24917418,-0.24006104,88.01652892561982
NORMAL/NORMAL-2350851-1.jpeg,vit_b16,15,126,9.810799,-0.29986548,-0.70645005,0.022516347,10.743801652892563
NORMAL/NORMAL-2351012-1.jpeg,vit_b16,15,126,12.65473,0.02754889,0.51968807,0.33146143,67.76859504132231
NORMAL/NORMAL-2362579-1.jpeg,vit_b16,15,126,11.591098,0.29300198,0.2366029,0.19427451,47.93388429752066
NORMAL/NORMAL-2366700-1.jpeg,vit_b16,15,126,8.81423,-0.3632387,-0.66521764,-0.17816916,1.6528925619834711
NORMAL/NORMAL-2373878-1.jpeg,vit_b16,15,126,9.389541,-0.39199165,-0.69493455,-0.26123,6.6115702479338845
NORMAL/NORMAL-2377429-1.jpeg,vit_b16,15,126,9.040716,-0.57919145,0.06080997,-0.65044427,3.3057851239669422
NORMAL/NORMAL-2392366-1.jpeg,vit_b16,15,126,17.077566,-0.023807142,-0.24466044,0.36877206,97.10743801652893
NORMAL/NORMAL-2397754-1.jpeg,vit_b16,15,126,11.270705,-0.026002232,-0.31088117,0.10691858,43.388429752066116
NORMAL/NORMAL-2403175-1.jpeg,vit_b16,15,126,12.584139,-0.2982763,0.24945572,-0.048675016,66.94214876033058
NORMAL/NORMAL-2416187-1.jpeg,vit_b16,15,126,11.259344,-0.45834503,0.13751157,-0.6262903,42.97520661157025
NORMAL/NORMAL-2421067-1.jpeg,vit_b16,15,126,8.729729,-0.22591746,-0.74314433,0.031529393,1.2396694214876034
NORMAL/NORMAL-2424949-1.jpeg,vit_b16,15,126,10.9751625,-0.23385197,-0.28788155,0.48324543,35.53719008264463
NORMAL/NORMAL-2434258-1.jpeg,vit_b16,15,126,10.486328,-0.0936878,-0.716891,-0.23294878,25.206611570247933
NORMAL/NORMAL-2436365-1.jpeg,vit_b16,15,126,10.182622,-0.0685333,-0.69054127,-0.2879665,18.59504132231405
NORMAL/NORMAL-2448954-1.jpeg,vit_b16,15,126,10.002572,-0.09906357,-0.7102113,-0.21535644,14.049586776859504
NORMAL/NORMAL-2459401-1.jpeg,vit_b16,15,126,12.529318,-0.108730435,0.6251502,-0.52082306,65.70247933884298
NORMAL/NORMAL-2460548-1.jpeg,vit_b16,15,126,13.394045,-0.2618838,0.07445137,-0.39691377,78.92561983471074
NORMAL/NORMAL-2476896-1.jpeg,vit_b16,15,126,14.190957,-0.08321774,-0.4928496,-0.4498432,86.36363636363636
NORMAL/NORMAL-2493975-1.jpeg,vit_b16,15,126,13.449824,-0.015251661,0.10500565,-0.55611897,79.75206611570248
NORMAL/NORMAL-2504667-1.jpeg,vit_b16,15,126,10.885586,-0.1721972,0.5103182,-0.24170116,34.29752066115703
NORMAL/NORMAL-2509453-1.jpeg,vit_b16,15,126,11.676236,-0.11600725,-0.35394236,-0.5830471,50.413223140495866
NORMAL/NORMAL-2517546-1.jpeg,vit_b16,15,126,11.100792,-0.034884863,-0.4803546,-0.4294073,38.84297520661157
NORMAL/NORMAL-2549549-1.jpeg,vit_b16,15,126,11.453238,-0.07734431,0.096798584,-0.74728477,46.28099173553719
NORMAL/NORMAL-2551333-1.jpeg,vit_b16,15,126,11.7813015,-0.15577984,0.29124686,-0.71438086,53.30578512396694
NORMAL/NORMAL-2569106-1.jpeg,vit_b16,15,126,14.699252,0.24105969,0.25327784,-0.51773834,89.25619834710744
NORMAL/NORMAL-2570020-1.jpeg,vit_b16,15,126,10.632667,-0.3083726,-0.13209975,-0.7510592,29.75206611570248
NORMAL/NORMAL-2579419-1.jpeg,vit_b16,15,126,17.23996,0.4613865,-0.118788324,-0.18585536,97.93388429752066
NORMAL/NORMAL-2598368-1.jpeg,vit_b16,15,126,10.039796,-0.60283697,0.030141871,0.076523215,15.289256198347106
NORMAL/NORMAL-2602596-1.jpeg,vit_b16,15,126,10.068155,-0.57615584,0.042660706,-0.17055456,15.702479338842975
NORMAL/NORMAL-2627129-1.jpeg,vit_b16,15,126,13.7079315,0.19840525,0.81339824,0.12495957,82.23140495867769
NORMAL/NORMAL-2633503-1.jpeg,vit_b16,15,126,11.038272,-0.40134686,-0.112681076,-0.6759628,36.77685950413223
NORMAL/NORMAL-2636641-1.jpeg,vit_b16,15,126,14.925932,-0.15128306,-0.15783349,-0.5607128,90.49586776859503
NORMAL/NORMAL-2665491-1.jpeg,vit_b16,15,126,12.464301,-0.24478018,-0.4030547,-0.53274393,63.63636363636363
NORMAL/NORMAL-269181-1.jpeg,vit_b16,15,126,15.398696,0.22579831,-0.4264281,-0.103788406,92.14876033057851
NORMAL/NORMAL-2705520-1.jpeg,vit_b16,15,126,10.0972185,-0.46063757,-0.29799396,0.27106717,16.94214876033058
NORMAL/NORMAL-2709055-1.jpeg,vit_b16,15,126,13.56279,0.13318823,0.46162394,-0.48868662,80.57851239669421
NORMAL/NORMAL-2733663-1.jpeg,vit_b16,15,126,10.307855,-0.58456457,0.16847803,-0.46369505,21.487603305785125
NORMAL/NORMAL-2739821-1.jpeg,vit_b16,15,126,13.744339,0.38967484,-0.1780977,-0.23655501,83.05785123966942
NORMAL/NORMAL-2769622-1.jpeg,vit_b16,15,126,13.666952,0.43462056,-0.073719785,0.21806163,81.81818181818183
NORMAL/NORMAL-2769622-2.jpeg,vit_b16,15,126,12.744372,-0.050018407,-0.07162596,0.58067584,69.83471074380165
NORMAL/NORMAL-279206-1.jpeg,vit_b16,15,126,12.796207,-0.18389721,0.061213855,-0.56837296,70.66115702479338
NORMAL/NORMAL-283376-1.jpeg,vit_b16,15,126,9.811074,-0.24876803,-0.6579708,0.23937348,11.15702479338843
NORMAL/NORMAL-285896-1.jpeg,vit_b16,15,126,10.380856,-0.24787214,-0.48409164,-0.5591748,23.553719008264462
NORMAL/NORMAL-2973935-1.jpeg,vit_b16,15,126,10.547597,-0.3376339,-0.51555526,-0.5164489,27.685950413223143
NORMAL/NORMAL-3059523-1.jpeg,vit_b16,15,126,10.730802,-0.28019857,-0.54001486,-0.43873537,31.818181818181817
NORMAL/NORMAL-307151-1.jpeg,vit_b16,15,126,11.815432,0.1302801,0.22887394,-0.4930294,53.71900826446281
NORMAL/NORMAL-307151-2.jpeg,vit_b16,15,126,11.140922,-0.4388896,-0.57012105,-0.06270429,40.49586776859504
NORMAL/NORMAL-3077276-1.jpeg,vit_b16,15,126,10.68156,-0.073724285,-0.24987489,0.6500621,31.40495867768595
NORMAL/NORMAL-3100637-1.jpeg,vit_b16,15,126,14.464599,0.17278813,-0.5177887,0.2134932,87.60330578512396
NORMAL/NORMAL-3103940-1.jpeg,vit_b16,15,126,13.345512,-0.2617409,-0.45076573,-0.31709895,78.099173553719
NORMAL/NORMAL-3108564-1.jpeg,vit_b16,15,126,9.75786,-0.21841969,-0.48982373,-0.5528023,10.330578512396695
NORMAL/NORMAL-3134896-1.jpeg,vit_b16,15,126,12.4312315,-0.15576395,0.4620555,-0.009403553,62.8099173553719
NORMAL/NORMAL-3166591-1.jpeg,vit_b16,15,126,10.201973,0.12970608,-0.40113857,-0.025079869,19.834710743801654
NORMAL/NORMAL-3220509-1.jpeg,vit_b16,15,126,9.723331,-0.13167885,-0.6511502,0.35900158,9.50413223140496
NORMAL/NORMAL-3244919-1.jpeg,vit_b16,15,126,10.124992,-0.16661328,-0.6045797,-0.098707676,17.768595041322314
NORMAL/NORMAL-3256489-1.jpeg,vit_b16,15,126,11.177049,-0.13101365,-0.5867697,-0.44529182,41.32231404958678
NORMAL/NORMAL-3277704-1.jpeg,vit_b16,15,126,13.639141,-0.14957243,-0.48237264,-0.3910972,81.40495867768594
NORMAL/NORMAL-3300015-1.jpeg,vit_b16,15,126,10.615405,-0.040525023,-0.38936484,-0.48657507,29.338842975206614
NORMAL/NORMAL-3307598-1.jpeg,vit_b16,15,126,15.431261,-0.05397705,-0.17100954,0.6158662,92.97520661157024
NORMAL/NORMAL-3307598-2.jpeg,vit_b16,15,126,11.6159,-0.33747017,0.2629588,-0.6026587,48.34710743801653
NORMAL/NORMAL-3308307-1.jpeg,vit_b16,15,126,11.704959,-0.35381368,-0.30304515,0.26237926,52.066115702479344
NORMAL/NORMAL-330905-1.jpeg,vit_b16,15,126,10.395863,-0.09612709,-0.7361401,0.079674944,23.96694214876033
NORMAL/NORMAL-3320960-1.jpeg,vit_b16,15,126,10.803714,-0.09316148,-0.4521253,0.43300837,32.64462809917356
NORMAL/NORMAL-3326661-1.jpeg,vit_b16,15,126,12.486564,-0.47128722,-0.4166115,-0.4619951,64.87603305785123
NORMAL/NORMAL-3330006-1.jpeg,vit_b16,15,126,13.050465,-0.06708488,-0.57164246,-0.2926547,76.03305785123968
NORMAL/NORMAL-3332063-1.jpeg,vit_b16,15,126,10.494625,-0.38594607,-0.1886618,-0.7541069,25.6198347107438
NORMAL/NORMAL-33350-1.jpeg,vit_b16,15,126,12.883063,-0.027957875,0.77600914,-0.34775066,71.900826446281
NORMAL/NORMAL-33350-2.jpeg,vit_b16,15,126,12.916371,-0.19300406,0.6704134,-0.26971158,73.14049586776859
NORMAL/NORMAL-33350-3.jpeg,vit_b16,15,126,26.5396,0.66161406,0.42239082,-0.13512498,100.0
NORMAL/NORMAL-3340309-1.jpeg,vit_b16,15,126,12.928607,0.030746259,-0.03988281,-0.6670872,73.55371900826447
NORMAL/NORMAL-3346049-1.jpeg,vit_b16,15,126,11.105371,-0.18128988,-0.44228017,-0.53168976,39.25619834710744
NORMAL/NORMAL-3347645-1.jpeg,vit_b16,15,126,11.583372,0.16001381,0.658821,0.08468881,47.107438016528924
NORMAL/NORMAL-3354044-1.jpeg,vit_b16,15,126,15.411135,-0.4283707,0.048446722,-0.049183164,92.56198347107438
NORMAL/NORMAL-3361560-1.jpeg,vit_b16,15,126,11.013919,-0.30891284,-0.5525102,0.008902938,35.9504132231405
NORMAL/NORMAL-3361750-1.jpeg,vit_b16,15,126,11.049627,-0.16938601,-0.4288329,-0.5643017,37.1900826446281
NORMAL/NORMAL-33637-1.jpeg,vit_b16,15,126,11.983213,-0.2974833,-0.6939341,-0.041182622,56.19834710743802
NORMAL/NORMAL-3373954-1.jpeg,vit_b16,15,126,10.542378,-0.36271077,-0.58936536,0.1554524,27.27272727272727
NORMAL/NORMAL-3380901-1.jpeg,vit_b16,15,126,8.979864,-0.07278532,-0.6908763,-0.2591613,2.8925619834710745
NORMAL/NORMAL-338568-1.jpeg,vit_b16,15,126,14.572739,0.27668285,-0.48239437,0.62706006,88.42975206611571
NORMAL/NORMAL-3390782-1.jpeg,vit_b16,15,126,15.608387,-0.27730247,-0.2503711,0.34455538,93.80165289256198
NORMAL/NORMAL-3398969-1.jpeg,vit_b16,15,126,14.670655,-0.018976014,-0.25700426,-0.3513569,88.84297520661157
NORMAL/NORMAL-3399839-1.jpeg,vit_b16,15,126,11.679259,-0.10929746,0.5737915,0.13637625,50.82644628099173
NORMAL/NORMAL-3416330-1.jpeg,vit_b16,15,126,13.163116,0.049933456,0.0010120925,-0.6174786,77.27272727272727
NORMAL/NORMAL-3431386-1.jpeg,vit_b16,15,126,10.569417,-0.3653801,-0.13723612,-0.7219305,28.512396694214875
NORMAL/NORMAL-3451887-1.jpeg,vit_b16,15,126,11.692332,-0.032218106,-0.19052096,-0.5129858,51.652892561983464
NORMAL/NORMAL-3465750-1.jpeg,vit_b16,15,126,14.262327,0.09952975,-0.5855551,0.10071555,86.77685950413223
NORMAL/NORMAL-3466714-1.jpeg,vit_b16,15,126,13.0327425,0.10143969,-0.43758827,0.55071145,75.20661157024794
NORMAL/NORMAL-3475211-1.jpeg,vit_b16,15,126,12.695063,-0.092133224,-0.010000249,-0.2959849,69.00826446280992
NORMAL/NORMAL-348347-1.jpeg,vit_b16,15,126,9.82304,-0.4158389,-0.724167,-0.41002527,11.570247933884298
NORMAL/NORMAL-349021-1.jpeg,vit_b16,15,126,12.556733,0.19867331,0.02976108,0.47740594,66.52892561983471
NORMAL/NORMAL-351109-1.jpeg,vit_b16,15,126,16.803974,0.028455501,-0.17173211,0.7512098,95.0413223140496
NORMAL/NORMAL-351109-2.jpeg,vit_b16,15,126,10.45815,-0.36941454,-0.06865525,-0.7423408,24.793388429752067
NORMAL/NORMAL-3531215-1.jpeg,vit_b16,15,126,10.012762,0.016151875,-0.5574508,-0.17488202,14.46280991735537
NORMAL/NORMAL-3538316-1.jpeg,vit_b16,15,126,12.123874,-0.1279641,0.65045464,-0.30772007,58.67768595041323
NORMAL/NORMAL-3561306-1.jpeg,vit_b16,15,126,12.44097,-0.17130539,0.4339877,0.11602415,63.22314049586777
NORMAL/NORMAL-3561306-2.jpeg,vit_b16,15,126,9.324608,-0.1080565,-0.47351637,-0.37568745,5.371900826446281
NORMAL/NORMAL-366503-1.jpeg,vit_b16,15,126,9.041935,-0.20949982,-0.7636746,0.01131467,3.71900826446281
NORMAL/NORMAL-366503-2.jpeg,vit_b16,15,126,8.580597,-0.5981931,-0.5349433,-0.3393776,0.8264462809917356
NORMAL/NORMAL-36734-1.jpeg,vit_b16,15,126,11.888703,-0.043258607,-0.55088776,-0.42320395,55.78512396694215
NORMAL/NORMAL-37818-1.jpeg,vit_b16,15,126,11.757319,-0.029368017,-0.33285218,-0.5592866,52.892561983471076
NORMAL/NORMAL-395557-1.jpeg,vit_b16,15,126,12.275566,-0.2392905,-0.3790372,-0.4969936,59.50413223140496
NORMAL/NORMAL-402066-1.jpeg,vit_b16,15,126,12.665759,-0.28460795,-0.5648987,-0.042062536,68.59504132231406
NORMAL/NORMAL-402066-2.jpeg,vit_b16,15,126,15.256959,-0.38913256,-0.13196778,0.12615612,91.32231404958677
NORMAL/NORMAL-402066-3.jpeg,vit_b16,15,126,12.605625,-0.1963495,-0.010162396,-0.6826782,67.35537190082644
NORMAL/NORMAL-402066-4.jpeg,vit_b16,15,126,12.740162,-0.22653776,-0.41983095,-0.1367386,69.42148760330579
NORMAL/NORMAL-402066-5.jpeg,vit_b16,15,126,11.387071,-0.53015935,-0.28315777,-0.4421147,44.214876033057855
NORMAL/NORMAL-438684-1.jpeg,vit_b16,15,126,11.442396,-0.17525004,-0.7247468,-0.17309041,45.45454545454545
NORMAL/NORMAL-438684-2.jpeg,vit_b16,15,126,12.008425,0.0149721885,-0.62304103,-0.06187944,56.611570247933884
NORMAL/NORMAL-438684-3.jpeg,vit_b16,15,126,14.087786,0.109322734,-0.46593648,0.08923049,85.9504132231405
NORMAL/NORMAL-443980-1.jpeg,vit_b16,15,126,11.099952,-0.42538851,-0.44122922,-0.5091002,38.429752066115704
NORMAL/NORMAL-446851-1.jpeg,vit_b16,15,126,13.5942745,-0.08682987,0.4446401,0.4230917,80.99173553719008
NORMAL/NORMAL-446851-2.jpeg,vit_b16,15,126,17.784573,0.2270664,0.61370957,0.36176562,98.34710743801654
NORMAL/NORMAL-447690-1.jpeg,vit_b16,15,126,16.87831,0.076780245,0.05119605,0.08693205,95.45454545454545
NORMAL/NORMAL-447690-2.jpeg,vit_b16,15,126,11.238789,-0.18391518,-0.20221989,-0.5844618,42.14876033057851
NORMAL/NORMAL-450532-1.jpeg,vit_b16,15,126,10.561129,-0.42627257,-0.6590866,-0.21527538,28.09917355371901
NORMAL/NORMAL-450923-1.jpeg,vit_b16,15,126,10.50016,-0.08369492,-0.49564853,-0.2816337,26.033057851239672
NORMAL/NORMAL-450923-2.jpeg,vit_b16,15,126,14.733844,0.11133006,0.08919026,-0.50380766,89.6694214876033
NORMAL/NORMAL-460711-1.jpeg,vit_b16,15,126,10.576463,-0.2846914,-0.25701028,0.17823353,28.92561983471074
NORMAL/NORMAL-460844-1.jpeg,vit_b16,15,126,13.839638,0.16166654,0.5919054,-0.36771208,84.29752066115702
NORMAL/NORMAL-466978-1.jpeg,vit_b16,15,126,13.777599,0.06457657,0.123164706,-0.56301165,83.47107438016529
NORMAL/NORMAL-469935-1.jpeg,vit_b16,15,126,12.303262,-0.44622472,-0.46022373,-0.33786112,59.917355371900825
NORMAL/NORMAL-4761187-1.jpeg,vit_b16,15,126,9.568538,-0.20285018,-0.63360524,0.39686784,7.851239669421488
NORMAL/NORMAL-4790999-1.jpeg,vit_b16,15,126,10.015267,-0.38625875,-0.22197331,-0.41302037,14.87603305785124
NORMAL/NORMAL-48053-1.jpeg,vit_b16,15,126,11.162029,-0.39012498,-0.13427237,-0.7281097,40.909090909090914
NORMAL/NORMAL-4839633-1.jpeg,vit_b16,15,126,9.112839,-0.31772405,0.31689563,-0.5041293,4.132231404958678
NORMAL/NORMAL-486271-1.jpeg,vit_b16,15,126,12.4685955,-0.0064913463,-0.12676923,-0.6800351,64.0495867768595
NORMAL/NORMAL-508852-1.jpeg,vit_b16,15,126,13.81254,0.035666004,-0.1538427,-0.60304004,83.88429752066115
NORMAL/NORMAL-508852-2.jpeg,vit_b16,15,126,11.1777725,-0.14459482,-0.47187895,-0.5211746,41.735537190082646
NORMAL/NORMAL-519372-1.jpeg,vit_b16,15,126,12.96179,0.09042937,-0.5575868,0.23079963,74.3801652892562
NORMAL/NORMAL-524640-1.jpeg,vit_b16,15,126,12.407107,0.044871345,-0.16345286,-0.14834023,61.98347107438017
NORMAL/NORMAL-544457-1.jpeg,vit_b16,15,126,10.167243,-0.20392348,-0.5682905,0.3337342,18.181818181818183
NORMAL/NORMAL-544711-1.jpeg,vit_b16,15,126,11.024833,-0.50499403,-0.26663756,-0.6307741,36.36363636363637
NORMAL/NORMAL-547422-1.jpeg,vit_b16,15,126,13.229829,-0.06357917,-0.4345317,-0.49740905,77.68595041322314
NORMAL/NORMAL-547422-2.jpeg,vit_b16,15,126,12.91418,-0.0507461,-0.33879617,-0.55307716,72.72727272727273
NORMAL/NORMAL-549356-1.jpeg,vit_b16,15,126,11.583839,-0.057269324,-0.028684502,-0.6788833,47.5206611570248
NORMAL/NORMAL-549356-2.jpeg,vit_b16,15,126,15.524874,0.31717622,0.37197,-0.3753436,93.38842975206612
NORMAL/NORMAL-549356-3.jpeg,vit_b16,15,126,12.321562,0.2782457,0.15167835,-0.5685334,60.74380165289256
NORMAL/NORMAL-552739-1.jpeg,vit_b16,15,126,11.841889,-0.071217105,-0.11488015,-0.675303,54.132231404958674
NORMAL/NORMAL-557437-1.jpeg,vit_b16,15,126,9.940663,-0.21642548,-0.13329852,-0.73963577,13.636363636363635
NORMAL/NORMAL-557437-2.jpeg,vit_b16,15,126,10.760551,-0.35853755,-0.24845767,-0.34219283,32.231404958677686
NORMAL/NORMAL-565818-1.jpeg,vit_b16,15,126,10.534746,-0.433458,0.3017472,-0.6257409,26.859504132231404
NORMAL/NORMAL-566040-1.jpeg,vit_b16,15,126,11.88735,-0.1307784,0.50362265,-0.5933041,54.958677685950406
NORMAL/NORMAL-568518-1.jpeg,vit_b16,15,126,12.159513,-0.069958806,-0.7347655,0.13351955,59.09090909090909
NORMAL/NORMAL-568518-2.jpeg,vit_b16,15,126,12.848547,0.034376852,-0.6823828,-0.16648604,71.48760330578511
NORMAL/NORMAL-571157-1.jpeg,vit_b16,15,126,12.359334,0.30691755,0.19555709,0.01546904,61.15702479338842
NORMAL/NORMAL-571484-1.jpeg,vit_b16,15,126,12.909368,-0.17780557,0.42537373,-0.66825706,72.31404958677686
NORMAL/NORMAL-572972-1.jpeg,vit_b16,15,126,12.65512,-0.26141822,-0.18641977,0.521803,68.18181818181817
NORMAL/NORMAL-574089-1.jpeg,vit_b16,15,126,12.056955,0.0346127,0.3803879,-0.53081334,57.85123966942148
NORMAL/NORMAL-582215-1.jpeg,vit_b16,15,126,16.966608,-0.22901198,0.11574311,0.16801442,96.28099173553719
NORMAL/NORMAL-588227-1.jpeg,vit_b16,15,126,12.9443245,-0.47913182,-0.4106685,-0.093603805,73.96694214876032
NORMAL/NORMAL-60471-1.jpeg,vit_b16,15,126,11.113988,-0.13659278,0.6930441,-0.07150616,39.66942148760331
NORMAL/NORMAL-605310-1.jpeg,vit_b16,15,126,12.409865,-0.003888052,0.3315578,-0.103458166,62.396694214876035
NORMAL/NORMAL-626127-1.jpeg,vit_b16,15,126,10.676746,-0.33289632,-0.4386588,-0.35276318,30.991735537190085
NORMAL/NORMAL-628048-1.jpeg,vit_b16,15,126,9.837209,-0.50383323,0.07314126,-0.6267028,11.983471074380166
NORMAL/NORMAL-629493-1.jpeg,vit_b16,15,126,10.405748,-0.35121626,-0.19582023,0.22504994,24.380165289256198
NORMAL/NORMAL-651257-1.jpeg,vit_b16,15,126,13.045285,-0.18335994,-0.2184775,-0.7199493,75.6198347107438
NORMAL/NORMAL-655117-1.jpeg,vit_b16,15,126,10.8791275,-0.34127876,-0.105258815,-0.3909951,33.88429752066116
NORMAL/NORMAL-655447-1.jpeg,vit_b16,15,126,18.925533,-0.2988286,-0.040592417,-0.32230505,99.17355371900827
NORMAL/NORMAL-664536-1.jpeg,vit_b16,15,126,9.386401,-0.116786525,-0.73600686,0.2436455,6.198347107438017
NORMAL/NORMAL-66515-1.jpeg,vit_b16,15,126,11.637173,-0.55495924,0.0019210437,-0.5256953,49.586776859504134
NORMAL/NORMAL-672619-1.jpeg,vit_b16,15,126,10.201472,-0.39397436,0.51809096,-0.18013394,19.421487603305785
NORMAL/NORMAL-692554-1.jpeg,vit_b16,15,126,9.929628,-0.4180524,-0.1314013,-0.6684005,13.223140495867769
NORMAL/NORMAL-693575-1.jpeg,vit_b16,15,126,11.059224,-0.29932028,-0.33263415,-0.041272216,37.60330578512397
NORMAL/NORMAL-697826-1.jpeg,vit_b16,15,126,13.43415,-0.3676653,-0.15439452,0.47617197,79.33884297520662
NORMAL/NORMAL-744709-1.jpeg,vit_b16,15,126,16.954754,-0.07509904,-0.4086933,-0.48287725,95.86776859504133
NORMAL/NORMAL-755659-1.jpeg,vit_b16,15,126,10.648377,-0.23827694,-0.38494498,-0.20892897,30.57851239669421
NORMAL/NORMAL-758272-1.jpeg,vit_b16,15,126,15.359689,3.9078295e-06,-0.23115093,-0.5832697,91.73553719008265
NORMAL/NORMAL-76914-1.jpeg,vit_b16,15,126,11.070082,-0.23827595,0.1719329,-0.66749716,38.01652892561984
NORMAL/NORMAL-772481-1.jpeg,vit_b16,15,126,11.286131,-0.08240673,0.7637897,-0.25233403,43.80165289256198
NORMAL/NORMAL-84466-1.jpeg,vit_b16,15,126,9.4916115,-0.07364377,-0.72466743,0.3170057,7.43801652892562
NORMAL/NORMAL-85367-1.jpeg,vit_b16,15,126,10.896942,-0.04410535,-0.3019562,-0.5433693,34.710743801652896
NORMAL/NORMAL-9251-1.jpeg,vit_b16,15,126,12.817568,0.14732769,-0.34485218,-0.44310835,71.07438016528926
NORMAL/NORMAL-98720-1.jpeg,vit_b16,15,126,16.613117,0.113473155,-0.08419281,-0.24742378,94.62809917355372
NORMAL/NORMAL-1017237-1.jpeg,vit_b16,16,3407,15.366314,-0.38818368,-0.26949263,-0.7146892,64.87603305785123
NORMAL/NORMAL-101880-1.jpeg,vit_b16,16,3407,13.991976,-0.292131,-0.0084350575,-0.6968012,38.01652892561984
NORMAL/NORMAL-1025847-1.jpeg,vit_b16,16,3407,13.381782,0.10344626,0.03499841,-0.009269647,27.27272727272727
NORMAL/NORMAL-1038998-1.jpeg,vit_b16,16,3407,12.565972,-0.5098,-0.50382185,-0.4306271,14.87603305785124
NORMAL/NORMAL-1042462-1.jpeg,vit_b16,16,3407,18.306747,0.20590644,-0.47148106,-0.049009982,91.32231404958677
NORMAL/NORMAL-1058176-1.jpeg,vit_b16,16,3407,13.170417,-0.3600572,-0.66113055,0.15051678,23.140495867768596
NORMAL/NORMAL-1063128-1.jpeg,vit_b16,16,3407,10.8178835,-0.15542665,-0.76620615,0.08666408,1.6528925619834711
NORMAL/NORMAL-1073137-1.jpeg,vit_b16,16,3407,11.89241,-0.12134186,-0.7092127,0.3199023,8.264462809917356
NORMAL/NORMAL-1081406-1.jpeg,vit_b16,16,3407,14.669072,0.082358055,0.39104402,0.76739234,51.2396694214876
NORMAL/NORMAL-112928-1.jpeg,vit_b16,16,3407,13.945659,-0.0570881,-0.696023,0.22342058,35.9504132231405
NORMAL/NORMAL-119840-1.jpeg,vit_b16,16,3407,14.772322,-0.35640854,-0.17875686,0.29654616,52.892561983471076
NORMAL/NORMAL-12494-1.jpeg,vit_b16,16,3407,15.946734,-0.2865668,-0.4904899,-0.45302647,72.72727272727273
NORMAL/NORMAL-12494-2.jpeg,vit_b16,16,3407,15.0389,-0.116455734,-0.71039873,-0.1795839,61.57024793388429
NORMAL/NORMAL-12494-3.jpeg,vit_b16,16,3407,12.295844,-0.21485363,-0.6677737,-0.32994744,11.15702479338843
NORMAL/NORMAL-12494-4.jpeg,vit_b16,16,3407,14.120556,-0.5027406,-0.49030918,-0.2997335,40.909090909090914
NORMAL/NORMAL-12494-5.jpeg,vit_b16,16,3407,15.559356,-0.2900489,-0.2947108,-0.60505545,66.52892561983471
NORMAL/NORMAL-133321-1.jpeg,vit_b16,16,3407,17.184196,0.20119438,-0.11528899,-0.42987916,82.64462809917356
NORMAL/NORMAL-138971-1.jpeg,vit_b16,16,3407,14.967916,-0.10893832,-0.32483953,0.23467636,58.26446280991735
NORMAL/NORMAL-15208-1.jpeg,vit_b16,16,3407,15.234238,-0.14746784,-0.3327111,-0.5187546,63.22314049586777
NORMAL/NORMAL-15307-1.jpeg,vit_b16,16,3407,14.912678,0.06043411,-0.0943999,0.44554454,56.611570247933884
NORMAL/NORMAL-153950-1.jpeg,vit_b16,16,3407,12.313584,-0.19815221,-0.55504096,0.46587762,11.570247933884298
NORMAL/NORMAL-1746717-1.jpeg,vit_b16,16,3407,12.726678,-0.42791206,-0.32943678,-0.61454344,16.94214876033058
NORMAL/NORMAL-1759350-1.jpeg,vit_b16,16,3407,14.277391,-0.17200057,0.27348945,-0.1775313,43.80165289256198
NORMAL/NORMAL-1781140-1.jpeg,vit_b16,16,3407,17.529821,-0.5041976,-0.55653,-0.25708944,86.36363636363636
NORMAL/NORMAL-1791409-1.jpeg,vit_b16,16,3407,14.855827,-0.5160011,-0.5457176,-0.19390225,54.958677685950406
NORMAL/NORMAL-1831654-1.jpeg,vit_b16,16,3407,12.562914,0.02970775,-0.4022497,0.23845017,14.46280991735537
NORMAL/NORMAL-1853526-1.jpeg,vit_b16,16,3407,17.123213,0.32076997,-0.2612453,0.0494244,81.81818181818183
NORMAL/NORMAL-1860310-1.jpeg,vit_b16,16,3407,12.39573,-0.13966762,-0.26291722,-0.6158036,12.8099173553719
NORMAL/NORMAL-1897894-1.jpeg,vit_b16,16,3407,11.825815,-0.27711213,-0.33783543,-0.5874734,7.43801652892562
NORMAL/NORMAL-1907560-1.jpeg,vit_b16,16,3407,20.179409,0.49759555,-0.023034764,0.6686331,94.62809917355372
NORMAL/NORMAL-1908313-1.jpeg,vit_b16,16,3407,15.903315,0.28778356,-0.38603985,-0.031808585,71.07438016528926
NORMAL/NORMAL-1951042-1.jpeg,vit_b16,16,3407,14.0261,-0.5758027,-0.5043179,-0.07089415,38.84297520661157
NORMAL/NORMAL-1957379-1.jpeg,vit_b16,16,3407,13.180993,-0.18506855,0.43556476,0.037544716,23.553719008264462
NORMAL/NORMAL-197082-1.jpeg,vit_b16,16,3407,11.904659,-0.3798949,-0.5502277,0.26638633,8.677685950413224
NORMAL/NORMAL-1983894-1.jpeg,vit_b16,16,3407,17.097511,0.37711138,-0.077049546,-0.14088586,80.99173553719008
NORMAL/NORMAL-1988065-1.jpeg,vit_b16,16,3407,14.2390375,-0.39235297,-0.19983874,-0.6246011,42.97520661157025
NORMAL/NORMAL-1989796-1.jpeg,vit_b16,16,3407,16.632965,-0.035391804,-0.16380948,0.44490373,78.099173553719
NORMAL/NORMAL-1998191-1.jpeg,vit_b16,16,3407,16.253103,-0.014175001,0.051847328,-0.37506288,74.3801652892562
NORMAL/NORMAL-2010714-1.jpeg,vit_b16,16,3407,19.428354,0.31109038,-0.23182717,0.008917215,93.38842975206612
NORMAL/NORMAL-2011412-1.jpeg,vit_b16,16,3407,18.218348,-0.11754759,0.20733593,-0.5649686,90.9090909090909
NORMAL/NORMAL-2019006-1.jpeg,vit_b16,16,3407,13.340134,-0.15843326,-0.06958379,0.28080606,26.033057851239672
NORMAL/NORMAL-2019423-1.jpeg,vit_b16,16,3407,16.288504,-0.5373945,-0.36287588,-0.30941287,74.79338842975206
NORMAL/NORMAL-2055634-1.jpeg,vit_b16,16,3407,12.091161,-0.27451116,-0.32538104,0.37704787,9.917355371900827
NORMAL/NORMAL-2059629-1.jpeg,vit_b16,16,3407,10.885918,-0.5846156,-0.33615115,0.23767638,2.066115702479339
NORMAL/NORMAL-2075832-1.jpeg,vit_b16,16,3407,17.820333,-0.042079423,-0.23715213,-0.55692554,87.60330578512396
NORMAL/NORMAL-2082689-1.jpeg,vit_b16,16,3407,16.20572,0.015970193,0.43760493,-0.13682123,73.96694214876032
NORMAL/NORMAL-2095710-1.jpeg,vit_b16,16,3407,13.252779,-0.16106322,-0.77364147,-0.2499149,25.206611570247933
NORMAL/NORMAL-2113822-1.jpeg,vit_b16,16,3407,13.974109,-0.4581729,-0.2704286,0.16722474,37.1900826446281
NORMAL/NORMAL-2120559-1.jpeg,vit_b16,16,3407,13.579562,-0.16272295,0.03269741,-0.44166824,30.57851239669421
NORMAL/NORMAL-2120559-2.jpeg,vit_b16,16,3407,15.804821,0.07717274,0.1905851,-0.53001356,69.83471074380165
NORMAL/NORMAL-2120559-3.jpeg,vit_b16,16,3407,15.090946,-0.16013439,0.19923547,-0.6864406,61.98347107438017
NORMAL/NORMAL-2126186-1.jpeg,vit_b16,16,3407,12.988005,-0.5448671,0.0980753,-0.19762716,20.24793388429752
NORMAL/NORMAL-2131138-1.jpeg,vit_b16,16,3407,13.98267,0.008657202,-0.23463553,-0.28323716,37.60330578512397
NORMAL/NORMAL-2158556-1.jpeg,vit_b16,16,3407,12.793759,-0.4746778,-0.5385076,0.032708436,19.00826446280992
NORMAL/NORMAL-2167295-1.jpeg,vit_b16,16,3407,14.925432,-0.19416961,-0.7748703,-0.079570025,57.02479338842975
NORMAL/NORMAL-2181272-1.jpeg,vit_b16,16,3407,15.821468,-0.56574017,-0.19256896,-0.44784188,70.24793388429752
NORMAL/NORMAL-2182640-1.jpeg,vit_b16,16,3407,17.299776,-0.1624754,-0.08454727,0.4746813,83.88429752066115
NORMAL/NORMAL-2192790-1.jpeg,vit_b16,16,3407,14.912504,-0.15106404,-0.4760808,-0.4910711,56.19834710743802
NORMAL/NORMAL-2197972-1.jpeg,vit_b16,16,3407,12.452751,-0.23718558,-0.74267375,-0.07160946,13.223140495867769
NORMAL/NORMAL-2226488-1.jpeg,vit_b16,16,3407,21.335468,0.348263,0.00888322,-0.33206895,97.93388429752066
NORMAL/NORMAL-2231056-1.jpeg,vit_b16,16,3407,15.712039,-0.040709443,-0.66629326,-0.1143371,69.42148760330579
NORMAL/NORMAL-223814-1.jpeg,vit_b16,16,3407,17.918846,-0.43383664,-0.39787015,-0.33649892,88.01652892561982
NORMAL/NORMAL-2244950-1.jpeg,vit_b16,16,3407,13.673943,-0.049954798,0.11535162,-0.5597607,31.818181818181817
NORMAL/NORMAL-2287992-1.jpeg,vit_b16,16,3407,14.490656,-0.3685398,-0.16863811,-0.75417846,47.107438016528924
NORMAL/NORMAL-2305502-1.jpeg,vit_b16,16,3407,10.791026,-0.6330688,-0.34089583,0.09944592,1.2396694214876034
NORMAL/NORMAL-2312921-1.jpeg,vit_b16,16,3407,12.758255,-0.34145942,0.33224908,-0.5945268,18.59504132231405
NORMAL/NORMAL-2316423-1.jpeg,vit_b16,16,3407,14.379979,-0.21287933,-0.5736543,0.40930426,46.28099173553719
NORMAL/NORMAL-2335256-1.jpeg,vit_b16,16,3407,13.905517,-0.30122602,-0.27482617,-0.21745121,34.29752066115703
NORMAL/NORMAL-2342517-1.jpeg,vit_b16,16,3407,13.50109,-0.6234448,-0.6211286,-0.21555278,29.338842975206614
NORMAL/NORMAL-2350851-1.jpeg,vit_b16,16,3407,13.041149,0.19924678,-0.339813,0.40526468,22.31404958677686
NORMAL/NORMAL-2351012-1.jpeg,vit_b16,16,3407,14.410062,-0.19492234,0.038936008,0.19216017,46.69421487603306
NORMAL/NORMAL-2362579-1.jpeg,vit_b16,16,3407,14.142717,-0.027160062,-0.47048408,-0.16960296,41.735537190082646
NORMAL/NORMAL-2366700-1.jpeg,vit_b16,16,3407,10.725883,-0.47615963,-0.75540817,-0.30629224,0.8264462809917356
NORMAL/NORMAL-2373878-1.jpeg,vit_b16,16,3407,12.489037,-0.17275396,-0.7294745,-0.00304918,13.636363636363635
NORMAL/NORMAL-2377429-1.jpeg,vit_b16,16,3407,12.746813,-0.22045535,0.046863906,-0.42435768,18.181818181818183
NORMAL/NORMAL-2392366-1.jpeg,vit_b16,16,3407,17.270182,-0.058697097,-0.51427996,-0.25350884,83.47107438016529
NORMAL/NORMAL-2397754-1.jpeg,vit_b16,16,3407,13.317687,-0.22588341,-0.1824857,0.35328186,25.6198347107438
NORMAL/NORMAL-2403175-1.jpeg,vit_b16,16,3407,17.693768,0.13922657,0.4980562,0.032715477,87.19008264462809
NORMAL/NORMAL-2416187-1.jpeg,vit_b16,16,3407,17.468153,-0.33162835,-0.23837626,-0.53325915,85.9504132231405
NORMAL/NORMAL-2421067-1.jpeg,vit_b16,16,3407,12.160744,-0.15870267,-0.7321881,-0.105696574,10.330578512396695
NORMAL/NORMAL-2424949-1.jpeg,vit_b16,16,3407,12.989568,0.0079845,-0.31623888,0.57570904,20.66115702479339
NORMAL/NORMAL-2434258-1.jpeg,vit_b16,16,3407,11.906712,-0.22149782,-0.6827347,-0.23442851,9.090909090909092
NORMAL/NORMAL-2436365-1.jpeg,vit_b16,16,3407,13.495124,-0.0394613,-0.55607116,-0.038525943,28.92561983471074
NORMAL/NORMAL-2448954-1.jpeg,vit_b16,16,3407,14.738865,0.33770943,-0.118092015,-0.00959039,51.652892561983464
NORMAL/NORMAL-2459401-1.jpeg,vit_b16,16,3407,15.6964655,-0.23482633,0.50221485,-0.40683883,68.18181818181817
NORMAL/NORMAL-2460548-1.jpeg,vit_b16,16,3407,14.589729,-0.25970328,0.037128143,-0.23597251,50.0
NORMAL/NORMAL-2476896-1.jpeg,vit_b16,16,3407,15.582923,-0.44076347,-0.2714244,-0.45428583,66.94214876033058
NORMAL/NORMAL-2493975-1.jpeg,vit_b16,16,3407,13.943997,-0.32269835,-0.5104549,-0.40262958,35.53719008264463
NORMAL/NORMAL-2504667-1.jpeg,vit_b16,16,3407,10.486049,-0.39732656,-0.6891172,-0.1978466,0.4132231404958678
NORMAL/NORMAL-2509453-1.jpeg,vit_b16,16,3407,13.943196,-0.25606495,-0.318183,-0.6655998,34.710743801652896
NORMAL/NORMAL-2517546-1.jpeg,vit_b16,16,3407,13.897328,-0.028943993,-0.653285,-0.14417827,33.88429752066116
NORMAL/NORMAL-2549549-1.jpeg,vit_b16,16,3407,11.645995,-0.44827545,-0.5043918,-0.5861686,6.198347107438017
NORMAL/NORMAL-2551333-1.jpeg,vit_b16,16,3407,11.431069,-0.7219385,-0.31300917,-0.4162485,4.132231404958678
NORMAL/NORMAL-2569106-1.jpeg,vit_b16,16,3407,15.022492,0.08030158,-0.52005166,-0.41282177,60.74380165289256
NORMAL/NORMAL-2570020-1.jpeg,vit_b16,16,3407,12.5703335,-0.10478592,-0.23951852,-0.5535695,15.289256198347106
NORMAL/NORMAL-2579419-1.jpeg,vit_b16,16,3407,19.118156,0.34163207,-0.36039993,-0.04689715,92.97520661157024
NORMAL/NORMAL-2598368-1.jpeg,vit_b16,16,3407,14.970615,-0.51380527,-0.15096849,0.28256294,58.67768595041323
NORMAL/NORMAL-2602596-1.jpeg,vit_b16,16,3407,14.028243,-0.5855787,-0.52445376,-0.062016394,39.25619834710744
NORMAL/NORMAL-2627129-1.jpeg,vit_b16,16,3407,20.202599,0.0993506,0.644511,-0.16292672,95.0413223140496
NORMAL/NORMAL-2633503-1.jpeg,vit_b16,16,3407,23.349165,-0.4050998,-0.07289264,-0.1510851,99.58677685950413
NORMAL/NORMAL-2636641-1.jpeg,vit_b16,16,3407,20.232153,-0.12129289,-0.4017074,-0.36053374,95.45454545454545
NORMAL/NORMAL-2665491-1.jpeg,vit_b16,16,3407,15.347594,-0.07002124,-0.17916667,-0.26630393,64.46280991735537
NORMAL/NORMAL-269181-1.jpeg,vit_b16,16,3407,21.100056,-0.53377455,-0.07307544,-0.46275067,97.52066115702479
NORMAL/NORMAL-2705520-1.jpeg,vit_b16,16,3407,11.826962,-0.23006728,-0.3199442,0.58273894,7.851239669421488
NORMAL/NORMAL-2709055-1.jpeg,vit_b16,16,3407,19.019377,0.0075077713,-0.028231889,-0.5100717,92.56198347107438
NORMAL/NORMAL-2733663-1.jpeg,vit_b16,16,3407,11.521141,-0.5585108,-0.4009561,-0.63280535,4.958677685950414
NORMAL/NORMAL-2739821-1.jpeg,vit_b16,16,3407,16.515385,0.4327527,0.25161356,-0.23692945,77.68595041322314
NORMAL/NORMAL-2769622-1.jpeg,vit_b16,16,3407,13.759759,0.41351315,-0.36283946,0.1829721,32.64462809917356
NORMAL/NORMAL-2769622-2.jpeg,vit_b16,16,3407,14.078393,-0.058901854,0.2246276,0.4038891,40.082644628099175
NORMAL/NORMAL-279206-1.jpeg,vit_b16,16,3407,19.944857,0.13458772,-0.15962198,-0.5263022,94.21487603305785
NORMAL/NORMAL-283376-1.jpeg,vit_b16,16,3407,11.663029,-0.2874395,-0.66543865,0.2654581,7.024793388429752
NORMAL/NORMAL-285896-1.jpeg,vit_b16,16,3407,14.537955,-0.21914518,-0.19069827,-0.660756,48.760330578512395
NORMAL/NORMAL-2973935-1.jpeg,vit_b16,16,3407,14.300084,-0.2526588,-0.21922633,-0.6719481,44.62809917355372
NORMAL/NORMAL-3059523-1.jpeg,vit_b16,16,3407,12.729695,-0.26481366,-0.75865936,-0.00028917007,17.355371900826448
NORMAL/NORMAL-307151-1.jpeg,vit_b16,16,3407,17.42259,0.120081864,-0.3484619,0.28417286,85.53719008264463
NORMAL/NORMAL-307151-2.jpeg,vit_b16,16,3407,15.03232,-0.35463697,-0.28130358,-0.11219428,61.15702479338842
NORMAL/NORMAL-3077276-1.jpeg,vit_b16,16,3407,11.108936,-0.45269012,-0.725881,-0.16447312,2.8925619834710745
NORMAL/NORMAL-3100637-1.jpeg,vit_b16,16,3407,16.485947,0.031520836,-0.32490635,-0.42310518,77.27272727272727
NORMAL/NORMAL-3103940-1.jpeg,vit_b16,16,3407,17.395754,0.19217286,-0.08740389,-0.46183917,85.12396694214877
NORMAL/NORMAL-3108564-1.jpeg,vit_b16,16,3407,11.558541,-0.36189672,-0.599223,-0.56887686,5.371900826446281
NORMAL/NORMAL-3134896-1.jpeg,vit_b16,16,3407,11.569579,-0.45085382,-0.47299653,-0.028401142,5.785123966942149
NORMAL/NORMAL-3166591-1.jpeg,vit_b16,16,3407,14.576454,0.06891655,-0.51835656,0.2576719,49.586776859504134
NORMAL/NORMAL-3220509-1.jpeg,vit_b16,16,3407,11.51104,-0.2368129,-0.76851356,0.21197893,4.545454545454546
NORMAL/NORMAL-3244919-1.jpeg,vit_b16,16,3407,14.278503,-0.0595418,-0.69716287,-0.036942065,44.214876033057855
NORMAL/NORMAL-3256489-1.jpeg,vit_b16,16,3407,13.9434185,0.1750787,-0.58371735,0.25128233,35.12396694214876
NORMAL/NORMAL-3277704-1.jpeg,vit_b16,16,3407,13.615566,-0.147794,-0.32062438,-0.48121437,30.991735537190085
NORMAL/NORMAL-3300015-1.jpeg,vit_b16,16,3407,12.717949,-0.40338373,-0.28361425,-0.36284834,16.528925619834713
NORMAL/NORMAL-3307598-1.jpeg,vit_b16,16,3407,20.790659,-0.030777942,-0.238649,0.283558,96.69421487603306
NORMAL/NORMAL-3307598-2.jpeg,vit_b16,16,3407,13.009856,-0.25592536,-0.18052173,-0.59717727,21.487603305785125
NORMAL/NORMAL-3308307-1.jpeg,vit_b16,16,3407,14.234516,-0.32538345,-0.6106136,0.002824854,42.561983471074385
NORMAL/NORMAL-330905-1.jpeg,vit_b16,16,3407,16.728321,0.27186266,-0.39137283,0.24979955,78.51239669421489
NORMAL/NORMAL-3320960-1.jpeg,vit_b16,16,3407,14.357206,-0.13583106,-0.10031596,0.5692036,45.867768595041326
NORMAL/NORMAL-3326661-1.jpeg,vit_b16,16,3407,13.2170725,-0.11496981,-0.6654658,-0.3685275,24.380165289256198
NORMAL/NORMAL-3330006-1.jpeg,vit_b16,16,3407,16.988821,0.27474535,0.19647662,0.6976458,80.57851239669421
NORMAL/NORMAL-3332063-1.jpeg,vit_b16,16,3407,13.3467245,-0.23913568,-0.32538632,-0.7349451,26.859504132231404
NORMAL/NORMAL-33350-1.jpeg,vit_b16,16,3407,20.484856,0.21260408,0.68177956,-0.3490106,96.28099173553719
NORMAL/NORMAL-33350-2.jpeg,vit_b16,16,3407,21.341917,0.038360786,0.1454223,-0.048895095,98.34710743801654
NORMAL/NORMAL-33350-3.jpeg,vit_b16,16,3407,28.552595,0.5810342,0.6668972,0.0062703206,100.0
NORMAL/NORMAL-3340309-1.jpeg,vit_b16,16,3407,22.104933,0.34329295,-0.15704174,-0.097990155,98.7603305785124
NORMAL/NORMAL-3346049-1.jpeg,vit_b16,16,3407,14.867832,-0.16725005,-0.2290585,-0.64073753,55.371900826446286
NORMAL/NORMAL-3347645-1.jpeg,vit_b16,16,3407,13.21776,-0.1922469,0.4821446,-0.19032547,24.793388429752067
NORMAL/NORMAL-3354044-1.jpeg,vit_b16,16,3407,16.859894,-0.102088556,0.14507417,0.000419138,79.33884297520662
NORMAL/NORMAL-3361560-1.jpeg,vit_b16,16,3407,17.268074,-0.11287047,-0.5188928,-0.48231453,83.05785123966942
NORMAL/NORMAL-3361750-1.jpeg,vit_b16,16,3407,15.703344,0.047109883,-0.11941874,-0.46504122,69.00826446280992
NORMAL/NORMAL-33637-1.jpeg,vit_b16,16,3407,15.698966,-0.45112622,-0.396909,-0.56459534,68.59504132231406
NORMAL/NORMAL-3373954-1.jpeg,vit_b16,16,3407,14.795577,0.39059564,0.106317766,0.008919835,53.71900826446281
NORMAL/NORMAL-3380901-1.jpeg,vit_b16,16,3407,14.130704,0.12848413,-0.5452456,-0.23748559,41.32231404958678
NORMAL/NORMAL-338568-1.jpeg,vit_b16,16,3407,18.679375,-0.25000402,-0.5467031,-0.06681861,92.14876033057851
NORMAL/NORMAL-3390782-1.jpeg,vit_b16,16,3407,13.960831,-0.42152643,-0.50399965,0.11815011,36.77685950413223
NORMAL/NORMAL-3398969-1.jpeg,vit_b16,16,3407,14.739339,-0.29156768,-0.5757976,0.2994437,52.066115702479344
NORMAL/NORMAL-3399839-1.jpeg,vit_b16,16,3407,13.037943,-0.07064996,0.61578304,0.1287337,21.90082644628099
NORMAL/NORMAL-3416330-1.jpeg,vit_b16,16,3407,17.18068,-0.18906039,0.35309416,-0.17925598,82.23140495867769
NORMAL/NORMAL-3431386-1.jpeg,vit_b16,16,3407,12.902298,-0.35484916,-0.42698863,-0.5791983,19.834710743801654
NORMAL/NORMAL-3451887-1.jpeg,vit_b16,16,3407,13.009142,-0.111056566,-0.7488162,-0.14601645,21.074380165289256
NORMAL/NORMAL-3465750-1.jpeg,vit_b16,16,3407,16.321169,-0.09636017,-0.2273848,0.2930687,76.44628099173553
NORMAL/NORMAL-3466714-1.jpeg,vit_b16,16,3407,15.121757,-0.24045259,-0.3885432,0.5160279,62.396694214876035
NORMAL/NORMAL-3475211-1.jpeg,vit_b16,16,3407,13.951294,-0.49930906,-0.24150099,-0.6086293,36.36363636363637
NORMAL/NORMAL-348347-1.jpeg,vit_b16,16,3407,10.903635,-0.2654196,-0.7477255,0.055890776,2.479338842975207
NORMAL/NORMAL-349021-1.jpeg,vit_b16,16,3407,14.99031,-0.19130892,-0.16781133,0.60933584,59.917355371900825
NORMAL/NORMAL-351109-1.jpeg,vit_b16,16,3407,13.774988,-0.1357399,-0.08259073,0.6586951,33.057851239669425
NORMAL/NORMAL-351109-2.jpeg,vit_b16,16,3407,13.814127,-0.5577067,-0.10235195,-0.48595542,33.47107438016529
NORMAL/NORMAL-3531215-1.jpeg,vit_b16,16,3407,14.532619,0.15363133,-0.18725824,0.408283,48.34710743801653
NORMAL/NORMAL-3538316-1.jpeg,vit_b16,16,3407,13.684479,-0.16075334,0.419417,-0.47281706,32.231404958677686
NORMAL/NORMAL-3561306-1.jpeg,vit_b16,16,3407,14.631524,-0.34099257,0.1961368,-0.014621881,50.413223140495866
NORMAL/NORMAL-3561306-2.jpeg,vit_b16,16,3407,14.070386,0.018646833,-0.40782055,0.006554652,39.66942148760331
NORMAL/NORMAL-366503-1.jpeg,vit_b16,16,3407,12.626693,-0.14392573,-0.44723573,0.21242857,16.115702479338843
NORMAL/NORMAL-366503-2.jpeg,vit_b16,16,3407,15.499249,-0.083139315,-0.60660636,-0.15314165,65.28925619834712
NORMAL/NORMAL-36734-1.jpeg,vit_b16,16,3407,15.251223,-0.06807011,-0.5123933,-0.41738397,63.63636363636363
NORMAL/NORMAL-37818-1.jpeg,vit_b16,16,3407,15.890424,0.027204659,-0.5313084,-0.39536282,70.66115702479338
NORMAL/NORMAL-395557-1.jpeg,vit_b16,16,3407,17.348938,0.09094622,-0.12329447,-0.5678303,84.29752066115702
NORMAL/NORMAL-402066-1.jpeg,vit_b16,16,3407,14.499156,-0.34043875,-0.30249807,0.29245287,47.93388429752066
NORMAL/NORMAL-402066-2.jpeg,vit_b16,16,3407,16.741667,-0.30094564,0.13649562,-0.017763283,78.92561983471074
NORMAL/NORMAL-402066-3.jpeg,vit_b16,16,3407,14.117494,-0.47379133,-0.02627046,-0.35272533,40.49586776859504
NORMAL/NORMAL-402066-4.jpeg,vit_b16,16,3407,13.644107,-0.06965857,-0.08340667,0.42917255,31.40495867768595
NORMAL/NORMAL-402066-5.jpeg,vit_b16,16,3407,14.774179,-0.62882257,-0.36668685,-0.07023865,53.30578512396694
NORMAL/NORMAL-438684-1.jpeg,vit_b16,16,3407,11.951653,-0.2634111,-0.6298003,-0.57746875,9.50413223140496
NORMAL/NORMAL-438684-2.jpeg,vit_b16,16,3407,14.554784,-0.110306144,-0.59381956,-0.3495584,49.17355371900827
NORMAL/NORMAL-438684-3.jpeg,vit_b16,16,3407,13.479349,-0.081363924,-0.53427756,-0.55621964,28.512396694214875
NORMAL/NORMAL-443980-1.jpeg,vit_b16,16,3407,15.200192,-0.20235237,-0.3385738,-0.10093491,62.8099173553719
NORMAL/NORMAL-446851-1.jpeg,vit_b16,16,3407,18.081781,0.13535738,0.24273807,-0.01568218,89.6694214876033
NORMAL/NORMAL-446851-2.jpeg,vit_b16,16,3407,16.301336,-0.17906721,0.17159519,-0.20520933,75.20661157024794
NORMAL/NORMAL-447690-1.jpeg,vit_b16,16,3407,13.209976,-0.19943121,0.00745127,-0.6659267,23.96694214876033
NORMAL/NORMAL-447690-2.jpeg,vit_b16,16,3407,13.386917,-0.25314438,-0.45138332,-0.37875912,27.685950413223143
NORMAL/NORMAL-450532-1.jpeg,vit_b16,16,3407,17.384447,-0.4518475,0.061266582,-0.36266077,84.71074380165288
NORMAL/NORMAL-450923-1.jpeg,vit_b16,16,3407,17.986876,0.05345712,-0.1710349,0.15654117,88.84297520661157
NORMAL/NORMAL-450923-2.jpeg,vit_b16,16,3407,22.18025,0.1334652,0.21415143,-0.13572626,99.17355371900827
NORMAL/NORMAL-460711-1.jpeg,vit_b16,16,3407,14.239681,0.06797553,-0.25587207,0.5141405,43.388429752066116
NORMAL/NORMAL-460844-1.jpeg,vit_b16,16,3407,16.18852,-0.23576769,0.12420331,-0.44531336,73.55371900826447
NORMAL/NORMAL-466978-1.jpeg,vit_b16,16,3407,18.21261,0.34173518,-0.14319545,-0.24070361,90.49586776859503
NORMAL/NORMAL-469935-1.jpeg,vit_b16,16,3407,16.316093,-0.075975135,0.03344836,-0.6004737,75.6198347107438
NORMAL/NORMAL-4761187-1.jpeg,vit_b16,16,3407,12.739392,-0.46807218,-0.38126487,0.2588573,17.768595041322314
NORMAL/NORMAL-4790999-1.jpeg,vit_b16,16,3407,14.959183,0.051451206,-0.2674853,0.17580259,57.85123966942148
NORMAL/NORMAL-48053-1.jpeg,vit_b16,16,3407,18.059422,-0.20661266,0.27615803,-0.6195203,89.25619834710744
NORMAL/NORMAL-4839633-1.jpeg,vit_b16,16,3407,13.554174,-0.07175894,0.2742508,-0.09599148,30.165289256198346
NORMAL/NORMAL-486271-1.jpeg,vit_b16,16,3407,18.191154,-0.15458545,-0.04355846,-0.5202083,90.08264462809917
NORMAL/NORMAL-508852-1.jpeg,vit_b16,16,3407,17.949654,-0.12758318,0.016115775,-0.60727394,88.42975206611571
NORMAL/NORMAL-508852-2.jpeg,vit_b16,16,3407,15.917168,-0.12017365,0.18426664,-0.616966,71.900826446281
NORMAL/NORMAL-519372-1.jpeg,vit_b16,16,3407,15.518306,-0.24995124,-0.074733146,0.015273843,66.11570247933885
NORMAL/NORMAL-524640-1.jpeg,vit_b16,16,3407,14.902527,-0.05360949,0.048840694,0.15910783,55.78512396694215
NORMAL/NORMAL-544457-1.jpeg,vit_b16,16,3407,14.155906,0.018606547,-0.02530925,0.60449314,42.14876033057851
NORMAL/NORMAL-544711-1.jpeg,vit_b16,16,3407,20.403896,-0.29109713,-0.14177532,-0.6516192,95.86776859504133
NORMAL/NORMAL-547422-1.jpeg,vit_b16,16,3407,14.955207,0.10559432,-0.41211277,-0.43147463,57.438016528925615
NORMAL/NORMAL-547422-2.jpeg,vit_b16,16,3407,17.637436,-0.039495658,-0.4995407,-0.3274241,86.77685950413223
NORMAL/NORMAL-549356-1.jpeg,vit_b16,16,3407,14.303872,0.36171517,-0.37377962,0.028548734,45.04132231404959
NORMAL/NORMAL-549356-2.jpeg,vit_b16,16,3407,15.928344,0.0053182933,0.58379376,-0.42246795,72.31404958677686
NORMAL/NORMAL-549356-3.jpeg,vit_b16,16,3407,12.816519,-0.10401764,-0.31076655,-0.49807185,19.421487603305785
NORMAL/NORMAL-552739-1.jpeg,vit_b16,16,3407,15.915876,-0.08869988,-0.11066982,-0.6830901,71.48760330578511
NORMAL/NORMAL-557437-1.jpeg,vit_b16,16,3407,13.52376,-0.22024742,-0.20995727,-0.7648508,29.75206611570248
NORMAL/NORMAL-557437-2.jpeg,vit_b16,16,3407,12.182519,-0.34251967,-0.6418792,0.040389083,10.743801652892563
NORMAL/NORMAL-565818-1.jpeg,vit_b16,16,3407,13.059822,-0.32903424,0.10192154,-0.53651893,22.727272727272727
NORMAL/NORMAL-566040-1.jpeg,vit_b16,16,3407,15.63197,0.057724148,0.4594113,-0.5223528,67.76859504132231
NORMAL/NORMAL-568518-1.jpeg,vit_b16,16,3407,14.492329,0.24950585,-0.5268425,0.09559158,47.5206611570248
NORMAL/NORMAL-568518-2.jpeg,vit_b16,16,3407,15.502004,0.09797446,-0.43992153,-0.1823344,65.70247933884298
NORMAL/NORMAL-571157-1.jpeg,vit_b16,16,3407,13.345142,0.1430663,0.71518195,-0.045573045,26.446280991735538
NORMAL/NORMAL-571484-1.jpeg,vit_b16,16,3407,16.048586,-0.42300975,0.166302,-0.6701746,73.14049586776859
NORMAL/NORMAL-572972-1.jpeg,vit_b16,16,3407,14.973381,0.004126874,-0.40235066,0.48681825,59.09090909090909
NORMAL/NORMAL-574089-1.jpeg,vit_b16,16,3407,16.963696,-0.1190629,0.32845113,-0.38503712,80.16528925619835
NORMAL/NORMAL-582215-1.jpeg,vit_b16,16,3407,20.805193,0.052757945,0.079278186,0.37736437,97.10743801652893
NORMAL/NORMAL-588227-1.jpeg,vit_b16,16,3407,14.995468,-0.34344685,-0.65366983,-0.09817137,60.33057851239669
NORMAL/NORMAL-60471-1.jpeg,vit_b16,16,3407,14.3039255,0.11923571,0.584787,0.32374954,45.45454545454545
NORMAL/NORMAL-605310-1.jpeg,vit_b16,16,3407,16.319145,-0.2799595,-0.049805656,-0.48529115,76.03305785123968
NORMAL/NORMAL-626127-1.jpeg,vit_b16,16,3407,11.650148,-0.22515172,-0.36798748,-0.38023895,6.6115702479338845
NORMAL/NORMAL-628048-1.jpeg,vit_b16,16,3407,11.319673,-0.46004862,-0.097491756,-0.62316024,3.71900826446281
NORMAL/NORMAL-629493-1.jpeg,vit_b16,16,3407,12.581507,-0.3786884,-0.50042367,-0.015740696,15.702479338842975
NORMAL/NORMAL-651257-1.jpeg,vit_b16,16,3407,17.11932,-0.2699926,-0.06393704,-0.70243895,81.40495867768594
NORMAL/NORMAL-655117-1.jpeg,vit_b16,16,3407,14.826264,-0.16167456,0.534361,-0.33005214,54.54545454545454
NORMAL/NORMAL-655447-1.jpeg,vit_b16,16,3407,15.587732,-0.17134726,0.025869181,-0.7435211,67.35537190082644
NORMAL/NORMAL-664536-1.jpeg,vit_b16,16,3407,13.469316,-0.15809043,-0.46577117,0.55286205,28.09917355371901
NORMAL/NORMAL-66515-1.jpeg,vit_b16,16,3407,12.562496,-0.3108741,-0.43327567,-0.68898606,14.049586776859504
NORMAL/NORMAL-672619-1.jpeg,vit_b16,16,3407,12.338961,-0.35854676,-0.3579064,0.11332043,11.983471074380166
NORMAL/NORMAL-692554-1.jpeg,vit_b16,16,3407,11.22278,-0.13631348,-0.47046432,-0.5834122,3.3057851239669422
NORMAL/NORMAL-693575-1.jpeg,vit_b16,16,3407,16.919397,-0.08406028,0.24640444,-0.46017036,79.75206611570248
NORMAL/NORMAL-697826-1.jpeg,vit_b16,16,3407,18.450819,-0.15053564,-0.21572055,0.6376234,91.73553719008265
NORMAL/NORMAL-744709-1.jpeg,vit_b16,16,3407,14.796233,-0.27801156,-0.35554695,-0.55342567,54.132231404958674
NORMAL/NORMAL-755659-1.jpeg,vit_b16,16,3407,15.291086,-0.015362263,-0.17897406,-0.40542406,64.0495867768595
NORMAL/NORMAL-758272-1.jpeg,vit_b16,16,3407,19.925842,0.26320836,-0.15717131,-0.48880517,93.80165289256198
NORMAL/NORMAL-76914-1.jpeg,vit_b16,16,3407,12.365592,-0.16857524,-0.36607164,-0.4958976,12.396694214876034
NORMAL/NORMAL-772481-1.jpeg,vit_b16,16,3407,14.662196,-0.077936225,-0.26128912,-0.31442195,50.82644628099173
NORMAL/NORMAL-84466-1.jpeg,vit_b16,16,3407,14.977319,0.03255898,-0.47199398,0.061429426,59.50413223140496
NORMAL/NORMAL-85367-1.jpeg,vit_b16,16,3407,14.01224,-0.10573595,-0.32649752,-0.40740365,38.429752066115704
NORMAL/NORMAL-9251-1.jpeg,vit_b16,16,3407,16.33072,0.10196154,-0.3261803,-0.54716146,76.85950413223141
NORMAL/NORMAL-98720-1.jpeg,vit_b16,16,3407,14.764601,0.049743995,0.017877359,-0.50504136,52.47933884297521
NORMAL/NORMAL-1017237-1.jpeg,resnet_baseline,17,3407,4.0412335,-0.40385994,-0.07837633,-0.42646283,54.58333333333333
NORMAL/NORMAL-101880-1.jpeg,resnet_baseline,17,3407,5.2429595,-0.49912152,-0.12574886,-0.53261423,86.25
NORMAL/NORMAL-1025847-1.jpeg,resnet_baseline,17,3407,4.0030246,-0.35630354,-0.66477954,0.026429525,52.083333333333336
NORMAL/NORMAL-1038998-1.jpeg,resnet_baseline,17,3407,3.8820596,-0.45283896,-0.73504275,-0.102146186,43.333333333333336
NORMAL/NORMAL-1042462-1.jpeg,resnet_baseline,17,3407,3.4918323,0.39378297,0.029380947,0.5230575,26.666666666666668
NORMAL/NORMAL-1058176-1.jpeg,resnet_baseline,17,3407,2.658031,-0.54234457,-0.73610276,-0.22409384,1.6666666666666667
NORMAL/NORMAL-1063128-1.jpeg,resnet_baseline,17,3407,3.694766,-0.59221375,-0.29360858,-0.5782495,35.833333333333336
NORMAL/NORMAL-1073137-1.jpeg,resnet_baseline,17,3407,4.816288,-0.28274006,-0.6387361,0.093860105,78.75
NORMAL/NORMAL-1081406-1.jpeg,resnet_baseline,17,3407,3.3830843,0.38033345,0.66914874,0.054008108,18.75
NORMAL/NORMAL-112928-1.jpeg,resnet_baseline,17,3407,3.4718962,-0.14213423,-0.5638485,0.20040607,25.833333333333336
NORMAL/NORMAL-119840-1.jpeg,resnet_baseline,17,3407,4.258781,0.32162663,0.17622349,0.47033155,64.58333333333334
NORMAL/NORMAL-12494-1.jpeg,resnet_baseline,17,3407,3.9984524,-0.09924939,0.30815277,-0.5833732,50.416666666666664
NORMAL/NORMAL-12494-2.jpeg,resnet_baseline,17,3407,3.4495502,-0.39812335,-0.6959297,-0.043069437,24.166666666666668
NORMAL/NORMAL-12494-3.jpeg,resnet_baseline,17,3407,2.7297156,-0.34499347,-0.63384885,0.048063837,2.083333333333333
NORMAL/NORMAL-12494-4.jpeg,resnet_baseline,17,3407,3.6486259,-0.07105322,-0.5197611,0.2928412,32.916666666666664
NORMAL/NORMAL-12494-5.jpeg,resnet_baseline,17,3407,4.249959,0.04106867,-0.47123617,0.4215271,63.33333333333333
NORMAL/NORMAL-133321-1.jpeg,resnet_baseline,17,3407,3.490257,-0.37491298,0.08299449,-0.61684775,26.25
NORMAL/NORMAL-138971-1.jpeg,resnet_baseline,17,3407,4.402614,-0.5631381,-0.53866,-0.3592957,68.33333333333333
NORMAL/NORMAL-15208-1.jpeg,resnet_baseline,17,3407,3.8193662,-0.3801753,0.13377342,-0.5841141,40.0
NORMAL/NORMAL-15307-1.jpeg,resnet_baseline,17,3407,4.677211,0.12155041,0.632754,-0.2538507,75.41666666666667
NORMAL/NORMAL-153950-1.jpeg,resnet_baseline,17,3407,3.2201273,-0.6009327,-0.47746214,-0.50268525,12.083333333333334
NORMAL/NORMAL-1746717-1.jpeg,resnet_baseline,17,3407,6.56726,-0.49357536,-0.46134597,-0.2756682,93.33333333333333
NORMAL/NORMAL-1759350-1.jpeg,resnet_baseline,17,3407,4.495378,-0.12555157,-0.5535345,0.26525366,72.08333333333333
NORMAL/NORMAL-1781140-1.jpeg,resnet_baseline,17,3407,3.8886013,-0.5127456,-0.6542165,-0.3228569,44.166666666666664
NORMAL/NORMAL-1791409-1.jpeg,resnet_baseline,17,3407,3.0238147,-0.22900924,0.32957366,-0.40146273,6.25
NORMAL/NORMAL-1831654-1.jpeg,resnet_baseline,17,3407,4.8986692,-0.29244313,-0.67999977,0.02420995,80.41666666666667
NORMAL/NORMAL-1853526-1.jpeg,resnet_baseline,17,3407,4.4878073,0.2293575,-0.22573645,0.5379095,70.83333333333334
NORMAL/NORMAL-1860310-1.jpeg,resnet_baseline,17,3407,2.9437888,-0.6193836,-0.6035247,-0.46910977,5.0
NORMAL/NORMAL-1897894-1.jpeg,resnet_baseline,17,3407,4.9901342,-0.44517243,-0.05908982,-0.4814506,82.91666666666667
NORMAL/NORMAL-1908313-1.jpeg,resnet_baseline,17,3407,3.0438597,-0.16893852,-0.6033039,0.19876263,7.5
NORMAL/NORMAL-1951042-1.jpeg,resnet_baseline,17,3407,4.5474405,-0.21958569,-0.59872806,0.15529825,72.91666666666666
NORMAL/NORMAL-1957379-1.jpeg,resnet_baseline,17,3407,3.7242372,-0.4324479,-0.031538107,-0.582559,37.5
NORMAL/NORMAL-197082-1.jpeg,resnet_baseline,17,3407,3.7245703,0.43883333,0.32530522,0.44154233,37.916666666666664
NORMAL/NORMAL-1983894-1.jpeg,resnet_baseline,17,3407,4.1524715,0.08160582,-0.10125672,0.006519839,59.166666666666664
NORMAL/NORMAL-1988065-1.jpeg,resnet_baseline,17,3407,3.9055753,-0.5823761,-0.60981524,-0.4191042,45.416666666666664
NORMAL/NORMAL-1989796-1.jpeg,resnet_baseline,17,3407,5.8292985,0.15423417,-0.46568722,0.1007315,89.16666666666667
NORMAL/NORMAL-1998191-1.jpeg,resnet_baseline,17,3407,4.2525196,-0.52526855,-0.21416038,-0.567407,63.74999999999999
NORMAL/NORMAL-2010714-1.jpeg,resnet_baseline,17,3407,3.8594084,-0.6519278,-0.22574368,-0.71524507,42.083333333333336
NORMAL/NORMAL-2011412-1.jpeg,resnet_baseline,17,3407,2.8829184,-0.5857399,-0.48831907,-0.4502073,3.3333333333333335
NORMAL/NORMAL-2019006-1.jpeg,resnet_baseline,17,3407,3.4136643,0.36118108,0.4462062,0.255776,21.666666666666668
NORMAL/NORMAL-2019423-1.jpeg,resnet_baseline,17,3407,3.8922522,-0.12724163,-0.51670706,0.23873074,44.583333333333336
NORMAL/NORMAL-2055634-1.jpeg,resnet_baseline,17,3407,4.020849,0.01659213,0.58423436,-0.29791987,54.166666666666664
NORMAL/NORMAL-2059629-1.jpeg,resnet_baseline,17,3407,4.477121,0.4776813,0.48280227,0.3730909,70.41666666666667
NORMAL/NORMAL-2075832-1.jpeg,resnet_baseline,17,3407,11.683701,0.49841392,-0.13295145,0.2694875,100.0
NORMAL/NORMAL-2082689-1.jpeg,resnet_baseline,17,3407,3.39984,-0.38424045,0.09371714,-0.583019,19.166666666666668
NORMAL/NORMAL-2095710-1.jpeg,resnet_baseline,17,3407,4.7010016,-0.4981013,-0.6713738,-0.19353467,76.25
NORMAL/NORMAL-2113822-1.jpeg,resnet_baseline,17,3407,3.3093367,-0.29957667,0.15669122,-0.37067294,15.833333333333332
NORMAL/NORMAL-2120559-1.jpeg,resnet_baseline,17,3407,4.8365855,-0.36919206,0.03132517,-0.5712558,80.0
NORMAL/NORMAL-2120559-2.jpeg,resnet_baseline,17,3407,5.939209,-0.421656,-0.010703131,-0.51787865,89.58333333333334
NORMAL/NORMAL-2120559-3.jpeg,resnet_baseline,17,3407,6.5859494,-0.3081134,-0.4631292,-0.26660436,93.75
NORMAL/NORMAL-2126186-1.jpeg,resnet_baseline,17,3407,3.1537554,-0.0909338,0.5219046,-0.40919003,10.833333333333334
NORMAL/NORMAL-2131138-1.jpeg,resnet_baseline,17,3407,3.3113935,-0.54353684,-0.4802785,-0.46733844,16.25
NORMAL/NORMAL-2158556-1.jpeg,resnet_baseline,17,3407,3.6638215,-0.5665001,-0.61541003,-0.32474867,34.166666666666664
NORMAL/NORMAL-2167295-1.jpeg,resnet_baseline,17,3407,4.2667003,-0.5284834,-0.74678695,-0.20367555,65.0
NORMAL/NORMAL-2181272-1.jpeg,resnet_baseline,17,3407,8.467593,-0.49814385,-0.534392,-0.22621757,98.33333333333333
NORMAL/NORMAL-2192790-1.jpeg,resnet_baseline,17,3407,4.1604533,-0.4349396,-0.037089452,-0.5941994,60.0
NORMAL/NORMAL-2197972-1.jpeg,resnet_baseline,17,3407,3.9995358,-0.018257134,0.4750257,-0.43342257,50.83333333333333
NORMAL/NORMAL-2226488-1.jpeg,resnet_baseline,17,3407,6.0795026,0.05670126,0.46530142,-0.031008396,91.25
NORMAL/NORMAL-2231056-1.jpeg,resnet_baseline,17,3407,4.7097325,-0.57747626,-0.6119305,-0.37333283,76.66666666666667
NORMAL/NORMAL-223814-1.jpeg,resnet_baseline,17,3407,6.5596695,-0.4024887,0.030350849,-0.51824236,92.91666666666667
NORMAL/NORMAL-2244950-1.jpeg,resnet_baseline,17,3407,4.018986,-0.46335757,-0.7026558,-0.1478699,53.75
NORMAL/NORMAL-2287992-1.jpeg,resnet_baseline,17,3407,3.4023886,-0.19176406,0.3587183,-0.4866587,20.416666666666668
NORMAL/NORMAL-2305502-1.jpeg,resnet_baseline,17,3407,6.1698236,-0.37171865,-0.29392216,-0.09889331,91.66666666666666
NORMAL/NORMAL-2312921-1.jpeg,resnet_baseline,17,3407,4.1379967,0.2738871,0.65102184,-0.09962775,58.75
NORMAL/NORMAL-2316423-1.jpeg,resnet_baseline,17,3407,5.067804,-0.5098214,-0.6719245,-0.25943446,84.58333333333333
NORMAL/NORMAL-2335256-1.jpeg,resnet_baseline,17,3407,3.6944005,-0.36105365,0.14870031,-0.63194907,35.41666666666667
NORMAL/NORMAL-2342517-1.jpeg,resnet_baseline,17,3407,6.588329,-0.5398909,-0.43263966,-0.25521645,94.16666666666667
NORMAL/NORMAL-2350851-1.jpeg,resnet_baseline,17,3407,3.5635357,-0.59255666,-0.52349406,-0.48148358,30.0
NORMAL/NORMAL-2351012-1.jpeg,resnet_baseline,17,3407,4.358113,0.22898054,0.6721395,-0.13800213,67.5
NORMAL/NORMAL-2362579-1.jpeg,resnet_baseline,17,3407,3.6263812,-0.35454142,-0.6518831,-0.18016478,31.666666666666664
NORMAL/NORMAL-2366700-1.jpeg,resnet_baseline,17,3407,3.6974251,-0.3487063,-0.6871784,0.008384001,36.25
NORMAL/NORMAL-2373878-1.jpeg,resnet_baseline,17,3407,2.5866554,-0.4041801,-0.69036454,-0.18940493,1.25
NORMAL/NORMAL-2377429-1.jpeg,resnet_baseline,17,3407,3.2200043,-0.068475105,-0.11304916,0.048061255,11.666666666666666
NORMAL/NORMAL-2392366-1.jpeg,resnet_baseline,17,3407,2.936427,-0.35048932,-0.7013886,-0.012760658,4.583333333333333
NORMAL/NORMAL-2397754-1.jpeg,resnet_baseline,17,3407,4.418735,-0.56829447,-0.47691232,-0.4561355,69.16666666666667
NORMAL/NORMAL-2403175-1.jpeg,resnet_baseline,17,3407,5.0319633,0.3312456,0.5257818,0.034531306,83.75
NORMAL/NORMAL-2416187-1.jpeg,resnet_baseline,17,3407,4.4947414,-0.13485642,0.390549,-0.43952543,71.66666666666667
NORMAL/NORMAL-2421067-1.jpeg,resnet_baseline,17,3407,3.912308,-0.5958469,-0.50666845,-0.44427603,45.83333333333333
NORMAL/NORMAL-2424949-1.jpeg,resnet_baseline,17,3407,3.789494,-0.65627646,-0.31717148,-0.59448826,39.58333333333333
NORMAL/NORMAL-2434258-1.jpeg,resnet_baseline,17,3407,3.5159106,-0.50124836,-0.7307898,-0.20335886,27.916666666666668
NORMAL/NORMAL-2436365-1.jpeg,resnet_baseline,17,3407,4.4760613,-0.55521846,-0.64566255,-0.36961162,70.0
NORMAL/NORMAL-2448954-1.jpeg,resnet_baseline,17,3407,3.9384017,-0.60718,-0.38627675,-0.5495804,46.25
NORMAL/NORMAL-2459401-1.jpeg,resnet_baseline,17,3407,4.685079,-0.5092493,-0.3517149,-0.5182022,75.83333333333333
NORMAL/NORMAL-2460548-1.jpeg,resnet_baseline,17,3407,2.9459314,-0.40319255,-0.27699643,-0.27386248,5.416666666666667
NORMAL/NORMAL-2476896-1.jpeg,resnet_baseline,17,3407,4.0749774,-0.26226187,-0.66606855,0.11957404,56.25
NORMAL/NORMAL-2493975-1.jpeg,resnet_baseline,17,3407,3.131941,-0.6816869,-0.5714842,-0.60715693,10.416666666666668
NORMAL/NORMAL-2504667-1.jpeg,resnet_baseline,17,3407,3.6512723,-0.44519827,-0.004401274,-0.62294567,33.33333333333333
NORMAL/NORMAL-2509453-1.jpeg,resnet_baseline,17,3407,6.030857,-0.26293206,0.1920106,-0.40173215,90.41666666666667
NORMAL/NORMAL-2517546-1.jpeg,resnet_baseline,17,3407,4.9336996,-0.27290487,0.1479473,-0.36147904,82.5
NORMAL/NORMAL-2549549-1.jpeg,resnet_baseline,17,3407,3.4215536,-0.5325198,-0.19555031,-0.58355004,23.333333333333332
NORMAL/NORMAL-2551333-1.jpeg,resnet_baseline,17,3407,3.6295588,-0.55586886,-0.3158157,-0.59184015,32.083333333333336
NORMAL/NORMAL-2569106-1.jpeg,resnet_baseline,17,3407,5.3550673,-0.43754792,-0.6443685,-0.11336385,86.66666666666667
NORMAL/NORMAL-2570020-1.jpeg,resnet_baseline,17,3407,3.4211705,-0.5785345,-0.62727165,-0.39527702,22.916666666666664
NORMAL/NORMAL-2579419-1.jpeg,resnet_baseline,17,3407,3.449695,-0.27034715,-0.67435145,0.050215583,24.583333333333332
NORMAL/NORMAL-2598368-1.jpeg,resnet_baseline,17,3407,3.0855012,-0.63769144,-0.593104,-0.43605232,9.166666666666666
NORMAL/NORMAL-2602596-1.jpeg,resnet_baseline,17,3407,5.140532,-0.3231922,0.23334144,-0.55009013,85.41666666666666
NORMAL/NORMAL-2627129-1.jpeg,resnet_baseline,17,3407,3.2305043,0.1847293,0.6599575,-0.17676833,12.5
NORMAL/NORMAL-2633503-1.jpeg,resnet_baseline,17,3407,5.410334,-0.20657827,0.30145967,-0.5043094,87.08333333333333
NORMAL/NORMAL-2636641-1.jpeg,resnet_baseline,17,3407,4.004493,-0.3156842,-0.579411,-0.105547115,52.5
NORMAL/NORMAL-2665491-1.jpeg,resnet_baseline,17,3407,3.0331328,0.09763663,0.4982476,-0.26458344,6.666666666666667
NORMAL/NORMAL-269181-1.jpeg,resnet_baseline,17,3407,4.309565,-0.16438025,-0.474297,-0.09950082,65.83333333333333
NORMAL/NORMAL-2705520-1.jpeg,resnet_baseline,17,3407,3.0761805,-0.03513031,-0.38622352,0.29284245,8.75
NORMAL/NORMAL-2709055-1.jpeg,resnet_baseline,17,3407,3.751853,-0.42863798,0.063224725,-0.56039417,38.333333333333336
NORMAL/NORMAL-2733663-1.jpeg,resnet_baseline,17,3407,4.4084463,-0.15272518,-0.4067766,-0.036432803,68.75
NORMAL/NORMAL-2739821-1.jpeg,resnet_baseline,17,3407,3.3135338,-0.7463322,-0.7065249,-0.5345935,16.666666666666664
NORMAL/NORMAL-2769622-1.jpeg,resnet_baseline,17,3407,4.327069,-0.22354974,-0.53415877,0.13909668,67.08333333333333
NORMAL/NORMAL-2769622-2.jpeg,resnet_baseline,17,3407,4.55087,0.27130103,0.73268855,-0.12562081,73.33333333333333
NORMAL/NORMAL-279206-1.jpeg,resnet_baseline,17,3407,4.171311,-0.6285016,-0.26536602,-0.6181096,60.416666666666664
NORMAL/NORMAL-283376-1.jpeg,resnet_baseline,17,3407,3.3068397,-0.23124568,-0.50856894,0.14980455,15.416666666666668
NORMAL/NORMAL-285896-1.jpeg,resnet_baseline,17,3407,3.0976713,-0.17873809,-0.52119803,0.1521639,9.583333333333334
NORMAL/NORMAL-2973935-1.jpeg,resnet_baseline,17,3407,2.547812,0.273639,0.24564624,0.23119517,0.8333333333333334
NORMAL/NORMAL-3059523-1.jpeg,resnet_baseline,17,3407,3.5202599,-0.37774584,-0.7351123,-0.04255165,29.166666666666668
NORMAL/NORMAL-307151-1.jpeg,resnet_baseline,17,3407,4.5565124,-0.44774264,-0.7317506,-0.14434782,74.58333333333333
NORMAL/NORMAL-307151-2.jpeg,resnet_baseline,17,3407,3.4600117,-0.43717188,0.04675344,-0.597044,25.0
NORMAL/NORMAL-3077276-1.jpeg,resnet_baseline,17,3407,3.64635,-0.062059756,-0.47554326,0.34399018,32.5
NORMAL/NORMAL-3100637-1.jpeg,resnet_baseline,17,3407,4.444426,0.23097277,-0.17863904,0.52458245,69.58333333333333
NORMAL/NORMAL-3103940-1.jpeg,resnet_baseline,17,3407,3.1577191,0.3639312,0.5257537,0.114277035,11.25
NORMAL/NORMAL-3108564-1.jpeg,resnet_baseline,17,3407,3.4008288,-0.5781853,-0.61085963,-0.36120164,20.0
NORMAL/NORMAL-3134896-1.jpeg,resnet_baseline,17,3407,3.2962155,-0.5714391,-0.16383475,-0.70034754,14.583333333333334
NORMAL/NORMAL-3166591-1.jpeg,resnet_baseline,17,3407,4.0048647,-0.6195147,-0.5855906,-0.47033212,52.916666666666664
NORMAL/NORMAL-3220509-1.jpeg,resnet_baseline,17,3407,3.370079,-0.54110014,-0.5907933,-0.19917803,18.333333333333332
NORMAL/NORMAL-3244919-1.jpeg,resnet_baseline,17,3407,3.8791292,-0.58692944,-0.5356691,-0.43845385,42.5
NORMAL/NORMAL-3256489-1.jpeg,resnet_baseline,17,3407,4.82525,-0.48157707,-0.12568027,-0.6286982,79.58333333333333
NORMAL/NORMAL-3277704-1.jpeg,resnet_baseline,17,3407,6.7731223,-0.49235648,-0.36614782,-0.33445987,95.0
NORMAL/NORMAL-3300015-1.jpeg,resnet_baseline,17,3407,4.2366004,-0.55425024,-0.3485698,-0.49638999,62.916666666666664
NORMAL/NORMAL-3307598-1.jpeg,resnet_baseline,17,3407,3.8426516,-0.38577765,0.12120089,-0.57705903,40.416666666666664
NORMAL/NORMAL-3307598-2.jpeg,resnet_baseline,17,3407,3.4952693,-0.6254937,-0.6461855,-0.3491851,27.083333333333332
NORMAL/NORMAL-3308307-1.jpeg,resnet_baseline,17,3407,3.9800646,-0.24553843,-0.60605717,0.1421377,50.0
NORMAL/NORMAL-330905-1.jpeg,resnet_baseline,17,3407,3.9746418,-0.04208149,-0.5064281,0.32385164,48.75
NORMAL/NORMAL-3320960-1.jpeg,resnet_baseline,17,3407,3.5200877,-0.024687033,-0.40888977,0.2465861,28.749999999999996
NORMAL/NORMAL-3326661-1.jpeg,resnet_baseline,17,3407,3.8822677,-0.5684251,-0.522644,-0.34833437,43.75
NORMAL/NORMAL-3330006-1.jpeg,resnet_baseline,17,3407,7.609977,-0.13786891,-0.34995282,0.18302439,96.66666666666667
NORMAL/NORMAL-3332063-1.jpeg,resnet_baseline,17,3407,4.0478225,0.051507283,-0.29466674,0.33330163,55.41666666666667
NORMAL/NORMAL-33350-1.jpeg,resnet_baseline,17,3407,3.96561,-0.24661136,0.2721187,-0.516875,47.91666666666667
NORMAL/NORMAL-33350-2.jpeg,resnet_baseline,17,3407,4.155135,-0.2594205,0.26188216,-0.51831603,59.583333333333336
NORMAL/NORMAL-33350-3.jpeg,resnet_baseline,17,3407,4.819488,0.32633263,0.56527174,-0.0001393822,79.16666666666666
NORMAL/NORMAL-3340309-1.jpeg,resnet_baseline,17,3407,4.2243214,-0.46620724,-0.49396616,-0.4690816,62.083333333333336
NORMAL/NORMAL-3346049-1.jpeg,resnet_baseline,17,3407,3.683977,-0.57311773,-0.29721412,-0.609112,35.0
NORMAL/NORMAL-3347645-1.jpeg,resnet_baseline,17,3407,3.4103487,0.17405973,-0.25051522,0.30751333,20.833333333333336
NORMAL/NORMAL-3354044-1.jpeg,resnet_baseline,17,3407,5.43068,-0.58326375,-0.43065143,-0.44884938,87.5
NORMAL/NORMAL-3361560-1.jpeg,resnet_baseline,17,3407,3.7124403,-0.57479596,-0.39452928,-0.51495945,36.666666666666664
NORMAL/NORMAL-3361750-1.jpeg,resnet_baseline,17,3407,4.9331546,-0.33357203,0.107476726,-0.55386657,82.08333333333333
NORMAL/NORMAL-33637-1.jpeg,resnet_baseline,17,3407,4.314206,-0.5685006,-0.41996908,-0.39184794,66.66666666666666
NORMAL/NORMAL-3373954-1.jpeg,resnet_baseline,17,3407,5.47708,-0.57292444,-0.3777722,-0.47871968,87.91666666666667
NORMAL/NORMAL-3380901-1.jpeg,resnet_baseline,17,3407,6.6966968,-0.18816528,0.06394332,-0.13104343,94.58333333333333
NORMAL/NORMAL-338568-1.jpeg,resnet_baseline,17,3407,3.0342355,0.12263875,-0.17669225,0.33131692,7.083333333333333
NORMAL/NORMAL-3390782-1.jpeg,resnet_baseline,17,3407,3.283952,-0.25160658,-0.6692747,0.12277994,14.166666666666666
NORMAL/NORMAL-3398969-1.jpeg,resnet_baseline,17,3407,6.0300436,-0.50073916,-0.6522969,-0.27939773,90.0
NORMAL/NORMAL-3399839-1.jpeg,resnet_baseline,17,3407,4.296792,0.37400648,0.5857314,0.1943659,65.41666666666667
NORMAL/NORMAL-3416330-1.jpeg,resnet_baseline,17,3407,3.400146,-0.5828198,-0.61165285,-0.403312,19.583333333333332
NORMAL/NORMAL-3431386-1.jpeg,resnet_baseline,17,3407,2.890934,-0.53850865,-0.6681326,-0.24116299,3.75
NORMAL/NORMAL-3451887-1.jpeg,resnet_baseline,17,3407,4.5531917,-0.5038532,-0.6143831,-0.20108831,73.75
NORMAL/NORMAL-3465750-1.jpeg,resnet_baseline,17,3407,3.4611669,-0.6055199,-0.6161177,-0.4278524,25.416666666666664
NORMAL/NORMAL-3466714-1.jpeg,resnet_baseline,17,3407,4.3102155,-0.26791045,0.16496804,-0.5242696,66.25
NORMAL/NORMAL-3475211-1.jpeg,resnet_baseline,17,3407,3.420301,0.30052948,0.46002945,0.124807656,22.5
NORMAL/NORMAL-348347-1.jpeg,resnet_baseline,17,3407,3.516672,0.008338023,-0.46301037,0.3344323,28.333333333333332
NORMAL/NORMAL-349021-1.jpeg,resnet_baseline,17,3407,3.255602,-0.31928492,-0.6912761,0.058010675,13.750000000000002
NORMAL/NORMAL-351109-1.jpeg,resnet_baseline,17,3407,10.724782,-0.16371608,-0.42453265,0.18606567,99.58333333333333
NORMAL/NORMAL-351109-2.jpeg,resnet_baseline,17,3407,2.981569,-0.55440307,-0.50987434,-0.31083313,5.833333333333333
NORMAL/NORMAL-3531215-1.jpeg,resnet_baseline,17,3407,3.976238,-0.4017667,-0.32810748,-0.3306511,49.583333333333336
NORMAL/NORMAL-3538316-1.jpeg,resnet_baseline,17,3407,3.301965,-0.5547372,-0.20604834,-0.50150406,15.0
NORMAL/NORMAL-3561306-1.jpeg,resnet_baseline,17,3407,2.4003596,-0.6231088,-0.68161064,-0.37128773,0.4166666666666667
NORMAL/NORMAL-3561306-2.jpeg,resnet_baseline,17,3407,3.1104527,-0.5860779,-0.6549861,-0.33358145,10.0
NORMAL/NORMAL-366503-1.jpeg,resnet_baseline,17,3407,4.540598,-0.529245,-0.39903688,-0.5214467,72.5
NORMAL/NORMAL-366503-2.jpeg,resnet_baseline,17,3407,8.002496,0.30890822,-0.14001462,0.66152704,97.91666666666666
NORMAL/NORMAL-36734-1.jpeg,resnet_baseline,17,3407,3.0626767,-0.65621024,-0.7114487,-0.51805216,8.333333333333332
NORMAL/NORMAL-37818-1.jpeg,resnet_baseline,17,3407,3.9706564,-0.18336673,-0.5689486,0.17762825,48.333333333333336
NORMAL/NORMAL-395557-1.jpeg,resnet_baseline,17,3407,3.6197639,-0.4069821,-0.71435636,-0.12476966,31.25
NORMAL/NORMAL-402066-1.jpeg,resnet_baseline,17,3407,4.7294707,-0.3824229,0.067285374,-0.5544507,77.5
NORMAL/NORMAL-402066-2.jpeg,resnet_baseline,17,3407,4.5564733,0.23630217,-0.1765576,0.46888018,74.16666666666667
NORMAL/NORMAL-402066-3.jpeg,resnet_baseline,17,3407,3.9452565,-0.48007163,-0.56177354,-0.21101841,47.5
NORMAL/NORMAL-402066-4.jpeg,resnet_baseline,17,3407,3.849864,-0.2193918,0.30116588,-0.50837624,41.25
NORMAL/NORMAL-402066-5.jpeg,resnet_baseline,17,3407,3.6561065,0.26320273,-0.03729131,0.4084551,33.75
NORMAL/NORMAL-438684-1.jpeg,resnet_baseline,17,3407,3.8930833,-0.45537776,-0.72393304,-0.11100744,45.0
NORMAL/NORMAL-438684-2.jpeg,resnet_baseline,17,3407,4.0414376,-0.25503364,-0.65240407,0.108260594,55.00000000000001
NORMAL/NORMAL-438684-3.jpeg,resnet_baseline,17,3407,3.7183003,-0.4064033,-0.75197315,-0.064702734,37.083333333333336
NORMAL/NORMAL-443980-1.jpeg,resnet_baseline,17,3407,4.7512136,-0.42147607,-0.0018234001,-0.59075415,77.91666666666667
NORMAL/NORMAL-446851-1.jpeg,resnet_baseline,17,3407,4.8030844,0.39725712,0.64856577,-0.0011368659,78.33333333333333
NORMAL/NORMAL-446851-2.jpeg,resnet_baseline,17,3407,9.194235,0.5672913,0.7400434,0.18149364,99.16666666666667
NORMAL/NORMAL-447690-1.jpeg,resnet_baseline,17,3407,3.6002991,-0.6054847,-0.72445583,-0.3368969,30.833333333333336
NORMAL/NORMAL-447690-2.jpeg,resnet_baseline,17,3407,6.055834,-0.48240316,-0.11622315,-0.5339627,90.83333333333333
NORMAL/NORMAL-450532-1.jpeg,resnet_baseline,17,3407,3.880586,-0.56481117,-0.56401473,-0.3145189,42.916666666666664
NORMAL/NORMAL-450923-1.jpeg,resnet_baseline,17,3407,4.920029,0.47582954,0.2749747,0.5867568,81.25
NORMAL/NORMAL-450923-2.jpeg,resnet_baseline,17,3407,4.1318383,0.16036008,-0.19561325,0.3995924,57.91666666666667
NORMAL/NORMAL-460711-1.jpeg,resnet_baseline,17,3407,4.0093083,-0.4307838,-0.72437596,-0.08807368,53.333333333333336
NORMAL/NORMAL-460844-1.jpeg,resnet_baseline,17,3407,4.8989677,-0.2651837,0.24134743,-0.41662082,80.83333333333333
NORMAL/NORMAL-466978-1.jpeg,resnet_baseline,17,3407,3.250849,-0.19153388,-0.67675424,0.117129035,13.333333333333334
NORMAL/NORMAL-469935-1.jpeg,resnet_baseline,17,3407,4.132122,0.27990082,0.63339573,-0.015695142,58.333333333333336
NORMAL/NORMAL-4761187-1.jpeg,resnet_baseline,17,3407,3.7551656,-0.4099796,-0.6908003,-0.04022896,38.75
NORMAL/NORMAL-4790999-1.jpeg,resnet_baseline,17,3407,3.4120896,-0.5375707,-0.12054342,-0.65018445,21.25
NORMAL/NORMAL-48053-1.jpeg,resnet_baseline,17,3407,3.0496254,-0.10286471,-0.590062,0.22524327,7.916666666666666
NORMAL/NORMAL-4839633-1.jpeg,resnet_baseline,17,3407,4.1946936,-0.5203711,-0.17681888,-0.58950603,61.25000000000001
NORMAL/NORMAL-486271-1.jpeg,resnet_baseline,17,3407,4.256872,-0.17923184,-0.6394343,0.2534696,64.16666666666667
NORMAL/NORMAL-508852-1.jpeg,resnet_baseline,17,3407,5.5196323,-0.4599122,-0.15295997,-0.5868388,88.33333333333333
NORMAL/NORMAL-508852-2.jpeg,resnet_baseline,17,3407,3.8496585,0.14678025,0.13594945,0.19458748,40.833333333333336
NORMAL/NORMAL-519372-1.jpeg,resnet_baseline,17,3407,4.074083,-0.3427444,0.12518503,-0.59706354,55.833333333333336
NORMAL/NORMAL-524640-1.jpeg,resnet_baseline,17,3407,2.9281251,-0.5287583,-0.7590218,-0.21064168,4.166666666666666
NORMAL/NORMAL-544457-1.jpeg,resnet_baseline,17,3407,6.850484,0.4448197,0.1992811,0.55966544,95.83333333333334
NORMAL/NORMAL-544711-1.jpeg,resnet_baseline,17,3407,5.041234,0.06706896,-0.024867963,0.2630344,84.16666666666667
NORMAL/NORMAL-547422-1.jpeg,resnet_baseline,17,3407,5.009379,-0.34828225,-0.6673239,-0.024553616,83.33333333333334
NORMAL/NORMAL-547422-2.jpeg,resnet_baseline,17,3407,4.6139402,-0.47278327,-0.6998415,-0.29457685,75.0
NORMAL/NORMAL-549356-1.jpeg,resnet_baseline,17,3407,4.112517,-0.20441487,-0.6051625,0.17277199,57.08333333333333
NORMAL/NORMAL-549356-2.jpeg,resnet_baseline,17,3407,3.9391353,0.25602606,0.42735195,-0.013715953,46.666666666666664
NORMAL/NORMAL-549356-3.jpeg,resnet_baseline,17,3407,2.828166,-0.18046522,0.2534716,-0.50000656,2.9166666666666665
NORMAL/NORMAL-552739-1.jpeg,resnet_baseline,17,3407,4.0016975,-0.4398023,-0.028300697,-0.5929538,51.66666666666667
NORMAL/NORMAL-557437-1.jpeg,resnet_baseline,17,3407,6.890311,-0.37878233,-0.0049526775,-0.5555196,96.25
NORMAL/NORMAL-557437-2.jpeg,resnet_baseline,17,3407,4.494625,-0.50974417,-0.64671063,-0.22803965,71.25
NORMAL/NORMAL-565818-1.jpeg,resnet_baseline,17,3407,3.7770987,-0.51540065,-0.73122936,-0.17692883,39.166666666666664
NORMAL/NORMAL-566040-1.jpeg,resnet_baseline,17,3407,3.6748548,-0.47224152,-0.49923015,-0.30899188,34.583333333333336
NORMAL/NORMAL-568518-1.jpeg,resnet_baseline,17,3407,7.710828,-0.43558523,-0.1796751,-0.3485098,97.08333333333333
NORMAL/NORMAL-568518-2.jpeg,resnet_baseline,17,3407,6.8302965,0.23682824,-0.21151148,0.12148936,95.41666666666667
NORMAL/NORMAL-571157-1.jpeg,resnet_baseline,17,3407,3.4999516,-0.5557097,-0.23275664,-0.5819214,27.500000000000004
NORMAL/NORMAL-571484-1.jpeg,resnet_baseline,17,3407,4.924527,0.39942825,0.68609434,0.090176985,81.66666666666667
NORMAL/NORMAL-572972-1.jpeg,resnet_baseline,17,3407,3.5354693,-0.3944325,-0.4762416,-0.05906917,29.583333333333332
NORMAL/NORMAL-574089-1.jpeg,resnet_baseline,17,3407,4.226731,-0.3636611,0.12485402,-0.5276662,62.5
NORMAL/NORMAL-582215-1.jpeg,resnet_baseline,17,3407,3.9749284,0.24438854,0.4991753,0.19684502,49.166666666666664
NORMAL/NORMAL-588227-1.jpeg,resnet_baseline,17,3407,6.273635,-0.27700394,-0.6429964,0.061258916,92.5
NORMAL/NORMAL-60471-1.jpeg,resnet_baseline,17,3407,4.194217,0.44666052,0.41291767,0.39068002,60.83333333333333
NORMAL/NORMAL-605310-1.jpeg,resnet_baseline,17,3407,5.136646,-0.3128581,0.23560593,-0.42998198,85.0
NORMAL/NORMAL-626127-1.jpeg,resnet_baseline,17,3407,3.4166772,-0.6151843,-0.70486665,-0.28940427,22.083333333333332
NORMAL/NORMAL-628048-1.jpeg,resnet_baseline,17,3407,4.12002,0.08318068,0.5951117,-0.27248088,57.49999999999999
NORMAL/NORMAL-629493-1.jpeg,resnet_baseline,17,3407,3.9411087,-0.33982325,-0.29312557,-0.1776093,47.083333333333336
NORMAL/NORMAL-651257-1.jpeg,resnet_baseline,17,3407,4.1079435,-0.41706133,-0.76243794,-0.13589302,56.666666666666664
NORMAL/NORMAL-655117-1.jpeg,resnet_baseline,17,3407,5.8133874,-0.17293389,0.3411023,-0.44277126,88.75
NORMAL/NORMAL-655447-1.jpeg,resnet_baseline,17,3407,3.5839696,-0.029649092,0.49700558,-0.35660788,30.416666666666664
NORMAL/NORMAL-664536-1.jpeg,resnet_baseline,17,3407,3.8576534,0.31707126,0.17571542,0.36243325,41.66666666666667
NORMAL/NORMAL-66515-1.jpeg,resnet_baseline,17,3407,3.4448395,-0.30092916,-0.67752254,0.091766424,23.75
NORMAL/NORMAL-672619-1.jpeg,resnet_baseline,17,3407,4.7221146,-0.36828482,-0.6901189,-0.038494714,77.08333333333334
NORMAL/NORMAL-692554-1.jpeg,resnet_baseline,17,3407,3.3649771,-0.5111011,-0.6061964,-0.20836952,17.916666666666668
NORMAL/NORMAL-693575-1.jpeg,resnet_baseline,17,3407,3.347758,-0.38188916,-0.7234861,-0.055990666,17.083333333333332
NORMAL/NORMAL-697826-1.jpeg,resnet_baseline,17,3407,3.23257,0.53162205,0.13419804,0.82438195,12.916666666666668
NORMAL/NORMAL-744709-1.jpeg,resnet_baseline,17,3407,8.594609,-0.32657322,-0.42741436,-0.13434185,98.75
NORMAL/NORMAL-755659-1.jpeg,resnet_baseline,17,3407,5.1453943,0.23953012,0.09553373,0.26123917,85.83333333333333
NORMAL/NORMAL-758272-1.jpeg,resnet_baseline,17,3407,3.9998276,-0.48169014,-0.3877581,-0.5553615,51.24999999999999
NORMAL/NORMAL-76914-1.jpeg,resnet_baseline,17,3407,4.1972456,-0.49153125,-0.22343412,-0.50896394,61.66666666666667
NORMAL/NORMAL-772481-1.jpeg,resnet_baseline,17,3407,3.3477848,-0.6348386,-0.426982,-0.6176102,17.5
NORMAL/NORMAL-84466-1.jpeg,resnet_baseline,17,3407,2.7851522,-0.42256498,0.036743756,-0.64852923,2.5
NORMAL/NORMAL-85367-1.jpeg,resnet_baseline,17,3407,6.1839824,-0.4544328,-0.0870095,-0.53806496,92.08333333333333
NORMAL/NORMAL-9251-1.jpeg,resnet_baseline,17,3407,4.359871,-0.5248983,-0.6650786,-0.30179545,67.91666666666667
NORMAL/NORMAL-98720-1.jpeg,resnet_baseline,17,3407,7.8473997,-0.31216627,-0.041715503,-0.21614861,97.5
NORMAL/NORMAL-1017237-1.jpeg,cbam_resnet,18,3407,4.343871,-0.61115295,-0.6535571,-0.66516703,74.3801652892562
NORMAL/NORMAL-101880-1.jpeg,cbam_resnet,18,3407,3.4061399,-0.44973788,-0.6392225,-0.68219566,32.231404958677686
NORMAL/NORMAL-1025847-1.jpeg,cbam_resnet,18,3407,4.190077,-0.30273128,-0.66558266,-0.58886135,68.18181818181817
NORMAL/NORMAL-1038998-1.jpeg,cbam_resnet,18,3407,4.196791,-0.3231734,-0.7739027,-0.44612733,69.42148760330579
NORMAL/NORMAL-1042462-1.jpeg,cbam_resnet,18,3407,6.196018,0.21572298,-0.47153503,-0.3697489,96.69421487603306
NORMAL/NORMAL-1058176-1.jpeg,cbam_resnet,18,3407,2.741723,-0.0776934,-0.21794556,0.34965593,5.785123966942149
NORMAL/NORMAL-1063128-1.jpeg,cbam_resnet,18,3407,6.827111,-0.28987455,-0.73568285,-0.37683564,97.93388429752066
NORMAL/NORMAL-1073137-1.jpeg,cbam_resnet,18,3407,3.7264118,-0.49331507,-0.7427969,-0.23389739,46.28099173553719
NORMAL/NORMAL-1081406-1.jpeg,cbam_resnet,18,3407,3.7362213,0.29980448,0.63905025,0.64058435,47.93388429752066
NORMAL/NORMAL-112928-1.jpeg,cbam_resnet,18,3407,3.358581,-0.6017224,-0.6873559,-0.34291166,28.512396694214875
NORMAL/NORMAL-119840-1.jpeg,cbam_resnet,18,3407,4.7068734,-0.22508223,-0.5980513,-0.56392574,83.88429752066115
NORMAL/NORMAL-12494-1.jpeg,cbam_resnet,18,3407,4.540888,-0.20631911,-0.70624423,-0.53802174,78.92561983471074
NORMAL/NORMAL-12494-2.jpeg,cbam_resnet,18,3407,3.855283,-0.33283556,-0.77782613,-0.35175657,54.132231404958674
NORMAL/NORMAL-12494-3.jpeg,cbam_resnet,18,3407,3.936964,-0.42386198,-0.7463121,-0.32046592,57.85123966942148
NORMAL/NORMAL-12494-4.jpeg,cbam_resnet,18,3407,3.8143532,-0.08132661,-0.7352832,-0.18197253,51.652892561983464
NORMAL/NORMAL-12494-5.jpeg,cbam_resnet,18,3407,4.1997657,-0.33891413,-0.64179766,-0.02841712,69.83471074380165
NORMAL/NORMAL-133321-1.jpeg,cbam_resnet,18,3407,3.4757845,-0.25311583,0.11204404,-0.39083037,35.12396694214876
NORMAL/NORMAL-138971-1.jpeg,cbam_resnet,18,3407,4.922145,-0.44650966,-0.7362025,-0.48008418,87.60330578512396
NORMAL/NORMAL-15208-1.jpeg,cbam_resnet,18,3407,2.3989158,-0.5259924,-0.5847745,-0.72244346,2.066115702479339
NORMAL/NORMAL-15307-1.jpeg,cbam_resnet,18,3407,3.7315662,-0.27647847,-0.6419959,-0.069645464,47.107438016528924
NORMAL/NORMAL-153950-1.jpeg,cbam_resnet,18,3407,4.523402,-0.22083229,-0.70168173,-0.52251637,77.68595041322314
NORMAL/NORMAL-1746717-1.jpeg,cbam_resnet,18,3407,4.021815,-0.47497535,-0.5240419,-0.70306844,61.98347107438017
NORMAL/NORMAL-1759350-1.jpeg,cbam_resnet,18,3407,3.0839903,-0.047907993,0.09358952,0.5992175,14.049586776859504
NORMAL/NORMAL-1781140-1.jpeg,cbam_resnet,18,3407,4.076703,-0.35217887,-0.7435286,-0.59978735,64.46280991735537
NORMAL/NORMAL-1791409-1.jpeg,cbam_resnet,18,3407,3.2769039,-0.47975156,-0.72040486,-0.4622395,23.553719008264462
NORMAL/NORMAL-1831654-1.jpeg,cbam_resnet,18,3407,3.5677836,-0.16075273,-0.23073888,-0.013984371,39.25619834710744
NORMAL/NORMAL-1853526-1.jpeg,cbam_resnet,18,3407,3.580442,-0.3531309,-0.4711429,0.16701217,40.082644628099175
NORMAL/NORMAL-1860310-1.jpeg,cbam_resnet,18,3407,3.4465022,-0.38761315,-0.62926656,-0.67505217,33.88429752066116
NORMAL/NORMAL-1897894-1.jpeg,cbam_resnet,18,3407,2.6910233,-0.2706088,0.32074946,-0.35416934,4.958677685950414
NORMAL/NORMAL-1907560-1.jpeg,cbam_resnet,18,3407,5.9355907,0.18029971,0.22807139,0.7174792,95.45454545454545
NORMAL/NORMAL-1908313-1.jpeg,cbam_resnet,18,3407,4.8304534,-0.45804852,-0.46336734,-0.58697546,86.36363636363636
NORMAL/NORMAL-1951042-1.jpeg,cbam_resnet,18,3407,3.4027832,0.059688825,0.13706256,0.62331307,31.818181818181817
NORMAL/NORMAL-1957379-1.jpeg,cbam_resnet,18,3407,4.005394,-0.121457726,0.4644319,-0.029006442,60.33057851239669
NORMAL/NORMAL-197082-1.jpeg,cbam_resnet,18,3407,3.783909,-0.45080593,-0.7641376,-0.34684825,50.413223140495866
NORMAL/NORMAL-1983894-1.jpeg,cbam_resnet,18,3407,5.306954,0.2731946,0.052223526,-0.3962149,92.14876033057851
NORMAL/NORMAL-1988065-1.jpeg,cbam_resnet,18,3407,3.4025126,-0.35456175,-0.7503049,-0.55301845,31.40495867768595
NORMAL/NORMAL-1989796-1.jpeg,cbam_resnet,18,3407,3.206919,0.32947823,0.60671556,0.62921894,20.24793388429752
NORMAL/NORMAL-1998191-1.jpeg,cbam_resnet,18,3407,3.044474,-0.060911216,-0.7254323,-0.30161548,12.396694214876034
NORMAL/NORMAL-2010714-1.jpeg,cbam_resnet,18,3407,3.5595107,-0.30238384,-0.4807104,-0.72713095,38.84297520661157
NORMAL/NORMAL-2011412-1.jpeg,cbam_resnet,18,3407,2.9403827,0.28927392,-0.4953888,0.13140205,9.917355371900827
NORMAL/NORMAL-2019006-1.jpeg,cbam_resnet,18,3407,3.3902366,-0.006123514,0.6752201,-0.025366185,30.991735537190085
NORMAL/NORMAL-2019423-1.jpeg,cbam_resnet,18,3407,3.8976607,0.13320455,0.42801297,0.62114716,55.78512396694215
NORMAL/NORMAL-2055634-1.jpeg,cbam_resnet,18,3407,3.9187174,0.049646433,0.35588935,0.58704567,57.02479338842975
NORMAL/NORMAL-2059629-1.jpeg,cbam_resnet,18,3407,2.552678,-0.6401987,-0.0757283,-0.3642735,3.3057851239669422
NORMAL/NORMAL-2075832-1.jpeg,cbam_resnet,18,3407,5.558322,0.29169527,0.6305854,-0.09723614,92.97520661157024
NORMAL/NORMAL-2082689-1.jpeg,cbam_resnet,18,3407,3.6189864,-0.0012106374,0.5826138,0.13392732,41.32231404958678
NORMAL/NORMAL-2095710-1.jpeg,cbam_resnet,18,3407,4.5363803,-0.32448107,-0.77686965,-0.39260244,78.51239669421489
NORMAL/NORMAL-2113822-1.jpeg,cbam_resnet,18,3407,3.1336863,-0.31271383,-0.57301944,-0.6934799,16.115702479338843
NORMAL/NORMAL-2120559-1.jpeg,cbam_resnet,18,3407,3.2710588,-0.02734324,0.10706305,-0.45416594,23.140495867768596
NORMAL/NORMAL-2120559-2.jpeg,cbam_resnet,18,3407,3.1672258,0.13432135,0.40123808,0.63475454,18.59504132231405
NORMAL/NORMAL-2120559-3.jpeg,cbam_resnet,18,3407,2.6702492,-0.5549706,-0.6756864,-0.5209329,4.545454545454546
NORMAL/NORMAL-2126186-1.jpeg,cbam_resnet,18,3407,2.730488,-0.40199417,-0.61863387,-0.69637954,5.371900826446281
NORMAL/NORMAL-2131138-1.jpeg,cbam_resnet,18,3407,3.3309581,-0.2382568,-0.60193884,0.098223224,27.27272727272727
NORMAL/NORMAL-2158556-1.jpeg,cbam_resnet,18,3407,4.5152116,-0.12530048,-0.6999178,-0.4819377,77.27272727272727
NORMAL/NORMAL-2167295-1.jpeg,cbam_resnet,18,3407,3.6380682,-0.57489264,-0.6513194,-0.5062938,42.97520661157025
NORMAL/NORMAL-2181272-1.jpeg,cbam_resnet,18,3407,3.2183974,0.4132475,0.19888914,-0.32621667,21.487603305785125
NORMAL/NORMAL-2182640-1.jpeg,cbam_resnet,18,3407,7.3987565,0.30877447,0.4222144,0.7934184,99.17355371900827
NORMAL/NORMAL-2192790-1.jpeg,cbam_resnet,18,3407,3.9873295,-0.2607538,-0.533479,-0.703785,59.50413223140496
NORMAL/NORMAL-2197972-1.jpeg,cbam_resnet,18,3407,3.4938867,-0.1046199,-0.46845943,0.21035194,35.9504132231405
NORMAL/NORMAL-2226488-1.jpeg,cbam_resnet,18,3407,5.5841594,-0.417734,-0.53266644,-0.6754892,93.80165289256198
NORMAL/NORMAL-2231056-1.jpeg,cbam_resnet,18,3407,3.70116,-0.07301701,-0.72368497,-0.34032863,43.80165289256198
NORMAL/NORMAL-223814-1.jpeg,cbam_resnet,18,3407,4.9372053,-0.08081385,0.32918364,0.5362291,88.01652892561982
NORMAL/NORMAL-2244950-1.jpeg,cbam_resnet,18,3407,6.2664165,0.11544162,-0.48964232,-0.46874416,97.10743801652893
NORMAL/NORMAL-2287992-1.jpeg,cbam_resnet,18,3407,3.7074833,-0.27689978,-0.76090807,-0.21652405,44.62809917355372
NORMAL/NORMAL-2305502-1.jpeg,cbam_resnet,18,3407,4.2494025,0.4978087,-0.10824286,-0.049475793,71.48760330578511
NORMAL/NORMAL-2312921-1.jpeg,cbam_resnet,18,3407,4.020939,0.37946492,0.7229059,0.508722,61.57024793388429
NORMAL/NORMAL-2316423-1.jpeg,cbam_resnet,18,3407,5.094789,-0.31631118,-0.72755754,-0.53938967,88.84297520661157
NORMAL/NORMAL-2335256-1.jpeg,cbam_resnet,18,3407,4.447353,-0.26191932,-0.6760262,-0.5811579,76.03305785123968
NORMAL/NORMAL-2342517-1.jpeg,cbam_resnet,18,3407,6.336778,-0.6397734,-0.5552012,-0.32194462,97.52066115702479
NORMAL/NORMAL-2350851-1.jpeg,cbam_resnet,18,3407,4.7324834,-0.42798048,-0.7276203,-0.502293,84.71074380165288
NORMAL/NORMAL-2351012-1.jpeg,cbam_resnet,18,3407,4.7841535,-0.52210355,0.057544142,-0.36468548,85.9504132231405
NORMAL/NORMAL-2362579-1.jpeg,cbam_resnet,18,3407,5.2469482,-0.30756024,-0.79079396,-0.3523679,91.32231404958677
NORMAL/NORMAL-2366700-1.jpeg,cbam_resnet,18,3407,3.9051993,-0.42378625,-0.61609274,0.0050842464,56.19834710743802
NORMAL/NORMAL-2373878-1.jpeg,cbam_resnet,18,3407,3.427228,-0.2158532,-0.7405318,-0.48115328,32.64462809917356
NORMAL/NORMAL-2377429-1.jpeg,cbam_resnet,18,3407,2.8722706,-0.29584038,-0.53387725,0.08701173,8.677685950413224
NORMAL/NORMAL-2392366-1.jpeg,cbam_resnet,18,3407,3.7286282,-0.24979356,-0.7194095,-0.5623873,46.69421487603306
NORMAL/NORMAL-2397754-1.jpeg,cbam_resnet,18,3407,2.43628,-0.12788458,-0.6387976,0.13120577,2.479338842975207
NORMAL/NORMAL-2403175-1.jpeg,cbam_resnet,18,3407,4.6591105,0.2276187,0.6481808,0.55834174,81.81818181818183
NORMAL/NORMAL-2416187-1.jpeg,cbam_resnet,18,3407,4.3158374,0.2874971,-0.17575596,-0.049473602,73.14049586776859
NORMAL/NORMAL-2421067-1.jpeg,cbam_resnet,18,3407,3.1945596,-0.6544313,-0.77543986,-0.36709484,19.421487603305785
NORMAL/NORMAL-2424949-1.jpeg,cbam_resnet,18,3407,3.833693,-0.28005037,0.22583506,0.3057285,52.892561983471076
NORMAL/NORMAL-2434258-1.jpeg,cbam_resnet,18,3407,2.623295,0.39191145,0.5710034,0.522356,3.71900826446281
NORMAL/NORMAL-2436365-1.jpeg,cbam_resnet,18,3407,3.3471694,-0.34378535,-0.6964231,-0.5919039,27.685950413223143
NORMAL/NORMAL-2448954-1.jpeg,cbam_resnet,18,3407,3.3720946,-0.066608205,0.5457524,0.13117464,30.165289256198346
NORMAL/NORMAL-2459401-1.jpeg,cbam_resnet,18,3407,4.0396357,0.15991709,0.46998602,0.25816536,62.396694214876035
NORMAL/NORMAL-2460548-1.jpeg,cbam_resnet,18,3407,3.9601347,-0.28140014,-0.006403315,-0.61742914,59.09090909090909
NORMAL/NORMAL-2476896-1.jpeg,cbam_resnet,18,3407,4.2189565,-0.30749446,-0.15501833,0.35683075,70.66115702479338
NORMAL/NORMAL-2493975-1.jpeg,cbam_resnet,18,3407,2.80554,-0.6223797,-0.6254579,-0.5148927,6.6115702479338845
NORMAL/NORMAL-2504667-1.jpeg,cbam_resnet,18,3407,5.7300134,-0.36075926,-0.66939,-0.568528,94.62809917355372
NORMAL/NORMAL-2509453-1.jpeg,cbam_resnet,18,3407,2.3863547,0.06034132,0.53086066,0.437374,1.6528925619834711
NORMAL/NORMAL-2517546-1.jpeg,cbam_resnet,18,3407,3.1565676,-0.5398774,-0.59554166,-0.7380996,18.181818181818183
NORMAL/NORMAL-2549549-1.jpeg,cbam_resnet,18,3407,4.626068,0.20346537,0.6373571,0.5246982,80.57851239669421
NORMAL/NORMAL-2551333-1.jpeg,cbam_resnet,18,3407,5.136459,-0.27578086,-0.2966426,-0.5036837,90.08264462809917
NORMAL/NORMAL-2569106-1.jpeg,cbam_resnet,18,3407,5.1533904,-0.35650167,-0.7741183,-0.44559473,90.49586776859503
NORMAL/NORMAL-2570020-1.jpeg,cbam_resnet,18,3407,3.5463998,-0.3527566,-0.6192073,-0.67001116,38.01652892561984
NORMAL/NORMAL-2579419-1.jpeg,cbam_resnet,18,3407,4.1461225,-0.055968367,-0.5658779,-0.5671658,67.35537190082644
NORMAL/NORMAL-2598368-1.jpeg,cbam_resnet,18,3407,3.5962143,0.2021474,0.36074412,0.6324651,40.49586776859504
NORMAL/NORMAL-2602596-1.jpeg,cbam_resnet,18,3407,3.3246686,-0.38499525,-0.76948667,-0.5359416,26.033057851239672
NORMAL/NORMAL-2627129-1.jpeg,cbam_resnet,18,3407,3.1389225,-0.2897308,-0.023294762,0.30429825,16.528925619834713
NORMAL/NORMAL-2633503-1.jpeg,cbam_resnet,18,3407,3.6319673,0.31631476,0.43838346,-0.021826485,42.561983471074385
NORMAL/NORMAL-2636641-1.jpeg,cbam_resnet,18,3407,3.2183013,0.19723216,0.66466844,0.51513606,21.074380165289256
NORMAL/NORMAL-2665491-1.jpeg,cbam_resnet,18,3407,4.694975,-0.25217146,-0.35727528,-0.69382405,83.05785123966942
NORMAL/NORMAL-269181-1.jpeg,cbam_resnet,18,3407,3.2849305,-0.47690746,-0.6046479,-0.053946365,23.96694214876033
NORMAL/NORMAL-2705520-1.jpeg,cbam_resnet,18,3407,4.643026,0.23440312,0.3639542,0.72139335,80.99173553719008
NORMAL/NORMAL-2709055-1.jpeg,cbam_resnet,18,3407,4.5274034,-0.43944418,-0.78548,-0.37348458,78.099173553719
NORMAL/NORMAL-2733663-1.jpeg,cbam_resnet,18,3407,4.4749136,-0.19175702,-0.6748812,-0.5507512,76.44628099173553
NORMAL/NORMAL-2739821-1.jpeg,cbam_resnet,18,3407,2.4979112,-0.07582125,0.57599485,0.07022008,2.8925619834710745
NORMAL/NORMAL-2769622-1.jpeg,cbam_resnet,18,3407,3.731709,-0.4284402,-0.68371606,-0.60731435,47.5206611570248
NORMAL/NORMAL-2769622-2.jpeg,cbam_resnet,18,3407,4.013104,0.17896864,0.7712001,0.38603956,61.15702479338842
NORMAL/NORMAL-279206-1.jpeg,cbam_resnet,18,3407,3.436337,-0.14153728,0.49873224,0.28304532,33.057851239669425
NORMAL/NORMAL-283376-1.jpeg,cbam_resnet,18,3407,4.4429774,-0.45876324,-0.75979924,-0.35410142,75.6198347107438
NORMAL/NORMAL-285896-1.jpeg,cbam_resnet,18,3407,4.695433,0.0053614974,-0.42424542,-0.594721,83.47107438016529
NORMAL/NORMAL-2973935-1.jpeg,cbam_resnet,18,3407,3.988614,-0.50046074,-0.50471604,-0.69139457,59.917355371900825
NORMAL/NORMAL-3059523-1.jpeg,cbam_resnet,18,3407,3.6057472,-0.33123577,-0.616943,-0.66514695,40.909090909090914
NORMAL/NORMAL-307151-1.jpeg,cbam_resnet,18,3407,4.1922913,-0.34382802,-0.7754985,-0.42353994,68.59504132231406
NORMAL/NORMAL-307151-2.jpeg,cbam_resnet,18,3407,3.452854,0.36566538,0.41244268,0.6670684,34.29752066115703
NORMAL/NORMAL-3077276-1.jpeg,cbam_resnet,18,3407,5.160461,-0.26324722,-0.7478569,-0.24867308,90.9090909090909
NORMAL/NORMAL-3100637-1.jpeg,cbam_resnet,18,3407,3.4668398,-0.5354469,-0.06005168,0.14116865,34.710743801652896
NORMAL/NORMAL-3103940-1.jpeg,cbam_resnet,18,3407,4.8580446,0.24322754,0.574368,0.5800755,86.77685950413223
NORMAL/NORMAL-3108564-1.jpeg,cbam_resnet,18,3407,4.202877,-0.21633646,-0.7237059,-0.49217165,70.24793388429752
NORMAL/NORMAL-3134896-1.jpeg,cbam_resnet,18,3407,3.3691206,-0.6101335,-0.5103439,-0.07813735,29.75206611570248
NORMAL/NORMAL-3166591-1.jpeg,cbam_resnet,18,3407,4.063988,-0.23061761,-0.60152125,0.17684753,64.0495867768595
NORMAL/NORMAL-3220509-1.jpeg,cbam_resnet,18,3407,3.8896024,-0.4217021,-0.7685509,-0.38403705,55.371900826446286
NORMAL/NORMAL-3244919-1.jpeg,cbam_resnet,18,3407,4.6206713,-0.24922583,-0.57995534,-0.6744909,80.16528925619835
NORMAL/NORMAL-3256489-1.jpeg,cbam_resnet,18,3407,5.5682845,-0.12168652,-0.5274802,-0.63116497,93.38842975206612
NORMAL/NORMAL-3277704-1.jpeg,cbam_resnet,18,3407,2.8697605,-0.18433894,0.3318967,-0.38771096,8.264462809917356
NORMAL/NORMAL-3300015-1.jpeg,cbam_resnet,18,3407,3.7107708,-0.45077357,-0.74671096,-0.14160348,45.04132231404959
NORMAL/NORMAL-3307598-1.jpeg,cbam_resnet,18,3407,5.132915,-0.17194232,-0.63909936,-0.5662932,89.6694214876033
NORMAL/NORMAL-3307598-2.jpeg,cbam_resnet,18,3407,4.2730017,-0.2544992,-0.73531955,-0.48389018,72.72727272727273
NORMAL/NORMAL-3308307-1.jpeg,cbam_resnet,18,3407,4.604697,-0.26205713,-0.69809496,-0.5486038,79.75206611570248
NORMAL/NORMAL-330905-1.jpeg,cbam_resnet,18,3407,2.979334,-0.47851315,-0.72503865,-0.16897473,10.743801652892563
NORMAL/NORMAL-3320960-1.jpeg,cbam_resnet,18,3407,4.1180525,0.7259571,0.41108665,0.4140169,65.70247933884298
NORMAL/NORMAL-3326661-1.jpeg,cbam_resnet,18,3407,3.801696,-0.3409353,-0.7064708,-0.5826577,50.82644628099173
NORMAL/NORMAL-3330006-1.jpeg,cbam_resnet,18,3407,3.1472652,-0.09818633,-0.35262948,0.21197253,17.355371900826448
NORMAL/NORMAL-3332063-1.jpeg,cbam_resnet,18,3407,3.1989348,-0.4562887,-0.7310123,-0.5753751,19.834710743801654
NORMAL/NORMAL-33350-1.jpeg,cbam_resnet,18,3407,3.9402008,-0.49316147,-0.114434205,-0.70939547,58.67768595041323
NORMAL/NORMAL-33350-2.jpeg,cbam_resnet,18,3407,3.8026662,0.24230139,0.6030113,0.54264426,51.2396694214876
NORMAL/NORMAL-33350-3.jpeg,cbam_resnet,18,3407,9.153885,0.604434,0.25620037,0.15227617,100.0
NORMAL/NORMAL-3340309-1.jpeg,cbam_resnet,18,3407,3.7778382,-0.11697619,0.17899325,0.19741526,49.586776859504134
NORMAL/NORMAL-3346049-1.jpeg,cbam_resnet,18,3407,3.4978068,0.2790625,0.6914463,0.46616423,36.77685950413223
NORMAL/NORMAL-3347645-1.jpeg,cbam_resnet,18,3407,3.7822394,0.17563093,0.5721413,0.5187988,50.0
NORMAL/NORMAL-3354044-1.jpeg,cbam_resnet,18,3407,5.291074,-0.40618926,-0.7298882,-0.4742943,91.73553719008265
NORMAL/NORMAL-3361560-1.jpeg,cbam_resnet,18,3407,3.8290613,0.5314218,0.27912343,-0.009493365,52.47933884297521
NORMAL/NORMAL-3361750-1.jpeg,cbam_resnet,18,3407,3.3744986,-0.25375336,-0.3930974,-0.7267485,30.57851239669421
NORMAL/NORMAL-33637-1.jpeg,cbam_resnet,18,3407,3.186624,0.00702954,-0.2876712,-0.54392284,19.00826446280992
NORMAL/NORMAL-3373954-1.jpeg,cbam_resnet,18,3407,4.1537237,-0.45012295,-0.72404087,-0.14568484,67.76859504132231
NORMAL/NORMAL-3380901-1.jpeg,cbam_resnet,18,3407,4.7418675,-0.16256705,-0.60994315,-0.61338484,85.12396694214877
NORMAL/NORMAL-338568-1.jpeg,cbam_resnet,18,3407,5.102781,0.12275657,-0.39290854,-0.50604737,89.25619834710744
NORMAL/NORMAL-3390782-1.jpeg,cbam_resnet,18,3407,3.2862177,-0.55392516,-0.7092843,-0.45158523,24.380165289256198
NORMAL/NORMAL-3398969-1.jpeg,cbam_resnet,18,3407,4.0407763,-0.20770109,-0.70684475,-0.5056437,62.8099173553719
NORMAL/NORMAL-3399839-1.jpeg,cbam_resnet,18,3407,4.2230015,-0.22173479,0.40301514,0.19382794,71.07438016528926
NORMAL/NORMAL-3416330-1.jpeg,cbam_resnet,18,3407,2.9279892,0.16249564,0.60234886,0.47764763,9.50413223140496
NORMAL/NORMAL-3431386-1.jpeg,cbam_resnet,18,3407,2.2280006,-0.45170116,-0.53608197,-0.763209,1.2396694214876034
NORMAL/NORMAL-3451887-1.jpeg,cbam_resnet,18,3407,3.347585,-0.30423766,-0.77801514,-0.455997,28.09917355371901
NORMAL/NORMAL-3465750-1.jpeg,cbam_resnet,18,3407,3.4376056,0.17713942,0.5345562,0.5547679,33.47107438016529
NORMAL/NORMAL-3466714-1.jpeg,cbam_resnet,18,3407,3.24973,0.3963536,0.60594267,0.021628425,21.90082644628099
NORMAL/NORMAL-3475211-1.jpeg,cbam_resnet,18,3407,4.6759963,-0.34834486,-0.69669473,-0.632689,82.23140495867769
NORMAL/NORMAL-348347-1.jpeg,cbam_resnet,18,3407,3.7173367,-0.37208733,-0.73372734,-0.56778896,45.45454545454545
NORMAL/NORMAL-349021-1.jpeg,cbam_resnet,18,3407,3.9106665,-0.14279427,-0.7262026,-0.40620595,56.611570247933884
NORMAL/NORMAL-351109-1.jpeg,cbam_resnet,18,3407,5.9134293,-0.35794497,-0.5790829,0.09064881,95.0413223140496
NORMAL/NORMAL-351109-2.jpeg,cbam_resnet,18,3407,3.1078122,-0.34027934,-0.7058397,-0.56806797,14.87603305785124
NORMAL/NORMAL-3531215-1.jpeg,cbam_resnet,18,3407,4.092583,-0.4148025,-0.67989385,-0.64610803,65.28925619834712
NORMAL/NORMAL-3538316-1.jpeg,cbam_resnet,18,3407,4.1330853,-0.3518356,-0.21041375,0.30582142,66.52892561983471
NORMAL/NORMAL-3561306-1.jpeg,cbam_resnet,18,3407,3.7410648,-0.4235023,-0.71885574,-0.6073761,48.34710743801653
NORMAL/NORMAL-3561306-2.jpeg,cbam_resnet,18,3407,3.3654935,-0.40754014,-0.644722,-0.6650404,28.92561983471074
NORMAL/NORMAL-366503-1.jpeg,cbam_resnet,18,3407,3.9398305,-0.28573096,-0.71859944,-0.57266045,58.26446280991735
NORMAL/NORMAL-366503-2.jpeg,cbam_resnet,18,3407,4.71166,0.55234146,0.47732663,0.68400955,84.29752066115702
NORMAL/NORMAL-36734-1.jpeg,cbam_resnet,18,3407,3.1215632,-0.2558328,-0.49259245,-0.7447162,15.289256198347106
NORMAL/NORMAL-37818-1.jpeg,cbam_resnet,18,3407,4.9135604,-0.4929483,-0.6813663,-0.6229578,87.19008264462809
NORMAL/NORMAL-395557-1.jpeg,cbam_resnet,18,3407,3.3678696,-0.27935588,-0.72262955,-0.5759299,29.338842975206614
NORMAL/NORMAL-402066-1.jpeg,cbam_resnet,18,3407,3.2178452,-0.1431282,-0.46696442,-0.6825923,20.66115702479339
NORMAL/NORMAL-402066-2.jpeg,cbam_resnet,18,3407,3.7493703,0.21762624,0.34751916,0.6931822,48.760330578512395
NORMAL/NORMAL-402066-3.jpeg,cbam_resnet,18,3407,4.1414814,-0.08638663,-0.69764054,-0.2815729,66.94214876033058
NORMAL/NORMAL-402066-4.jpeg,cbam_resnet,18,3407,3.6206326,-0.3868085,-0.69801986,-0.61047167,41.735537190082646
NORMAL/NORMAL-402066-5.jpeg,cbam_resnet,18,3407,3.0816154,-0.4484002,-0.79040384,-0.4371517,13.636363636363635
NORMAL/NORMAL-438684-1.jpeg,cbam_resnet,18,3407,3.8846178,-0.103951186,-0.6667135,-0.5094645,54.958677685950406
NORMAL/NORMAL-438684-2.jpeg,cbam_resnet,18,3407,3.8573463,-0.21955681,-0.76002526,-0.4621893,54.54545454545454
NORMAL/NORMAL-438684-3.jpeg,cbam_resnet,18,3407,4.3449583,-0.15535545,-0.6149179,-0.6092061,74.79338842975206
NORMAL/NORMAL-443980-1.jpeg,cbam_resnet,18,3407,2.8360708,-0.4151715,-0.7665809,-0.5825007,7.43801652892562
NORMAL/NORMAL-446851-1.jpeg,cbam_resnet,18,3407,5.0721717,0.31533736,0.62660384,0.62981284,88.42975206611571
NORMAL/NORMAL-446851-2.jpeg,cbam_resnet,18,3407,5.66196,0.43904808,0.74708486,0.6055538,94.21487603305785
NORMAL/NORMAL-447690-1.jpeg,cbam_resnet,18,3407,5.9611015,0.11397714,-0.2097643,-0.5391686,95.86776859504133
NORMAL/NORMAL-447690-2.jpeg,cbam_resnet,18,3407,2.101094,-0.45872936,-0.7626791,-0.6111657,0.4132231404958678
NORMAL/NORMAL-450532-1.jpeg,cbam_resnet,18,3407,3.2591722,-0.19557945,-0.7657062,-0.350102,22.727272727272727
NORMAL/NORMAL-450923-1.jpeg,cbam_resnet,18,3407,4.3320637,-0.057473563,-0.6184051,0.012566514,73.96694214876032
NORMAL/NORMAL-450923-2.jpeg,cbam_resnet,18,3407,4.644483,-0.2838471,-0.09400436,-0.50882876,81.40495867768594
NORMAL/NORMAL-460711-1.jpeg,cbam_resnet,18,3407,4.09014,-0.29275933,-0.79423356,-0.32434487,64.87603305785123
NORMAL/NORMAL-460844-1.jpeg,cbam_resnet,18,3407,3.8512645,-0.6167289,-0.71523917,-0.44809216,53.71900826446281
NORMAL/NORMAL-466978-1.jpeg,cbam_resnet,18,3407,4.7733817,-0.22028704,-0.7040848,-0.09100679,85.53719008264463
NORMAL/NORMAL-469935-1.jpeg,cbam_resnet,18,3407,7.2836194,0.21879789,0.47373515,-0.16289373,98.7603305785124
NORMAL/NORMAL-4761187-1.jpeg,cbam_resnet,18,3407,4.323221,-0.4978649,-0.72473586,-0.2714457,73.55371900826447
NORMAL/NORMAL-4790999-1.jpeg,cbam_resnet,18,3407,2.8367326,-0.3886925,-0.54358727,-0.7322227,7.851239669421488
NORMAL/NORMAL-48053-1.jpeg,cbam_resnet,18,3407,2.9831564,0.20561774,0.50640845,0.60052,11.15702479338843
NORMAL/NORMAL-4839633-1.jpeg,cbam_resnet,18,3407,3.4997742,-0.42908883,-0.77971685,-0.49636742,37.1900826446281
NORMAL/NORMAL-486271-1.jpeg,cbam_resnet,18,3407,2.831786,0.12017651,0.558359,0.5342939,7.024793388429752
NORMAL/NORMAL-508852-1.jpeg,cbam_resnet,18,3407,3.5064852,0.28654277,0.6647707,0.5380858,37.60330578512397
NORMAL/NORMAL-508852-2.jpeg,cbam_resnet,18,3407,4.04941,0.24088088,0.7888894,0.37573314,63.22314049586777
NORMAL/NORMAL-519372-1.jpeg,cbam_resnet,18,3407,3.8217547,-0.15584637,0.17442928,0.49689916,52.066115702479344
NORMAL/NORMAL-524640-1.jpeg,cbam_resnet,18,3407,3.1485045,-0.3006602,0.0863291,-0.5451791,17.768595041322314
NORMAL/NORMAL-544457-1.jpeg,cbam_resnet,18,3407,3.6245635,-0.10950882,0.023700468,0.576965,42.14876033057851
NORMAL/NORMAL-544711-1.jpeg,cbam_resnet,18,3407,2.9922166,-0.7435596,-0.39337116,-0.50884163,11.570247933884298
NORMAL/NORMAL-547422-1.jpeg,cbam_resnet,18,3407,3.3255923,-0.21740478,-0.6782656,-0.6278107,26.446280991735538
NORMAL/NORMAL-547422-2.jpeg,cbam_resnet,18,3407,2.1955652,-0.60225886,-0.21578081,-0.5181025,0.8264462809917356
NORMAL/NORMAL-549356-1.jpeg,cbam_resnet,18,3407,3.3181822,-0.23859288,-0.69438505,-0.5816618,25.6198347107438
NORMAL/NORMAL-549356-2.jpeg,cbam_resnet,18,3407,3.1241043,-0.16168605,-0.5653074,-0.6577879,15.702479338842975
NORMAL/NORMAL-549356-3.jpeg,cbam_resnet,18,3407,9.116124,0.47606158,0.6059236,0.17246297,99.58677685950413
NORMAL/NORMAL-552739-1.jpeg,cbam_resnet,18,3407,4.0555706,-0.27655512,-0.6340332,-0.62542915,63.63636363636363
NORMAL/NORMAL-557437-1.jpeg,cbam_resnet,18,3407,4.1925087,0.4647494,0.41423702,0.12119543,69.00826446280992
NORMAL/NORMAL-557437-2.jpeg,cbam_resnet,18,3407,3.2958975,-0.3094479,-0.763005,-0.09127613,25.206611570247933
NORMAL/NORMAL-565818-1.jpeg,cbam_resnet,18,3407,3.7508047,0.18660858,0.48115987,0.2906705,49.17355371900827
NORMAL/NORMAL-566040-1.jpeg,cbam_resnet,18,3407,3.7221248,-0.22352973,-0.64041156,-0.6487761,45.867768595041326
NORMAL/NORMAL-568518-1.jpeg,cbam_resnet,18,3407,4.271851,-0.38693717,-0.73924565,-0.20670986,72.31404958677686
NORMAL/NORMAL-568518-2.jpeg,cbam_resnet,18,3407,3.8473935,0.13700362,0.44850498,0.6134473,53.30578512396694
NORMAL/NORMAL-571157-1.jpeg,cbam_resnet,18,3407,3.0039816,-0.3371582,-0.16528174,-0.71738374,11.983471074380166
NORMAL/NORMAL-571484-1.jpeg,cbam_resnet,18,3407,3.0802023,0.48751324,0.32995754,-0.22249109,13.223140495867769
NORMAL/NORMAL-572972-1.jpeg,cbam_resnet,18,3407,3.1022084,-0.13055772,-0.6533876,-0.5499579,14.46280991735537
NORMAL/NORMAL-574089-1.jpeg,cbam_resnet,18,3407,4.6942697,-0.34909147,-0.4082831,-0.6753415,82.64462809917356
NORMAL/NORMAL-582215-1.jpeg,cbam_resnet,18,3407,4.5604534,-0.63808906,-0.25136632,-0.09210869,79.33884297520662
NORMAL/NORMAL-588227-1.jpeg,cbam_resnet,18,3407,2.6649728,-0.75637263,-0.5248879,-0.4569987,4.132231404958678
NORMAL/NORMAL-60471-1.jpeg,cbam_resnet,18,3407,3.6839173,-0.44075814,-0.7592658,-0.4884405,43.388429752066116
NORMAL/NORMAL-605310-1.jpeg,cbam_resnet,18,3407,3.4764729,-0.1396245,0.4036668,0.26727062,35.53719008264463
NORMAL/NORMAL-626127-1.jpeg,cbam_resnet,18,3407,2.7816174,-0.44508982,-0.6252747,-0.6843004,6.198347107438017
NORMAL/NORMAL-628048-1.jpeg,cbam_resnet,18,3407,3.580036,-0.20465243,-0.674239,-0.5591019,39.66942148760331
NORMAL/NORMAL-629493-1.jpeg,cbam_resnet,18,3407,4.122713,-0.49216208,-0.75854397,-0.42649558,66.11570247933885
NORMAL/NORMAL-651257-1.jpeg,cbam_resnet,18,3407,3.0477867,-0.025718179,-0.48262388,-0.6105908,12.8099173553719
NORMAL/NORMAL-655117-1.jpeg,cbam_resnet,18,3407,4.4902153,0.07876743,0.46580032,0.52043086,76.85950413223141
NORMAL/NORMAL-655447-1.jpeg,cbam_resnet,18,3407,4.2714667,0.13744894,0.7343842,0.01374507,71.900826446281
NORMAL/NORMAL-664536-1.jpeg,cbam_resnet,18,3407,3.4973934,-0.120012075,0.35987332,0.4793338,36.36363636363637
NORMAL/NORMAL-66515-1.jpeg,cbam_resnet,18,3407,3.9307802,-0.20741212,-0.6803572,-0.5786923,57.438016528925615
NORMAL/NORMAL-672619-1.jpeg,cbam_resnet,18,3407,5.4184775,-0.343401,-0.69798225,-0.56773555,92.56198347107438
NORMAL/NORMAL-692554-1.jpeg,cbam_resnet,18,3407,3.2905326,-0.3595373,-0.70178574,-0.5972344,24.793388429752067
NORMAL/NORMAL-693575-1.jpeg,cbam_resnet,18,3407,3.7064927,0.09208542,0.2347675,0.529577,44.214876033057855
NORMAL/NORMAL-697826-1.jpeg,cbam_resnet,18,3407,7.0992675,0.36029452,0.51073647,0.73647135,98.34710743801654
NORMAL/NORMAL-744709-1.jpeg,cbam_resnet,18,3407,3.5491922,0.2296344,0.6487963,0.5606985,38.429752066115704
NORMAL/NORMAL-755659-1.jpeg,cbam_resnet,18,3407,3.3300323,0.18678945,0.5426298,0.6210097,26.859504132231404
NORMAL/NORMAL-758272-1.jpeg,cbam_resnet,18,3407,3.1450458,0.51659787,0.63382304,0.38060227,16.94214876033058
NORMAL/NORMAL-76914-1.jpeg,cbam_resnet,18,3407,3.2577543,-0.23960124,-0.6819704,-0.5777956,22.31404958677686
NORMAL/NORMAL-772481-1.jpeg,cbam_resnet,18,3407,2.9513252,-0.28402263,-0.6824862,-0.5934829,10.330578512396695
NORMAL/NORMAL-84466-1.jpeg,cbam_resnet,18,3407,4.008388,0.14460541,0.56708884,0.44223166,60.74380165289256
NORMAL/NORMAL-85367-1.jpeg,cbam_resnet,18,3407,2.9129734,-0.14407128,-0.69718766,-0.54019177,9.090909090909092
NORMAL/NORMAL-9251-1.jpeg,cbam_resnet,18,3407,4.357042,-0.28054184,-0.7715711,-0.40989685,75.20661157024794
NORMAL/NORMAL-98720-1.jpeg,cbam_resnet,18,3407,6.114434,-0.6656681,-0.52617854,-0.5953661,96.28099173553719
