image_id,model,serial,seed,layer_name,relative_depth,mahalanobis_distance,cosine_CNV,cosine_DME,cosine_DRUSEN
CNV/CNV-1016042-1.jpeg,retfound,0,0,mid,0.33,53.24226,0.8939339,0.7767557,0.69121635
CNV/CNV-1016042-2.jpeg,retfound,0,0,mid,0.33,49.68567,0.80845964,0.7433699,0.62970966
CNV/CNV-1016042-3.jpeg,retfound,0,0,mid,0.33,51.967087,0.9135409,0.74236476,0.6774752
CNV/CNV-1016042-4.jpeg,retfound,0,0,mid,0.33,57.212708,0.92011285,0.66301703,0.79190856
CNV/CNV-103044-1.jpeg,retfound,0,0,mid,0.33,51.241943,0.87805855,0.6961956,0.7709559
CNV/CNV-103044-10.jpeg,retfound,0,0,mid,0.33,49.661934,0.8694416,0.64656377,0.75037944
CNV/CNV-103044-11.jpeg,retfound,0,0,mid,0.33,52.406525,0.93291193,0.70156944,0.78444195
CNV/CNV-103044-12.jpeg,retfound,0,0,mid,0.33,59.454067,0.9220033,0.63453543,0.8304505
CNV/CNV-103044-2.jpeg,retfound,0,0,mid,0.33,50.667473,0.8012005,0.82883,0.6989812
CNV/CNV-103044-3.jpeg,retfound,0,0,mid,0.33,52.886543,0.89170724,0.68486005,0.72980285
CNV/CNV-103044-4.jpeg,retfound,0,0,mid,0.33,53.78582,0.928674,0.7831034,0.7532756
CNV/CNV-103044-5.jpeg,retfound,0,0,mid,0.33,54.929256,0.912436,0.6947552,0.8337761
CNV/CNV-103044-6.jpeg,retfound,0,0,mid,0.33,53.227108,0.8685224,0.6685468,0.74913925
CNV/CNV-103044-7.jpeg,retfound,0,0,mid,0.33,52.030144,0.8834418,0.7522646,0.75315857
CNV/CNV-103044-8.jpeg,retfound,0,0,mid,0.33,48.889336,0.90146226,0.67076355,0.6973877
CNV/CNV-103044-9.jpeg,retfound,0,0,mid,0.33,59.650433,0.91825205,0.70119804,0.850814
CNV/CNV-1083927-1.jpeg,retfound,0,0,mid,0.33,54.81441,0.9295124,0.69833493,0.7716069
CNV/CNV-1112835-1.jpeg,retfound,0,0,mid,0.33,52.008377,0.87144893,0.6293972,0.69518256
CNV/CNV-1112835-2.jpeg,retfound,0,0,mid,0.33,53.129326,0.90476406,0.6431705,0.6661735
CNV/CNV-1130960-1.jpeg,retfound,0,0,mid,0.33,48.34222,0.8539519,0.7004449,0.60484487
CNV/CNV-1131664-1.jpeg,retfound,0,0,mid,0.33,50.33835,0.90289056,0.6903733,0.7004293
CNV/CNV-1136126-1.jpeg,retfound,0,0,mid,0.33,55.3592,0.83678526,0.6344204,0.7401173
CNV/CNV-1177084-1.jpeg,retfound,0,0,mid,0.33,49.34591,0.748001,0.6257251,0.75829196
CNV/CNV-1188386-1.jpeg,retfound,0,0,mid,0.33,59.16429,0.89391387,0.63240266,0.8162042
CNV/CNV-1188386-2.jpeg,retfound,0,0,mid,0.33,52.133987,0.9265238,0.68062603,0.7111055
CNV/CNV-1188386-3.jpeg,retfound,0,0,mid,0.33,57.890022,0.9136722,0.67241234,0.70288795
CNV/CNV-1188386-4.jpeg,retfound,0,0,mid,0.33,48.16955,0.81330943,0.6483542,0.56735855
CNV/CNV-1260317-1.jpeg,retfound,0,0,mid,0.33,53.74215,0.8452792,0.5875645,0.6943299
CNV/CNV-1290410-1.jpeg,retfound,0,0,mid,0.33,53.4589,0.9179456,0.6938746,0.76231533
CNV/CNV-1290410-2.jpeg,retfound,0,0,mid,0.33,52.402485,0.84952664,0.60123146,0.75229603
CNV/CNV-1290410-3.jpeg,retfound,0,0,mid,0.33,54.361214,0.90350056,0.5991626,0.7046619
CNV/CNV-1305450-1.jpeg,retfound,0,0,mid,0.33,51.112934,0.86959386,0.5486733,0.71270746
CNV/CNV-1305450-2.jpeg,retfound,0,0,mid,0.33,49.81177,0.8967631,0.6861687,0.64903104
CNV/CNV-1305450-3.jpeg,retfound,0,0,mid,0.33,49.585968,0.9044863,0.75018585,0.6993985
CNV/CNV-1305450-4.jpeg,retfound,0,0,mid,0.33,49.486156,0.792828,0.67635894,0.5648536
CNV/CNV-137351-1.jpeg,retfound,0,0,mid,0.33,50.78155,0.8655063,0.6625198,0.73536223
CNV/CNV-1415351-1.jpeg,retfound,0,0,mid,0.33,51.726025,0.9202167,0.74106884,0.7056269
CNV/CNV-154835-1.jpeg,retfound,0,0,mid,0.33,54.79342,0.8409868,0.5629822,0.6756871
CNV/CNV-154835-2.jpeg,retfound,0,0,mid,0.33,55.034874,0.89746475,0.69873667,0.8064484
CNV/CNV-163081-1.jpeg,retfound,0,0,mid,0.33,56.890472,0.92876285,0.7005334,0.781094
CNV/CNV-163081-10.jpeg,retfound,0,0,mid,0.33,56.09241,0.94834596,0.7091723,0.7532736
CNV/CNV-163081-2.jpeg,retfound,0,0,mid,0.33,49.960842,0.91823804,0.6979556,0.6990278
CNV/CNV-163081-3.jpeg,retfound,0,0,mid,0.33,60.28721,0.9053315,0.6431028,0.7856651
CNV/CNV-163081-4.jpeg,retfound,0,0,mid,0.33,59.589405,0.9319043,0.709884,0.77201474
CNV/CNV-163081-5.jpeg,retfound,0,0,mid,0.33,59.396927,0.9180517,0.6699372,0.7648822
CNV/CNV-163081-6.jpeg,retfound,0,0,mid,0.33,55.035954,0.86778235,0.7184814,0.64927083
CNV/CNV-163081-7.jpeg,retfound,0,0,mid,0.33,55.035465,0.91637766,0.69455934,0.7532203
CNV/CNV-163081-8.jpeg,retfound,0,0,mid,0.33,54.473972,0.93308556,0.6834346,0.8001503
CNV/CNV-163081-9.jpeg,retfound,0,0,mid,0.33,56.19979,0.92705905,0.7062274,0.7608109
CNV/CNV-1632795-1.jpeg,retfound,0,0,mid,0.33,54.73206,0.9029727,0.6348851,0.72216123
CNV/CNV-1641792-1.jpeg,retfound,0,0,mid,0.33,45.49568,0.84737074,0.6100435,0.5767374
CNV/CNV-1641792-2.jpeg,retfound,0,0,mid,0.33,57.42597,0.9042653,0.6626323,0.8128055
CNV/CNV-1699976-1.jpeg,retfound,0,0,mid,0.33,47.692516,0.8074334,0.6503392,0.74589956
CNV/CNV-1699976-2.jpeg,retfound,0,0,mid,0.33,46.20983,0.78254026,0.5785798,0.6323186
CNV/CNV-1699976-3.jpeg,retfound,0,0,mid,0.33,54.0855,0.8076303,0.62179726,0.69404054
CNV/CNV-1699976-4.jpeg,retfound,0,0,mid,0.33,52.553707,0.8644664,0.6374761,0.7604851
CNV/CNV-1699976-5.jpeg,retfound,0,0,mid,0.33,54.36305,0.7988275,0.54472464,0.71325994
CNV/CNV-1704482-1.jpeg,retfound,0,0,mid,0.33,53.02972,0.9054573,0.74301696,0.7126734
CNV/CNV-172472-1.jpeg,retfound,0,0,mid,0.33,51.26774,0.9219043,0.6694683,0.74696654
CNV/CNV-172472-10.jpeg,retfound,0,0,mid,0.33,54.586945,0.9247489,0.65975004,0.7450883
CNV/CNV-172472-11.jpeg,retfound,0,0,mid,0.33,52.62133,0.8992659,0.71248597,0.6687151
CNV/CNV-172472-2.jpeg,retfound,0,0,mid,0.33,52.655167,0.8801907,0.6573094,0.78440475
CNV/CNV-172472-3.jpeg,retfound,0,0,mid,0.33,53.50133,0.8595526,0.6178467,0.6502624
CNV/CNV-172472-4.jpeg,retfound,0,0,mid,0.33,55.862457,0.88213235,0.54506147,0.7446997
CNV/CNV-172472-5.jpeg,retfound,0,0,mid,0.33,57.03314,0.90060854,0.65687174,0.70860404
CNV/CNV-172472-6.jpeg,retfound,0,0,mid,0.33,51.827972,0.857906,0.7205686,0.6942644
CNV/CNV-172472-7.jpeg,retfound,0,0,mid,0.33,52.847797,0.883292,0.6285188,0.79504657
CNV/CNV-172472-8.jpeg,retfound,0,0,mid,0.33,54.63858,0.8648747,0.6156033,0.7676703
CNV/CNV-172472-9.jpeg,retfound,0,0,mid,0.33,54.54584,0.8785999,0.5598836,0.6778165
CNV/CNV-1730592-1.jpeg,retfound,0,0,mid,0.33,51.54251,0.8943558,0.5865425,0.7150827
CNV/CNV-1730592-2.jpeg,retfound,0,0,mid,0.33,44.283276,0.81139076,0.6816135,0.63774514
CNV/CNV-1731375-1.jpeg,retfound,0,0,mid,0.33,53.524166,0.9037308,0.67950004,0.6463549
CNV/CNV-1731375-2.jpeg,retfound,0,0,mid,0.33,58.296352,0.91896546,0.6297047,0.74973714
CNV/CNV-1731375-3.jpeg,retfound,0,0,mid,0.33,62.29357,0.903396,0.6488175,0.8807131
CNV/CNV-1784116-1.jpeg,retfound,0,0,mid,0.33,51.436417,0.9131533,0.7076777,0.76216173
CNV/CNV-1894770-1.jpeg,retfound,0,0,mid,0.33,50.748962,0.8828554,0.59766227,0.7091428
CNV/CNV-1894770-2.jpeg,retfound,0,0,mid,0.33,51.745888,0.8126512,0.8010107,0.73762
CNV/CNV-1980926-1.jpeg,retfound,0,0,mid,0.33,51.00897,0.9236654,0.70094407,0.737067
CNV/CNV-198660-1.jpeg,retfound,0,0,mid,0.33,53.484077,0.87361455,0.6340051,0.6948482
CNV/CNV-1997439-1.jpeg,retfound,0,0,mid,0.33,50.913,0.87237835,0.7665436,0.67636317
CNV/CNV-1997439-2.jpeg,retfound,0,0,mid,0.33,50.218204,0.8875265,0.7964351,0.6633648
CNV/CNV-1997439-3.jpeg,retfound,0,0,mid,0.33,51.096066,0.82728815,0.71759737,0.77697074
CNV/CNV-1997439-4.jpeg,retfound,0,0,mid,0.33,47.830433,0.87887776,0.7531024,0.6537415
CNV/CNV-1997439-5.jpeg,retfound,0,0,mid,0.33,47.52569,0.7939539,0.5798104,0.7263537
CNV/CNV-1997439-6.jpeg,retfound,0,0,mid,0.33,56.34071,0.9025303,0.6824088,0.7075934
CNV/CNV-1997439-7.jpeg,retfound,0,0,mid,0.33,55.846054,0.9092853,0.7104491,0.8103241
CNV/CNV-2025105-1.jpeg,retfound,0,0,mid,0.33,51.62239,0.82196885,0.66468185,0.7458223
CNV/CNV-204397-1.jpeg,retfound,0,0,mid,0.33,48.689762,0.81585383,0.5666291,0.63169134
CNV/CNV-2116022-1.jpeg,retfound,0,0,mid,0.33,56.99271,0.9065515,0.64999276,0.75835043
CNV/CNV-2141150-1.jpeg,retfound,0,0,mid,0.33,55.986538,0.9017531,0.73237056,0.727659
CNV/CNV-2141150-2.jpeg,retfound,0,0,mid,0.33,53.747368,0.88825256,0.6380371,0.8334079
CNV/CNV-2158821-1.jpeg,retfound,0,0,mid,0.33,49.89237,0.89668095,0.6459801,0.68838334
CNV/CNV-2158821-2.jpeg,retfound,0,0,mid,0.33,55.06932,0.9000365,0.58718,0.74308383
CNV/CNV-2168793-1.jpeg,retfound,0,0,mid,0.33,51.236256,0.850044,0.7065125,0.6285385
CNV/CNV-2177326-1.jpeg,retfound,0,0,mid,0.33,54.94528,0.8676025,0.65675527,0.6955539
CNV/CNV-218676-1.jpeg,retfound,0,0,mid,0.33,57.18009,0.90660703,0.6230053,0.8040999
CNV/CNV-2192440-1.jpeg,retfound,0,0,mid,0.33,50.981125,0.8988031,0.69660443,0.71409
CNV/CNV-2192440-2.jpeg,retfound,0,0,mid,0.33,52.43026,0.914978,0.7480209,0.74577165
CNV/CNV-2350851-1.jpeg,retfound,0,0,mid,0.33,50.65541,0.90592384,0.6488333,0.74128133
CNV/CNV-2438783-1.jpeg,retfound,0,0,mid,0.33,55.15519,0.9280097,0.7126104,0.7504916
CNV/CNV-2438783-2.jpeg,retfound,0,0,mid,0.33,52.270947,0.86620945,0.7331264,0.66935694
CNV/CNV-2541184-1.jpeg,retfound,0,0,mid,0.33,57.64286,0.9143617,0.6250172,0.7536472
CNV/CNV-2632189-1.jpeg,retfound,0,0,mid,0.33,50.619587,0.9236194,0.6851467,0.7271425
CNV/CNV-2692822-1.jpeg,retfound,0,0,mid,0.33,57.800125,0.9038495,0.74720716,0.74707055
CNV/CNV-2725524-1.jpeg,retfound,0,0,mid,0.33,53.00518,0.90893936,0.6338314,0.7576641
CNV/CNV-2725524-2.jpeg,retfound,0,0,mid,0.33,48.424168,0.8140322,0.67446816,0.5538985
CNV/CNV-2760476-1.jpeg,retfound,0,0,mid,0.33,48.22916,0.86695117,0.7380605,0.6699325
CNV/CNV-2959614-1.jpeg,retfound,0,0,mid,0.33,53.311417,0.9053868,0.6922677,0.71380365
CNV/CNV-2959614-2.jpeg,retfound,0,0,mid,0.33,55.846497,0.8864517,0.66560596,0.6855237
CNV/CNV-2959614-3.jpeg,retfound,0,0,mid,0.33,52.35087,0.7550482,0.6081097,0.70631963
CNV/CNV-2959614-4.jpeg,retfound,0,0,mid,0.33,50.415604,0.8879467,0.6608428,0.6956218
CNV/CNV-3030629-1.jpeg,retfound,0,0,mid,0.33,53.75951,0.84725785,0.7653127,0.7716919
CNV/CNV-3080163-1.jpeg,retfound,0,0,mid,0.33,56.35814,0.89747304,0.6427853,0.6942357
CNV/CNV-3080163-2.jpeg,retfound,0,0,mid,0.33,52.74808,0.872261,0.6043825,0.643016
CNV/CNV-3119854-1.jpeg,retfound,0,0,mid,0.33,51.113026,0.8528131,0.64492106,0.6316054
CNV/CNV-3163547-1.jpeg,retfound,0,0,mid,0.33,44.412964,0.7698399,0.63737625,0.5314477
CNV/CNV-3200277-1.jpeg,retfound,0,0,mid,0.33,53.721188,0.89101154,0.7838376,0.7590085
CNV/CNV-3200277-2.jpeg,retfound,0,0,mid,0.33,53.21978,0.73957753,0.52746165,0.5684079
CNV/CNV-3213586-1.jpeg,retfound,0,0,mid,0.33,47.655365,0.777935,0.61183655,0.7154424
CNV/CNV-3241692-1.jpeg,retfound,0,0,mid,0.33,56.785915,0.89979506,0.6758294,0.8240673
CNV/CNV-3241692-2.jpeg,retfound,0,0,mid,0.33,49.037613,0.91202176,0.6759416,0.7244266
CNV/CNV-328435-1.jpeg,retfound,0,0,mid,0.33,49.776875,0.86344594,0.70529115,0.73937273
CNV/CNV-3300060-1.jpeg,retfound,0,0,mid,0.33,54.24044,0.7722013,0.7860304,0.70404613
CNV/CNV-338282-1.jpeg,retfound,0,0,mid,0.33,51.73089,0.9339973,0.7065115,0.69668686
CNV/CNV-3424668-1.jpeg,retfound,0,0,mid,0.33,50.78891,0.85492635,0.7346934,0.71159756
CNV/CNV-3432812-1.jpeg,retfound,0,0,mid,0.33,52.103836,0.834374,0.6098611,0.81102145
CNV/CNV-3459091-1.jpeg,retfound,0,0,mid,0.33,54.022102,0.9014561,0.69428277,0.6466657
CNV/CNV-3541867-1.jpeg,retfound,0,0,mid,0.33,49.49397,0.8949216,0.70866865,0.7248882
CNV/CNV-3616460-1.jpeg,retfound,0,0,mid,0.33,50.27305,0.8501806,0.69707114,0.63251305
CNV/CNV-3618489-1.jpeg,retfound,0,0,mid,0.33,50.65724,0.85763144,0.747298,0.68293405
CNV/CNV-3618489-2.jpeg,retfound,0,0,mid,0.33,52.923073,0.79609156,0.60546243,0.8310555
CNV/CNV-364469-1.jpeg,retfound,0,0,mid,0.33,50.65855,0.79536605,0.72912467,0.77399707
CNV/CNV-364469-2.jpeg,retfound,0,0,mid,0.33,50.44005,0.85224074,0.65302014,0.72570527
CNV/CNV-364469-3.jpeg,retfound,0,0,mid,0.33,58.364475,0.8419491,0.5515367,0.84045446
CNV/CNV-3734032-1.jpeg,retfound,0,0,mid,0.33,49.766357,0.84903854,0.7284986,0.6170559
CNV/CNV-375851-1.jpeg,retfound,0,0,mid,0.33,56.90254,0.8830975,0.58830476,0.7307208
CNV/CNV-3847391-1.jpeg,retfound,0,0,mid,0.33,51.01722,0.8916048,0.619907,0.66746795
CNV/CNV-412653-1.jpeg,retfound,0,0,mid,0.33,50.088978,0.89336634,0.7046644,0.7794232
CNV/CNV-417468-1.jpeg,retfound,0,0,mid,0.33,51.52288,0.77654207,0.75807774,0.7982617
CNV/CNV-4244160-1.jpeg,retfound,0,0,mid,0.33,54.905636,0.88106585,0.6364573,0.7151637
CNV/CNV-4244160-2.jpeg,retfound,0,0,mid,0.33,55.000496,0.911088,0.60981923,0.7762742
CNV/CNV-4244160-3.jpeg,retfound,0,0,mid,0.33,59.105755,0.9276959,0.68650687,0.7823613
CNV/CNV-4274486-1.jpeg,retfound,0,0,mid,0.33,50.778343,0.8256388,0.7232345,0.7580639
CNV/CNV-4283050-1.jpeg,retfound,0,0,mid,0.33,49.45742,0.76229674,0.71944714,0.70754516
CNV/CNV-4283050-2.jpeg,retfound,0,0,mid,0.33,53.55917,0.8432549,0.7401038,0.7900697
CNV/CNV-4464785-1.jpeg,retfound,0,0,mid,0.33,55.066814,0.9119421,0.6814445,0.789912
CNV/CNV-451136-1.jpeg,retfound,0,0,mid,0.33,51.360817,0.8621932,0.719436,0.64850485
CNV/CNV-451136-2.jpeg,retfound,0,0,mid,0.33,51.94279,0.83327127,0.7478664,0.65115684
CNV/CNV-451136-3.jpeg,retfound,0,0,mid,0.33,50.988167,0.8699868,0.767612,0.64651716
CNV/CNV-451136-4.jpeg,retfound,0,0,mid,0.33,54.341476,0.875098,0.7682805,0.70420456
CNV/CNV-451136-5.jpeg,retfound,0,0,mid,0.33,51.603806,0.8876576,0.70055866,0.69110525
CNV/CNV-451136-6.jpeg,retfound,0,0,mid,0.33,53.619354,0.86000574,0.6981066,0.6959516
CNV/CNV-451136-7.jpeg,retfound,0,0,mid,0.33,54.961365,0.8626127,0.6923728,0.7312918
CNV/CNV-457527-1.jpeg,retfound,0,0,mid,0.33,50.32944,0.87011063,0.6030853,0.66554654
CNV/CNV-457907-1.jpeg,retfound,0,0,mid,0.33,53.773956,0.9192746,0.68295467,0.7210306
CNV/CNV-460403-1.jpeg,retfound,0,0,mid,0.33,53.723667,0.9180781,0.7377551,0.72681427
CNV/CNV-4643364-1.jpeg,retfound,0,0,mid,0.33,52.147953,0.9123938,0.6398413,0.6947988
CNV/CNV-4674526-1.jpeg,retfound,0,0,mid,0.33,58.152092,0.8871541,0.7487853,0.72472006
CNV/CNV-4740418-1.jpeg,retfound,0,0,mid,0.33,51.774548,0.8938849,0.7483032,0.7072694
CNV/CNV-4775389-1.jpeg,retfound,0,0,mid,0.33,54.35317,0.918544,0.6070818,0.7482327
CNV/CNV-4884091-1.jpeg,retfound,0,0,mid,0.33,48.762096,0.8737029,0.80034363,0.7065406
CNV/CNV-4907724-1.jpeg,retfound,0,0,mid,0.33,51.914185,0.87413526,0.67968327,0.7715981
CNV/CNV-4974377-1.jpeg,retfound,0,0,mid,0.33,49.75425,0.89394027,0.62877965,0.707242
CNV/CNV-5054419-1.jpeg,retfound,0,0,mid,0.33,55.707214,0.9247178,0.62631595,0.7624878
CNV/CNV-5054419-2.jpeg,retfound,0,0,mid,0.33,53.755108,0.9227049,0.6556579,0.72342753
CNV/CNV-53018-1.jpeg,retfound,0,0,mid,0.33,53.75758,0.7980419,0.66964877,0.7607734
CNV/CNV-53018-2.jpeg,retfound,0,0,mid,0.33,56.05377,0.7704433,0.6406615,0.7878833
CNV/CNV-538779-1.jpeg,retfound,0,0,mid,0.33,51.361668,0.9093282,0.6050711,0.69848955
CNV/CNV-538779-2.jpeg,retfound,0,0,mid,0.33,57.027027,0.89718115,0.56132305,0.76101923
CNV/CNV-5409617-1.jpeg,retfound,0,0,mid,0.33,53.93972,0.9087769,0.7094716,0.73588705
CNV/CNV-5429703-1.jpeg,retfound,0,0,mid,0.33,49.848267,0.8953642,0.6355905,0.6585723
CNV/CNV-5429703-2.jpeg,retfound,0,0,mid,0.33,51.83363,0.893414,0.7687378,0.712294
CNV/CNV-5431636-1.jpeg,retfound,0,0,mid,0.33,56.21025,0.8763183,0.5964922,0.77079844
CNV/CNV-5431636-2.jpeg,retfound,0,0,mid,0.33,59.401596,0.92678106,0.6359687,0.77046436
CNV/CNV-5457415-1.jpeg,retfound,0,0,mid,0.33,55.12145,0.89278924,0.6374775,0.76689374
CNV/CNV-5536678-1.jpeg,retfound,0,0,mid,0.33,53.28727,0.90394276,0.70620376,0.7295504
CNV/CNV-5536678-2.jpeg,retfound,0,0,mid,0.33,50.78473,0.8765706,0.5977137,0.71302044
CNV/CNV-5557306-1.jpeg,retfound,0,0,mid,0.33,51.209724,0.88176113,0.62331474,0.7947689
CNV/CNV-5594757-1.jpeg,retfound,0,0,mid,0.33,48.140186,0.871004,0.6244883,0.6771465
CNV/CNV-5594757-2.jpeg,retfound,0,0,mid,0.33,52.931866,0.8919466,0.64123684,0.7257136
CNV/CNV-5603164-1.jpeg,retfound,0,0,mid,0.33,57.58822,0.8680701,0.7218463,0.6835027
CNV/CNV-564246-1.jpeg,retfound,0,0,mid,0.33,52.776222,0.792155,0.82965624,0.59021795
CNV/CNV-5674369-1.jpeg,retfound,0,0,mid,0.33,50.552155,0.89251107,0.7513013,0.6514287
CNV/CNV-5674369-2.jpeg,retfound,0,0,mid,0.33,54.06509,0.9225249,0.69901294,0.68006015
CNV/CNV-5674369-3.jpeg,retfound,0,0,mid,0.33,53.69588,0.8870009,0.64528084,0.7411244
CNV/CNV-5674369-4.jpeg,retfound,0,0,mid,0.33,54.92398,0.88626367,0.6745704,0.72604835
CNV/CNV-5674369-5.jpeg,retfound,0,0,mid,0.33,55.58189,0.93339443,0.6776652,0.7667479
CNV/CNV-5760454-1.jpeg,retfound,0,0,mid,0.33,50.040775,0.83292055,0.56800497,0.6847528
CNV/CNV-5813701-1.jpeg,retfound,0,0,mid,0.33,54.547215,0.9020873,0.62923884,0.6945629
CNV/CNV-5813701-2.jpeg,retfound,0,0,mid,0.33,53.36467,0.8405365,0.6414371,0.67288053
CNV/CNV-5813701-3.jpeg,retfound,0,0,mid,0.33,56.826916,0.9119524,0.682729,0.7237968
CNV/CNV-5824631-1.jpeg,retfound,0,0,mid,0.33,55.322296,0.9234886,0.7492557,0.73030317
CNV/CNV-5861916-1.jpeg,retfound,0,0,mid,0.33,46.408474,0.86552745,0.74561036,0.63498497
CNV/CNV-5861916-2.jpeg,retfound,0,0,mid,0.33,53.842842,0.8464992,0.6337259,0.6760541
CNV/CNV-5861916-3.jpeg,retfound,0,0,mid,0.33,52.060207,0.9012556,0.68971694,0.69292593
CNV/CNV-5861916-4.jpeg,retfound,0,0,mid,0.33,53.132202,0.876759,0.70940995,0.6970196
CNV/CNV-5861916-5.jpeg,retfound,0,0,mid,0.33,53.52595,0.9103091,0.70694923,0.74778235
CNV/CNV-5904584-1.jpeg,retfound,0,0,mid,0.33,49.514175,0.9038776,0.79755974,0.6813935
CNV/CNV-5904584-2.jpeg,retfound,0,0,mid,0.33,55.33334,0.906616,0.67577845,0.7539227
CNV/CNV-5904584-3.jpeg,retfound,0,0,mid,0.33,51.38565,0.87235034,0.64466953,0.7047194
CNV/CNV-5969175-1.jpeg,retfound,0,0,mid,0.33,58.18916,0.8784555,0.62040806,0.8299625
CNV/CNV-5969175-2.jpeg,retfound,0,0,mid,0.33,55.458717,0.90688914,0.67155886,0.7538915
CNV/CNV-6053140-1.jpeg,retfound,0,0,mid,0.33,51.10906,0.74851245,0.51927626,0.77330947
CNV/CNV-6190971-1.jpeg,retfound,0,0,mid,0.33,57.354805,0.93793875,0.7582283,0.78040266
CNV/CNV-6215140-1.jpeg,retfound,0,0,mid,0.33,53.897514,0.9310245,0.7012282,0.7406374
CNV/CNV-6215140-2.jpeg,retfound,0,0,mid,0.33,49.436893,0.8890956,0.6481365,0.64149356
CNV/CNV-624911-1.jpeg,retfound,0,0,mid,0.33,54.131104,0.8677339,0.74625576,0.68971884
CNV/CNV-624911-2.jpeg,retfound,0,0,mid,0.33,53.024403,0.8904469,0.75837624,0.71286154
CNV/CNV-624911-3.jpeg,retfound,0,0,mid,0.33,56.00695,0.8980684,0.71678954,0.6959362
CNV/CNV-6256161-1.jpeg,retfound,0,0,mid,0.33,47.96101,0.76422423,0.5080123,0.6848906
CNV/CNV-732516-1.jpeg,retfound,0,0,mid,0.33,52.826927,0.90320575,0.691428,0.71701425
CNV/CNV-732516-2.jpeg,retfound,0,0,mid,0.33,47.706154,0.89737886,0.71431935,0.7218773
CNV/CNV-732516-3.jpeg,retfound,0,0,mid,0.33,51.87437,0.8763144,0.6325403,0.6639908
CNV/CNV-732516-4.jpeg,retfound,0,0,mid,0.33,51.95576,0.843064,0.6117296,0.6770834
CNV/CNV-743852-1.jpeg,retfound,0,0,mid,0.33,46.90592,0.9013326,0.75878257,0.68712115
CNV/CNV-776149-1.jpeg,retfound,0,0,mid,0.33,56.002937,0.9127717,0.64172083,0.75415194
CNV/CNV-779442-1.jpeg,retfound,0,0,mid,0.33,52.585625,0.87608635,0.6698575,0.79333794
CNV/CNV-779442-2.jpeg,retfound,0,0,mid,0.33,46.978832,0.7997047,0.6376327,0.6724413
CNV/CNV-779442-3.jpeg,retfound,0,0,mid,0.33,48.334045,0.70291257,0.43956175,0.60739434
CNV/CNV-781814-1.jpeg,retfound,0,0,mid,0.33,54.446724,0.81887984,0.62013096,0.5513479
CNV/CNV-794538-1.jpeg,retfound,0,0,mid,0.33,58.62737,0.88244146,0.634982,0.7878117
CNV/CNV-794538-2.jpeg,retfound,0,0,mid,0.33,54.172302,0.8903973,0.6284852,0.77634037
CNV/CNV-81630-1.jpeg,retfound,0,0,mid,0.33,51.894787,0.82357514,0.6880888,0.64915586
CNV/CNV-81630-2.jpeg,retfound,0,0,mid,0.33,50.126667,0.90077454,0.72667867,0.6773225
CNV/CNV-81630-3.jpeg,retfound,0,0,mid,0.33,50.04256,0.8728379,0.7690617,0.6754558
CNV/CNV-81630-4.jpeg,retfound,0,0,mid,0.33,50.637222,0.88974816,0.74150026,0.7062649
CNV/CNV-827677-1.jpeg,retfound,0,0,mid,0.33,54.69949,0.93202364,0.68771863,0.72578895
CNV/CNV-830921-1.jpeg,retfound,0,0,mid,0.33,53.640324,0.7664869,0.53775024,0.7352736
CNV/CNV-865813-1.jpeg,retfound,0,0,mid,0.33,52.23676,0.9125371,0.6126571,0.75248444
CNV/CNV-904464-1.jpeg,retfound,0,0,mid,0.33,55.265636,0.8794476,0.58510065,0.68231875
CNV/CNV-904464-2.jpeg,retfound,0,0,mid,0.33,53.955208,0.9129863,0.68176925,0.7075998
CNV/CNV-904464-3.jpeg,retfound,0,0,mid,0.33,52.384953,0.88293636,0.68055046,0.67036283
CNV/CNV-904464-4.jpeg,retfound,0,0,mid,0.33,51.578827,0.8815967,0.75324273,0.7041651
CNV/CNV-909994-1.jpeg,retfound,0,0,mid,0.33,53.362133,0.8858949,0.7774379,0.77275395
CNV/CNV-933576-1.jpeg,retfound,0,0,mid,0.33,52.34055,0.92742157,0.68272007,0.7719533
CNV/CNV-933576-2.jpeg,retfound,0,0,mid,0.33,54.56392,0.94035625,0.71511424,0.7670157
CNV/CNV-933576-3.jpeg,retfound,0,0,mid,0.33,57.142918,0.902516,0.7292359,0.7654347
CNV/CNV-933576-4.jpeg,retfound,0,0,mid,0.33,54.273804,0.87170887,0.6380723,0.72761583
CNV/CNV-954024-1.jpeg,retfound,0,0,mid,0.33,53.453514,0.9005935,0.63512784,0.7132647
CNV/CNV-987193-1.jpeg,retfound,0,0,mid,0.33,54.18632,0.91687465,0.7422489,0.69148743
CNV/CNV-987193-2.jpeg,retfound,0,0,mid,0.33,57.192215,0.9057952,0.6867186,0.8270371
CNV/CNV-995513-1.jpeg,retfound,0,0,mid,0.33,54.052307,0.85549295,0.65748,0.76723117
DME/DME-1081406-1.jpeg,retfound,0,0,mid,0.33,49.762707,0.55168056,0.7794888,0.5686884
DME/DME-1102486-1.jpeg,retfound,0,0,mid,0.33,46.718056,0.5685183,0.69887674,0.47283077
DME/DME-1102486-2.jpeg,retfound,0,0,mid,0.33,44.28106,0.32455748,0.65301836,0.24889892
DME/DME-1102486-3.jpeg,retfound,0,0,mid,0.33,41.55238,0.4480638,0.5362747,0.2259589
DME/DME-1102486-4.jpeg,retfound,0,0,mid,0.33,41.966152,0.38867408,0.71000636,0.2449834
DME/DME-11053-1.jpeg,retfound,0,0,mid,0.33,34.737366,0.16524836,0.47163922,0.3389086
DME/DME-119840-1.jpeg,retfound,0,0,mid,0.33,41.753483,0.35005945,0.5725297,0.5360173
DME/DME-1274315-1.jpeg,retfound,0,0,mid,0.33,48.28333,0.7215972,0.80328846,0.4991578
DME/DME-1274315-2.jpeg,retfound,0,0,mid,0.33,43.725994,0.58373404,0.7032753,0.3772744
DME/DME-138971-1.jpeg,retfound,0,0,mid,0.33,39.882595,0.39009738,0.78836167,0.38801515
DME/DME-138971-2.jpeg,retfound,0,0,mid,0.33,44.29332,0.46924576,0.75018334,0.49881792
DME/DME-1430899-1.jpeg,retfound,0,0,mid,0.33,47.98437,0.5486965,0.71904963,0.52424824
DME/DME-1479682-1.jpeg,retfound,0,0,mid,0.33,49.016197,0.71457416,0.7764088,0.5867245
DME/DME-15208-1.jpeg,retfound,0,0,mid,0.33,48.95193,0.59458745,0.7461989,0.5236686
DME/DME-15208-2.jpeg,retfound,0,0,mid,0.33,39.6238,0.26670855,0.44884783,0.19128016
DME/DME-2091157-1.jpeg,retfound,0,0,mid,0.33,42.894325,0.6840142,0.7797048,0.6480371
DME/DME-2105194-1.jpeg,retfound,0,0,mid,0.33,37.93755,0.46672732,0.4286809,0.389335
DME/DME-2126962-1.jpeg,retfound,0,0,mid,0.33,49.424892,0.6721363,0.8099097,0.6768086
DME/DME-2261889-1.jpeg,retfound,0,0,mid,0.33,42.567776,0.49900645,0.41473496,0.43898654
DME/DME-2556938-1.jpeg,retfound,0,0,mid,0.33,44.179653,0.37109408,0.64507806,0.46227854
DME/DME-2630113-1.jpeg,retfound,0,0,mid,0.33,43.231895,0.5319499,0.6445508,0.55300796
DME/DME-2630665-1.jpeg,retfound,0,0,mid,0.33,46.888126,0.5313238,0.73941195,0.36756316
DME/DME-269181-1.jpeg,retfound,0,0,mid,0.33,41.129883,0.5166772,0.75381196,0.40032172
DME/DME-269181-2.jpeg,retfound,0,0,mid,0.33,38.907284,0.42049253,0.7436416,0.35388088
DME/DME-269181-3.jpeg,retfound,0,0,mid,0.33,49.374664,0.533183,0.7697021,0.642925
DME/DME-2716523-1.jpeg,retfound,0,0,mid,0.33,44.956028,0.5591187,0.690819,0.4634446
DME/DME-2763635-1.jpeg,retfound,0,0,mid,0.33,44.350365,0.5623921,0.77897984,0.45188612
DME/DME-30521-1.jpeg,retfound,0,0,mid,0.33,45.557426,0.5400232,0.69152576,0.6337866
DME/DME-30521-10.jpeg,retfound,0,0,mid,0.33,44.305824,0.5489931,0.5180701,0.49975225
DME/DME-30521-11.jpeg,retfound,0,0,mid,0.33,48.17596,0.5243452,0.7196416,0.60615194
DME/DME-30521-12.jpeg,retfound,0,0,mid,0.33,48.75552,0.615345,0.60653514,0.6549326
DME/DME-30521-13.jpeg,retfound,0,0,mid,0.33,46.5169,0.6146047,0.7464805,0.64489454
DME/DME-30521-2.jpeg,retfound,0,0,mid,0.33,35.679035,0.36975825,0.4517445,0.3863225
DME/DME-30521-3.jpeg,retfound,0,0,mid,0.33,42.201134,0.39426783,0.6580499,0.38118276
DME/DME-30521-4.jpeg,retfound,0,0,mid,0.33,42.58031,0.44160122,0.5688383,0.39022654
DME/DME-30521-5.jpeg,retfound,0,0,mid,0.33,49.112183,0.5825696,0.7840414,0.60625905
DME/DME-30521-6.jpeg,retfound,0,0,mid,0.33,46.482918,0.60722387,0.6776836,0.5777099
DME/DME-30521-7.jpeg,retfound,0,0,mid,0.33,44.97501,0.5674374,0.6396071,0.55398345
DME/DME-30521-8.jpeg,retfound,0,0,mid,0.33,38.996746,0.5155548,0.5890602,0.49615952
DME/DME-30521-9.jpeg,retfound,0,0,mid,0.33,42.5117,0.52822685,0.6100018,0.50073016
DME/DME-306172-1.jpeg,retfound,0,0,mid,0.33,48.18582,0.63499856,0.80838525,0.54774684
DME/DME-3064922-1.jpeg,retfound,0,0,mid,0.33,50.085835,0.785723,0.7763462,0.6605381
DME/DME-3157783-1.jpeg,retfound,0,0,mid,0.33,44.440315,0.4355952,0.73438644,0.35654765
DME/DME-323904-1.jpeg,retfound,0,0,mid,0.33,40.2977,0.37794954,0.7060865,0.29771847
DME/DME-323904-2.jpeg,retfound,0,0,mid,0.33,51.526184,0.58326554,0.77858007,0.6572642
DME/DME-3288089-1.jpeg,retfound,0,0,mid,0.33,50.07694,0.8576577,0.7975514,0.7019026
DME/DME-3475211-1.jpeg,retfound,0,0,mid,0.33,37.20037,0.46855623,0.49648112,0.39827567
DME/DME-3722280-1.jpeg,retfound,0,0,mid,0.33,41.178127,0.52329093,0.42412373,0.56344974
DME/DME-3731953-1.jpeg,retfound,0,0,mid,0.33,47.320713,0.5664823,0.805819,0.6188618
DME/DME-37503-1.jpeg,retfound,0,0,mid,0.33,38.032394,0.4039102,0.63327175,0.3834645
DME/DME-3791742-1.jpeg,retfound,0,0,mid,0.33,48.229637,0.47362483,0.7947303,0.48390087
DME/DME-3810791-1.jpeg,retfound,0,0,mid,0.33,42.876213,0.6057565,0.66837907,0.49088252
DME/DME-3921035-1.jpeg,retfound,0,0,mid,0.33,38.442703,0.5050216,0.3749221,0.3895923
DME/DME-4079773-1.jpeg,retfound,0,0,mid,0.33,35.439342,-0.07893308,-0.0030118357,-0.10696231
DME/DME-4117019-1.jpeg,retfound,0,0,mid,0.33,39.19914,0.16399679,0.09608435,0.23120415
DME/DME-4146088-1.jpeg,retfound,0,0,mid,0.33,25.286812,-0.10926311,0.08723618,-0.12946534
DME/DME-4240465-1.jpeg,retfound,0,0,mid,0.33,44.097824,0.31924942,0.52899045,0.33765906
DME/DME-4240465-2.jpeg,retfound,0,0,mid,0.33,44.37519,0.55308545,0.73047805,0.45729172
DME/DME-4244491-1.jpeg,retfound,0,0,mid,0.33,44.345665,0.608625,0.78649753,0.3929249
DME/DME-4298019-1.jpeg,retfound,0,0,mid,0.33,38.80492,0.16462117,0.4748845,0.20027858
DME/DME-4336607-1.jpeg,retfound,0,0,mid,0.33,42.374752,0.5635618,0.6990938,0.44211215
DME/DME-4478609-1.jpeg,retfound,0,0,mid,0.33,41.971497,0.7057141,0.7530122,0.6489599
DME/DME-4616882-1.jpeg,retfound,0,0,mid,0.33,41.268505,0.34485388,0.56121314,0.42161638
DME/DME-462675-1.jpeg,retfound,0,0,mid,0.33,45.710575,0.60710245,0.681646,0.5960891
DME/DME-4634094-1.jpeg,retfound,0,0,mid,0.33,43.163067,0.4570899,0.62664163,0.43506593
DME/DME-4634094-2.jpeg,retfound,0,0,mid,0.33,48.7115,0.705614,0.8162879,0.7139232
DME/DME-4658666-1.jpeg,retfound,0,0,mid,0.33,39.662525,0.30480683,0.5262204,0.1355214
DME/DME-4732091-1.jpeg,retfound,0,0,mid,0.33,43.982937,0.5774461,0.7079278,0.43506202
DME/DME-4732091-2.jpeg,retfound,0,0,mid,0.33,46.77612,0.69722974,0.8046097,0.5375186
DME/DME-4804900-1.jpeg,retfound,0,0,mid,0.33,35.12709,0.24228704,0.0766061,0.19637331
DME/DME-4897748-1.jpeg,retfound,0,0,mid,0.33,40.31183,0.4644453,0.5825343,0.41170502
DME/DME-4940184-1.jpeg,retfound,0,0,mid,0.33,41.988132,0.31913665,0.42521036,0.47692922
DME/DME-4989358-1.jpeg,retfound,0,0,mid,0.33,41.32466,0.5856576,0.7102361,0.5387695
DME/DME-5014129-1.jpeg,retfound,0,0,mid,0.33,39.719948,0.41743308,0.5237875,0.443496
DME/DME-5014129-2.jpeg,retfound,0,0,mid,0.33,39.256245,0.29513177,0.52377903,0.32717016
DME/DME-5071032-1.jpeg,retfound,0,0,mid,0.33,44.52872,0.6255555,0.77754915,0.6720845
DME/DME-5072525-1.jpeg,retfound,0,0,mid,0.33,45.528603,0.698496,0.7405209,0.50086176
DME/DME-5434248-1.jpeg,retfound,0,0,mid,0.33,44.47911,0.36619163,0.5624292,0.4011361
DME/DME-5465575-1.jpeg,retfound,0,0,mid,0.33,45.118263,0.7124618,0.74031574,0.50254554
DME/DME-5497895-1.jpeg,retfound,0,0,mid,0.33,42.924244,0.69145,0.7973808,0.5867195
DME/DME-563695-1.jpeg,retfound,0,0,mid,0.33,40.409386,0.45274734,0.7075044,0.45598876
DME/DME-563695-2.jpeg,retfound,0,0,mid,0.33,42.157604,0.5303825,0.8675692,0.4816504
DME/DME-5656004-1.jpeg,retfound,0,0,mid,0.33,46.275066,0.5550125,0.6949074,0.52851224
DME/DME-5713682-1.jpeg,retfound,0,0,mid,0.33,50.602844,0.82901895,0.83215046,0.73026514
DME/DME-57603-1.jpeg,retfound,0,0,mid,0.33,45.608887,0.42210278,0.678104,0.36230743
DME/DME-5760454-1.jpeg,retfound,0,0,mid,0.33,31.960426,0.13000944,0.41731918,0.084912896
DME/DME-5768195-1.jpeg,retfound,0,0,mid,0.33,44.304523,0.49227402,0.7416222,0.491303
DME/DME-5796574-1.jpeg,retfound,0,0,mid,0.33,49.199623,0.7084077,0.7441383,0.52255774
DME/DME-5796574-2.jpeg,retfound,0,0,mid,0.33,46.369465,0.7263013,0.78849316,0.5818148
DME/DME-5802218-1.jpeg,retfound,0,0,mid,0.33,52.485825,0.82321763,0.68346924,0.68206453
DME/DME-5834001-1.jpeg,retfound,0,0,mid,0.33,42.338367,0.6468525,0.70880425,0.40826958
DME/DME-5843591-1.jpeg,retfound,0,0,mid,0.33,36.111423,0.420682,0.5500004,0.36807114
DME/DME-5864085-1.jpeg,retfound,0,0,mid,0.33,42.95522,0.35189885,0.68497777,0.27651763
DME/DME-5912153-1.jpeg,retfound,0,0,mid,0.33,40.54975,0.36734676,0.6029766,0.26472908
DME/DME-5975636-1.jpeg,retfound,0,0,mid,0.33,30.703152,-0.04790944,0.06125059,0.110502034
DME/DME-5981434-1.jpeg,retfound,0,0,mid,0.33,31.33574,-0.13763873,0.08777724,-0.122275084
DME/DME-6090983-1.jpeg,retfound,0,0,mid,0.33,37.538544,0.12783757,0.36074317,0.12866282
DME/DME-6151003-1.jpeg,retfound,0,0,mid,0.33,31.731878,0.16622788,0.31757107,0.10966749
DME/DME-6296605-1.jpeg,retfound,0,0,mid,0.33,39.42036,0.33253863,0.6042042,0.4676529
DME/DME-6314020-1.jpeg,retfound,0,0,mid,0.33,46.337097,0.6261895,0.84104425,0.56257135
DME/DME-633268-1.jpeg,retfound,0,0,mid,0.33,47.278698,0.6876459,0.69928885,0.56498057
DME/DME-6383847-1.jpeg,retfound,0,0,mid,0.33,44.34843,0.56233376,0.6720414,0.5135101
DME/DME-6434323-1.jpeg,retfound,0,0,mid,0.33,31.346552,-0.109759286,-0.09396379,-0.054009907
DME/DME-671384-1.jpeg,retfound,0,0,mid,0.33,40.944565,0.31026796,0.65292734,0.40622148
DME/DME-6716735-1.jpeg,retfound,0,0,mid,0.33,40.2337,0.5165225,0.75477135,0.42512214
DME/DME-6716735-2.jpeg,retfound,0,0,mid,0.33,35.631706,0.25926322,0.5331438,0.1512573
DME/DME-70266-1.jpeg,retfound,0,0,mid,0.33,47.34368,0.65625376,0.70330536,0.5447
DME/DME-70266-2.jpeg,retfound,0,0,mid,0.33,49.526432,0.67817605,0.7774588,0.5818193
DME/DME-70266-3.jpeg,retfound,0,0,mid,0.33,45.579166,0.6718848,0.71068,0.53341985
DME/DME-7027665-1.jpeg,retfound,0,0,mid,0.33,42.434017,0.39601815,0.62642264,0.48222175
DME/DME-7194085-1.jpeg,retfound,0,0,mid,0.33,44.33246,0.6027076,0.7015807,0.57014406
DME/DME-7239304-1.jpeg,retfound,0,0,mid,0.33,43.22943,0.36554736,0.70600474,0.34852603
DME/DME-7248535-1.jpeg,retfound,0,0,mid,0.33,45.606777,0.4054879,0.68196356,0.37914482
DME/DME-7432714-1.jpeg,retfound,0,0,mid,0.33,43.499542,0.383879,0.61450016,0.42739886
DME/DME-7434518-1.jpeg,retfound,0,0,mid,0.33,30.223026,0.098133944,-0.06341356,0.14429593
DME/DME-7469235-1.jpeg,retfound,0,0,mid,0.33,41.717976,0.2772906,0.36785233,0.20390326
DME/DME-7503514-1.jpeg,retfound,0,0,mid,0.33,42.51769,0.50657356,0.64040416,0.40798587
DME/DME-7558688-1.jpeg,retfound,0,0,mid,0.33,46.28563,0.5563783,0.67425054,0.6225539
DME/DME-7573590-1.jpeg,retfound,0,0,mid,0.33,46.826893,0.644961,0.802794,0.5592317
DME/DME-7578162-1.jpeg,retfound,0,0,mid,0.33,44.84421,0.48783284,0.6837008,0.50788295
DME/DME-7585263-1.jpeg,retfound,0,0,mid,0.33,40.672756,0.52674925,0.7840887,0.44761294
DME/DME-7585263-2.jpeg,retfound,0,0,mid,0.33,39.82989,0.48681712,0.72754115,0.40768993
DME/DME-7585263-3.jpeg,retfound,0,0,mid,0.33,45.995052,0.5803591,0.6867067,0.49735937
DME/DME-7591008-1.jpeg,retfound,0,0,mid,0.33,46.052685,0.5382273,0.71091175,0.3980655
DME/DME-7614088-1.jpeg,retfound,0,0,mid,0.33,44.87986,0.6570089,0.6930018,0.5631529
DME/DME-7650134-1.jpeg,retfound,0,0,mid,0.33,41.55844,0.26890576,0.34658188,0.2822729
DME/DME-7650134-2.jpeg,retfound,0,0,mid,0.33,40.469143,0.3729756,0.4307729,0.2943077
DME/DME-7706610-1.jpeg,retfound,0,0,mid,0.33,45.04666,0.5832784,0.6567662,0.50869036
DME/DME-7706610-2.jpeg,retfound,0,0,mid,0.33,47.25821,0.5769733,0.64662856,0.5841282
DME/DME-7706610-3.jpeg,retfound,0,0,mid,0.33,46.500454,0.6436177,0.7264764,0.5257919
DME/DME-7756213-1.jpeg,retfound,0,0,mid,0.33,45.801167,0.541474,0.44202483,0.45115775
DME/DME-7757895-1.jpeg,retfound,0,0,mid,0.33,45.4409,0.5862271,0.83707,0.58157873
DME/DME-7763916-1.jpeg,retfound,0,0,mid,0.33,43.063656,0.35861808,0.64077157,0.2963622
DME/DME-7780589-1.jpeg,retfound,0,0,mid,0.33,46.40676,0.3594708,0.7215675,0.36688143
DME/DME-778975-1.jpeg,retfound,0,0,mid,0.33,40.60348,0.38794577,0.71009314,0.27106994
DME/DME-778975-2.jpeg,retfound,0,0,mid,0.33,47.90424,0.55256265,0.80475056,0.57282954
DME/DME-7793366-1.jpeg,retfound,0,0,mid,0.33,37.5061,0.32913244,0.59713185,0.18950343
DME/DME-7837305-1.jpeg,retfound,0,0,mid,0.33,40.47916,0.62179756,0.74912745,0.4539544
DME/DME-7837305-2.jpeg,retfound,0,0,mid,0.33,44.05841,0.66984725,0.6782341,0.4869756
DME/DME-7837305-3.jpeg,retfound,0,0,mid,0.33,38.206078,0.25371024,0.44758984,0.23167369
DME/DME-7837305-4.jpeg,retfound,0,0,mid,0.33,42.409893,0.40556908,0.67602885,0.36691916
DME/DME-7837305-5.jpeg,retfound,0,0,mid,0.33,46.264046,0.5683768,0.7301141,0.45998663
DME/DME-7843891-1.jpeg,retfound,0,0,mid,0.33,36.629616,0.3906364,0.6415027,0.34304634
DME/DME-7846574-1.jpeg,retfound,0,0,mid,0.33,43.476974,0.443673,0.7250843,0.42380875
DME/DME-7870558-1.jpeg,retfound,0,0,mid,0.33,44.088936,0.4766169,0.50814515,0.5068271
DME/DME-7870558-2.jpeg,retfound,0,0,mid,0.33,38.978325,0.3895234,0.42414644,0.3785689
DME/DME-7870558-3.jpeg,retfound,0,0,mid,0.33,36.399426,0.22505848,0.47293198,0.26572803
DME/DME-7870558-4.jpeg,retfound,0,0,mid,0.33,36.271057,0.10470995,0.4289142,0.18513727
DME/DME-7907461-1.jpeg,retfound,0,0,mid,0.33,36.29073,0.3730961,0.3347963,0.29291365
DME/DME-7918201-1.jpeg,retfound,0,0,mid,0.33,39.161236,0.37117302,0.26361915,0.37316182
DME/DME-7918201-2.jpeg,retfound,0,0,mid,0.33,43.450424,0.51695675,0.6988162,0.44155014
DME/DME-7928636-1.jpeg,retfound,0,0,mid,0.33,47.158794,0.42111674,0.66519713,0.38893902
DME/DME-7928636-2.jpeg,retfound,0,0,mid,0.33,46.81482,0.5344907,0.74852705,0.3804956
DME/DME-7934335-1.jpeg,retfound,0,0,mid,0.33,41.685375,0.5515214,0.62897205,0.52716833
DME/DME-7939555-1.jpeg,retfound,0,0,mid,0.33,43.908554,0.65293896,0.8013704,0.597524
DME/DME-7939555-2.jpeg,retfound,0,0,mid,0.33,41.923443,0.62890404,0.77654064,0.6152668
DME/DME-7939555-3.jpeg,retfound,0,0,mid,0.33,35.866177,0.24141729,0.58664286,0.09416537
DME/DME-7939555-4.jpeg,retfound,0,0,mid,0.33,43.383522,0.53954726,0.75958645,0.49461213
DME/DME-7939555-5.jpeg,retfound,0,0,mid,0.33,36.436695,0.43257397,0.6139395,0.4468075
DME/DME-7972888-1.jpeg,retfound,0,0,mid,0.33,44.74049,0.55534744,0.7301084,0.49592376
DME/DME-7983936-1.jpeg,retfound,0,0,mid,0.33,49.165813,0.5843417,0.5617167,0.44552097
DME/DME-7990001-1.jpeg,retfound,0,0,mid,0.33,50.222237,0.8152149,0.6611048,0.78214353
DME/DME-8000885-1.jpeg,retfound,0,0,mid,0.33,40.487072,0.38869178,0.7156331,0.39146936
DME/DME-8019418-1.jpeg,retfound,0,0,mid,0.33,44.617363,0.490768,0.5801747,0.5481618
DME/DME-8019418-2.jpeg,retfound,0,0,mid,0.33,44.82351,0.41086224,0.59268165,0.41393012
DME/DME-8019418-3.jpeg,retfound,0,0,mid,0.33,46.97684,0.59774613,0.684021,0.58744764
DME/DME-8019418-4.jpeg,retfound,0,0,mid,0.33,43.61178,0.40261805,0.6872945,0.32152414
DME/DME-8021831-1.jpeg,retfound,0,0,mid,0.33,39.71189,0.4088258,0.71291286,0.2705069
DME/DME-8056259-1.jpeg,retfound,0,0,mid,0.33,46.853992,0.54264754,0.77627754,0.5686933
DME/DME-8080050-1.jpeg,retfound,0,0,mid,0.33,41.66624,0.72412086,0.6604626,0.5190332
DME/DME-8130267-1.jpeg,retfound,0,0,mid,0.33,41.714508,0.42047656,0.7212031,0.3675328
DME/DME-8136649-1.jpeg,retfound,0,0,mid,0.33,43.432346,0.4354323,0.6122426,0.36219144
DME/DME-8167779-1.jpeg,retfound,0,0,mid,0.33,43.20751,0.47275668,0.44950318,0.6340847
DME/DME-8177380-1.jpeg,retfound,0,0,mid,0.33,40.938232,0.45791045,0.42316628,0.45647192
DME/DME-8177380-2.jpeg,retfound,0,0,mid,0.33,34.94634,0.27725405,0.23455542,0.32298207
DME/DME-8177380-3.jpeg,retfound,0,0,mid,0.33,36.717888,0.37455666,0.26877183,0.30193704
DME/DME-8200056-1.jpeg,retfound,0,0,mid,0.33,39.853806,0.30893975,0.59476423,0.4453748
DME/DME-8200056-2.jpeg,retfound,0,0,mid,0.33,42.015144,0.45363432,0.6312517,0.40705165
DME/DME-8200056-3.jpeg,retfound,0,0,mid,0.33,38.721848,0.32494074,0.6392265,0.35404086
DME/DME-8218042-1.jpeg,retfound,0,0,mid,0.33,40.609684,0.4272658,0.58700836,0.5203195
DME/DME-8231523-1.jpeg,retfound,0,0,mid,0.33,33.879337,0.111243956,0.38838637,0.22354227
DME/DME-82328-1.jpeg,retfound,0,0,mid,0.33,47.14806,0.5624719,0.7530767,0.5744082
DME/DME-8366524-1.jpeg,retfound,0,0,mid,0.33,34.189716,0.08503349,0.058459066,0.022341168
DME/DME-8366524-2.jpeg,retfound,0,0,mid,0.33,37.49446,0.09443647,0.13578193,0.18143372
DME/DME-8426419-1.jpeg,retfound,0,0,mid,0.33,45.233265,0.73789185,0.74319947,0.60772467
DME/DME-8426419-2.jpeg,retfound,0,0,mid,0.33,45.573036,0.5717651,0.71834713,0.58695793
DME/DME-8457431-1.jpeg,retfound,0,0,mid,0.33,46.29554,0.6533025,0.729357,0.5310336
DME/DME-8469406-1.jpeg,retfound,0,0,mid,0.33,41.768734,0.676567,0.707398,0.4943729
DME/DME-8472707-1.jpeg,retfound,0,0,mid,0.33,38.80067,0.23543842,0.457426,0.080407366
DME/DME-8477096-1.jpeg,retfound,0,0,mid,0.33,40.87088,0.4338222,0.50318944,0.44449097
DME/DME-8525575-1.jpeg,retfound,0,0,mid,0.33,37.14237,0.1451516,0.4596737,0.15343687
DME/DME-8525575-2.jpeg,retfound,0,0,mid,0.33,36.06407,0.33771354,0.49382862,0.27838364
DME/DME-8525575-3.jpeg,retfound,0,0,mid,0.33,48.75793,0.5319891,0.6473007,0.54418373
DME/DME-8525575-4.jpeg,retfound,0,0,mid,0.33,40.610043,0.40390626,0.6120828,0.33198637
DME/DME-8525575-5.jpeg,retfound,0,0,mid,0.33,42.665676,0.48877504,0.5953256,0.5356131
DME/DME-8525575-6.jpeg,retfound,0,0,mid,0.33,38.56895,0.4132176,0.5194263,0.36303166
DME/DME-8525575-7.jpeg,retfound,0,0,mid,0.33,45.57843,0.47453952,0.6873775,0.3523879
DME/DME-8525575-8.jpeg,retfound,0,0,mid,0.33,38.192314,0.42612147,0.5900771,0.42315823
DME/DME-8589279-1.jpeg,retfound,0,0,mid,0.33,43.526993,0.5487497,0.7483902,0.52040553
DME/DME-8602716-1.jpeg,retfound,0,0,mid,0.33,42.473267,0.54113114,0.65207916,0.4782855
DME/DME-8602716-2.jpeg,retfound,0,0,mid,0.33,36.5776,0.26356822,0.40793467,0.2275759
DME/DME-8602716-3.jpeg,retfound,0,0,mid,0.33,41.625576,0.50392693,0.7145604,0.50548464
DME/DME-8602716-4.jpeg,retfound,0,0,mid,0.33,36.014656,0.2690967,0.51010394,0.26475704
DME/DME-8615417-1.jpeg,retfound,0,0,mid,0.33,46.45978,0.48858947,0.7818122,0.44522053
DME/DME-8615417-2.jpeg,retfound,0,0,mid,0.33,51.542538,0.61592996,0.7588722,0.66599226
DME/DME-8635355-1.jpeg,retfound,0,0,mid,0.33,43.94455,0.68086857,0.78221273,0.6110038
DME/DME-8635355-2.jpeg,retfound,0,0,mid,0.33,38.056473,0.23141922,0.5860361,0.20339635
DME/DME-8729675-1.jpeg,retfound,0,0,mid,0.33,42.421772,0.52322996,0.5595937,0.5493145
DME/DME-8729675-2.jpeg,retfound,0,0,mid,0.33,38.249924,0.2542789,0.3367902,0.16523431
DME/DME-8732456-1.jpeg,retfound,0,0,mid,0.33,40.62789,0.41213912,0.6514658,0.42974
DME/DME-8766603-1.jpeg,retfound,0,0,mid,0.33,36.495293,0.2791439,0.61843246,0.3450105
DME/DME-8807486-1.jpeg,retfound,0,0,mid,0.33,32.996605,0.14866212,0.24249741,0.13238119
DME/DME-8847144-1.jpeg,retfound,0,0,mid,0.33,36.701168,0.46093285,0.79668504,0.47899044
DME/DME-8851193-1.jpeg,retfound,0,0,mid,0.33,45.5633,0.6980813,0.6850486,0.6212237
DME/DME-8861620-1.jpeg,retfound,0,0,mid,0.33,45.72058,0.49872714,0.8038319,0.49275577
DME/DME-8861620-2.jpeg,retfound,0,0,mid,0.33,39.98761,0.45617023,0.7922492,0.38746685
DME/DME-8861620-3.jpeg,retfound,0,0,mid,0.33,45.312256,0.5582493,0.7608361,0.46342906
DME/DME-8889771-1.jpeg,retfound,0,0,mid,0.33,42.330246,0.43435362,0.61402047,0.26551992
DME/DME-8889771-2.jpeg,retfound,0,0,mid,0.33,41.465527,0.39349025,0.7437568,0.4561135
DME/DME-8889771-3.jpeg,retfound,0,0,mid,0.33,38.95866,0.37740982,0.6710143,0.31607908
DME/DME-8889771-4.jpeg,retfound,0,0,mid,0.33,40.56148,0.33494994,0.65125597,0.34355724
DME/DME-8908847-1.jpeg,retfound,0,0,mid,0.33,38.549385,0.1467123,0.37311426,0.25953257
DME/DME-8989419-1.jpeg,retfound,0,0,mid,0.33,43.272667,0.5182889,0.7681738,0.41762826
DME/DME-9066695-1.jpeg,retfound,0,0,mid,0.33,44.05511,0.59339535,0.6822967,0.48284858
DME/DME-9109143-1.jpeg,retfound,0,0,mid,0.33,47.864243,0.7018415,0.69234693,0.5049349
DME/DME-910956-1.jpeg,retfound,0,0,mid,0.33,43.513565,0.54116696,0.6066055,0.55715966
DME/DME-9211360-1.jpeg,retfound,0,0,mid,0.33,33.862225,0.33888254,0.6435265,0.2375864
DME/DME-9211360-2.jpeg,retfound,0,0,mid,0.33,49.6443,0.7471742,0.829849,0.7118517
DME/DME-9241179-1.jpeg,retfound,0,0,mid,0.33,48.67766,0.6215701,0.5331974,0.6102739
DME/DME-9333524-1.jpeg,retfound,0,0,mid,0.33,46.514503,0.49524048,0.72677696,0.5439169
DME/DME-9361825-1.jpeg,retfound,0,0,mid,0.33,48.00039,0.5320746,0.74911124,0.42909628
DME/DME-9378346-1.jpeg,retfound,0,0,mid,0.33,47.5452,0.71596944,0.8301911,0.52936137
DME/DME-9378346-2.jpeg,retfound,0,0,mid,0.33,48.474792,0.78307253,0.78799343,0.5445207
DME/DME-9378346-3.jpeg,retfound,0,0,mid,0.33,45.89115,0.6840968,0.8218733,0.54582965
DME/DME-9428363-1.jpeg,retfound,0,0,mid,0.33,40.510796,0.4435199,0.615505,0.40802372
DME/DME-9488073-1.jpeg,retfound,0,0,mid,0.33,39.611492,0.43149424,0.60008097,0.41025913
DME/DME-9488073-2.jpeg,retfound,0,0,mid,0.33,47.44905,0.56969655,0.71813154,0.53286517
DME/DME-9504297-1.jpeg,retfound,0,0,mid,0.33,40.878616,0.60143745,0.752613,0.38715345
DME/DME-9557298-1.jpeg,retfound,0,0,mid,0.33,41.626293,0.29986098,0.5003238,0.35109824
DME/DME-9579219-1.jpeg,retfound,0,0,mid,0.33,44.309643,0.5466982,0.5904695,0.38828307
DME/DME-98994-1.jpeg,retfound,0,0,mid,0.33,47.568024,0.7224038,0.796677,0.55892456
DME/DME-98994-2.jpeg,retfound,0,0,mid,0.33,47.66904,0.6532378,0.8034035,0.54247254
DRUSEN/DRUSEN-1083159-1.jpeg,retfound,0,0,mid,0.33,50.904716,0.61948,0.46805802,0.8414389
DRUSEN/DRUSEN-1112835-1.jpeg,retfound,0,0,mid,0.33,46.307343,0.5889259,0.62935436,0.64158916
DRUSEN/DRUSEN-1173253-1.jpeg,retfound,0,0,mid,0.33,60.638554,0.7873243,0.58431196,0.8921671
DRUSEN/DRUSEN-1193659-1.jpeg,retfound,0,0,mid,0.33,51.577522,0.7118541,0.6152806,0.85138685
DRUSEN/DRUSEN-1219727-1.jpeg,retfound,0,0,mid,0.33,46.768944,0.63160634,0.40347382,0.7415102
DRUSEN/DRUSEN-1225603-1.jpeg,retfound,0,0,mid,0.33,39.219585,0.3833524,0.21742702,0.56364983
DRUSEN/DRUSEN-1225603-2.jpeg,retfound,0,0,mid,0.33,35.44616,0.29405144,0.18232732,0.49113643
DRUSEN/DRUSEN-1237848-1.jpeg,retfound,0,0,mid,0.33,50.548042,0.6630793,0.505038,0.84252894
DRUSEN/DRUSEN-1237848-2.jpeg,retfound,0,0,mid,0.33,40.88816,0.33905286,0.44921392,0.4966238
DRUSEN/DRUSEN-1237848-3.jpeg,retfound,0,0,mid,0.33,44.237175,0.35734195,0.2505419,0.53776854
DRUSEN/DRUSEN-1246453-1.jpeg,retfound,0,0,mid,0.33,46.73374,0.69082755,0.47633994,0.6605246
DRUSEN/DRUSEN-1487749-1.jpeg,retfound,0,0,mid,0.33,40.835148,0.5076844,0.39251363,0.63497007
DRUSEN/DRUSEN-1487749-2.jpeg,retfound,0,0,mid,0.33,40.915718,0.4328916,0.19060847,0.66165656
DRUSEN/DRUSEN-1487749-3.jpeg,retfound,0,0,mid,0.33,46.70606,0.44705167,0.29207328,0.68605345
DRUSEN/DRUSEN-1487749-4.jpeg,retfound,0,0,mid,0.33,37.15529,0.31098974,0.22061464,0.44949338
DRUSEN/DRUSEN-1530990-1.jpeg,retfound,0,0,mid,0.33,45.21439,0.64026606,0.432337,0.7305814
DRUSEN/DRUSEN-1730592-1.jpeg,retfound,0,0,mid,0.33,49.217052,0.66305697,0.46077225,0.7707331
DRUSEN/DRUSEN-1786810-1.jpeg,retfound,0,0,mid,0.33,48.48762,0.62967515,0.58359796,0.7736563
DRUSEN/DRUSEN-1786810-2.jpeg,retfound,0,0,mid,0.33,49.61087,0.64355916,0.4486735,0.76274836
DRUSEN/DRUSEN-1786810-3.jpeg,retfound,0,0,mid,0.33,56.554955,0.71713424,0.5776114,0.86030054
DRUSEN/DRUSEN-1789270-1.jpeg,retfound,0,0,mid,0.33,50.314526,0.64287317,0.49649218,0.8485378
DRUSEN/DRUSEN-1793499-1.jpeg,retfound,0,0,mid,0.33,50.603046,0.6058427,0.41359437,0.7793428
DRUSEN/DRUSEN-1912508-1.jpeg,retfound,0,0,mid,0.33,50.6967,0.65355724,0.577909,0.81963545
DRUSEN/DRUSEN-1997439-1.jpeg,retfound,0,0,mid,0.33,48.037407,0.531611,0.42193002,0.76218164
DRUSEN/DRUSEN-1997439-2.jpeg,retfound,0,0,mid,0.33,47.294563,0.6027055,0.40314665,0.76584905
DRUSEN/DRUSEN-1997439-3.jpeg,retfound,0,0,mid,0.33,43.214745,0.4983366,0.40013364,0.7406086
DRUSEN/DRUSEN-1997439-4.jpeg,retfound,0,0,mid,0.33,45.83576,0.58437777,0.52767813,0.76125634
DRUSEN/DRUSEN-2108193-1.jpeg,retfound,0,0,mid,0.33,46.448547,0.6022795,0.34232986,0.6319257
DRUSEN/DRUSEN-2108193-2.jpeg,retfound,0,0,mid,0.33,54.548084,0.74592453,0.4431613,0.80910987
DRUSEN/DRUSEN-2128644-1.jpeg,retfound,0,0,mid,0.33,53.198086,0.7507242,0.49307394,0.82421505
DRUSEN/DRUSEN-2128644-2.jpeg,retfound,0,0,mid,0.33,51.17979,0.63786566,0.43565398,0.72388625
DRUSEN/DRUSEN-2128644-3.jpeg,retfound,0,0,mid,0.33,56.8576,0.7404857,0.6409906,0.9015265
DRUSEN/DRUSEN-2141150-1.jpeg,retfound,0,0,mid,0.33,43.47561,0.41178566,0.37360042,0.5920371
DRUSEN/DRUSEN-2156263-1.jpeg,retfound,0,0,mid,0.33,59.252277,0.8051828,0.67531943,0.87977636
DRUSEN/DRUSEN-2173657-1.jpeg,retfound,0,0,mid,0.33,44.957035,0.512723,0.37279943,0.7386948
DRUSEN/DRUSEN-2180220-1.jpeg,retfound,0,0,mid,0.33,55.131428,0.63649386,0.53160465,0.79726106
DRUSEN/DRUSEN-2185112-1.jpeg,retfound,0,0,mid,0.33,50.679066,0.58524,0.4318845,0.75979435
DRUSEN/DRUSEN-2185112-2.jpeg,retfound,0,0,mid,0.33,57.941902,0.70270693,0.41143382,0.82641065
DRUSEN/DRUSEN-2232211-1.jpeg,retfound,0,0,mid,0.33,48.847008,0.582216,0.5112796,0.8189979
DRUSEN/DRUSEN-2253582-1.jpeg,retfound,0,0,mid,0.33,54.05243,0.7508066,0.61739135,0.82661676
DRUSEN/DRUSEN-2257047-1.jpeg,retfound,0,0,mid,0.33,43.699757,0.6162429,0.36301476,0.7727063
DRUSEN/DRUSEN-2257047-2.jpeg,retfound,0,0,mid,0.33,53.0361,0.695144,0.5528483,0.71892935
DRUSEN/DRUSEN-2257047-3.jpeg,retfound,0,0,mid,0.33,50.374218,0.6215654,0.52858555,0.8141569
DRUSEN/DRUSEN-2257047-4.jpeg,retfound,0,0,mid,0.33,48.747868,0.567173,0.46330965,0.7936022
DRUSEN/DRUSEN-2257047-5.jpeg,retfound,0,0,mid,0.33,47.2879,0.5663513,0.41311955,0.7657405
DRUSEN/DRUSEN-2257047-6.jpeg,retfound,0,0,mid,0.33,50.936718,0.5919507,0.5280268,0.75671107
DRUSEN/DRUSEN-2257047-7.jpeg,retfound,0,0,mid,0.33,44.396103,0.39468986,0.28292045,0.6439347
DRUSEN/DRUSEN-2257047-8.jpeg,retfound,0,0,mid,0.33,49.706543,0.52923954,0.39934462,0.7072438
DRUSEN/DRUSEN-228939-1.jpeg,retfound,0,0,mid,0.33,45.54228,0.575443,0.37477273,0.7669752
DRUSEN/DRUSEN-228939-2.jpeg,retfound,0,0,mid,0.33,40.85715,0.3441136,0.2778628,0.555644
DRUSEN/DRUSEN-2308158-1.jpeg,retfound,0,0,mid,0.33,31.915112,0.1727272,-0.01009417,0.36699468
DRUSEN/DRUSEN-2403178-1.jpeg,retfound,0,0,mid,0.33,39.14914,0.20914054,0.06691411,0.39967123
DRUSEN/DRUSEN-2403178-2.jpeg,retfound,0,0,mid,0.33,54.78668,0.6941806,0.41273424,0.78419566
DRUSEN/DRUSEN-2403178-3.jpeg,retfound,0,0,mid,0.33,56.03092,0.78150326,0.61299604,0.84275794
DRUSEN/DRUSEN-2403178-4.jpeg,retfound,0,0,mid,0.33,46.59506,0.6505266,0.47986653,0.6466613
DRUSEN/DRUSEN-2403178-5.jpeg,retfound,0,0,mid,0.33,51.142498,0.66888,0.57066715,0.8004681
DRUSEN/DRUSEN-2403178-6.jpeg,retfound,0,0,mid,0.33,48.285904,0.49587828,0.37064448,0.6783029
DRUSEN/DRUSEN-2443068-1.jpeg,retfound,0,0,mid,0.33,41.546837,0.39703536,0.36453563,0.66465336
DRUSEN/DRUSEN-2489093-1.jpeg,retfound,0,0,mid,0.33,48.67768,0.6483726,0.44663596,0.701139
DRUSEN/DRUSEN-2489093-2.jpeg,retfound,0,0,mid,0.33,42.83182,0.59234506,0.5377662,0.6828656
DRUSEN/DRUSEN-2510299-1.jpeg,retfound,0,0,mid,0.33,56.992016,0.7419479,0.48102733,0.87046826
DRUSEN/DRUSEN-2510299-2.jpeg,retfound,0,0,mid,0.33,48.078705,0.65026325,0.5555082,0.77834594
DRUSEN/DRUSEN-2541184-1.jpeg,retfound,0,0,mid,0.33,51.18291,0.67899054,0.59445155,0.81597173
DRUSEN/DRUSEN-2785977-1.jpeg,retfound,0,0,mid,0.33,46.091194,0.6293284,0.36596707,0.7452137
DRUSEN/DRUSEN-2951435-1.jpeg,retfound,0,0,mid,0.33,53.04014,0.7327845,0.6342489,0.87624514
DRUSEN/DRUSEN-3017923-1.jpeg,retfound,0,0,mid,0.33,58.773674,0.6534733,0.4839651,0.87421715
DRUSEN/DRUSEN-303435-1.jpeg,retfound,0,0,mid,0.33,48.386917,0.5717138,0.5733434,0.7648543
DRUSEN/DRUSEN-3214955-1.jpeg,retfound,0,0,mid,0.33,57.562016,0.7118672,0.52051127,0.82330155
DRUSEN/DRUSEN-3241692-1.jpeg,retfound,0,0,mid,0.33,55.324997,0.65567887,0.5258291,0.8199136
DRUSEN/DRUSEN-3276918-1.jpeg,retfound,0,0,mid,0.33,44.217247,0.48821062,0.21131063,0.66943073
DRUSEN/DRUSEN-3276918-2.jpeg,retfound,0,0,mid,0.33,43.91618,0.3401252,0.30502704,0.5380242
DRUSEN/DRUSEN-3317878-1.jpeg,retfound,0,0,mid,0.33,47.299393,0.5480944,0.5078167,0.73554003
DRUSEN/DRUSEN-3424668-1.jpeg,retfound,0,0,mid,0.33,52.21559,0.6849616,0.5152484,0.86045825
DRUSEN/DRUSEN-3424668-2.jpeg,retfound,0,0,mid,0.33,50.67739,0.71850735,0.46149307,0.82389903
DRUSEN/DRUSEN-3424668-3.jpeg,retfound,0,0,mid,0.33,49.966038,0.649968,0.48922423,0.78700954
DRUSEN/DRUSEN-3424668-4.jpeg,retfound,0,0,mid,0.33,49.49,0.5415876,0.4238968,0.71930283
DRUSEN/DRUSEN-3439251-1.jpeg,retfound,0,0,mid,0.33,56.542076,0.75185025,0.512274,0.85874116
DRUSEN/DRUSEN-3439251-2.jpeg,retfound,0,0,mid,0.33,56.581745,0.72371876,0.6202848,0.82143366
DRUSEN/DRUSEN-3482415-1.jpeg,retfound,0,0,mid,0.33,50.236874,0.5844374,0.46974513,0.8127946
DRUSEN/DRUSEN-349021-1.jpeg,retfound,0,0,mid,0.33,55.3319,0.61467886,0.43911338,0.79709935
DRUSEN/DRUSEN-349021-2.jpeg,retfound,0,0,mid,0.33,52.32289,0.7338035,0.49906713,0.7938823
DRUSEN/DRUSEN-3571629-1.jpeg,retfound,0,0,mid,0.33,54.97924,0.61558676,0.4602936,0.8186072
DRUSEN/DRUSEN-364469-1.jpeg,retfound,0,0,mid,0.33,50.692745,0.6951966,0.55018914,0.81477696
DRUSEN/DRUSEN-364469-2.jpeg,retfound,0,0,mid,0.33,48.992325,0.6154628,0.45514458,0.7960441
DRUSEN/DRUSEN-364469-3.jpeg,retfound,0,0,mid,0.33,40.747784,0.57143337,0.46360445,0.67007214
DRUSEN/DRUSEN-364469-4.jpeg,retfound,0,0,mid,0.33,47.57576,0.585495,0.36112136,0.7484957
DRUSEN/DRUSEN-4240777-1.jpeg,retfound,0,0,mid,0.33,45.148376,0.49857867,0.48963687,0.6753372
DRUSEN/DRUSEN-4291972-1.jpeg,retfound,0,0,mid,0.33,54.419586,0.72943807,0.52696335,0.85535026
DRUSEN/DRUSEN-4293095-1.jpeg,retfound,0,0,mid,0.33,59.447094,0.8452579,0.5099826,0.84578943
DRUSEN/DRUSEN-4293095-2.jpeg,retfound,0,0,mid,0.33,52.181892,0.5372978,0.31127638,0.7217229
DRUSEN/DRUSEN-4304015-1.jpeg,retfound,0,0,mid,0.33,57.23835,0.6891135,0.5234791,0.8660891
DRUSEN/DRUSEN-4314625-1.jpeg,retfound,0,0,mid,0.33,48.296406,0.47388732,0.34698063,0.70716786
DRUSEN/DRUSEN-4343867-1.jpeg,retfound,0,0,mid,0.33,58.68294,0.79024196,0.53310084,0.889747
DRUSEN/DRUSEN-4343867-2.jpeg,retfound,0,0,mid,0.33,55.133747,0.62968695,0.42544872,0.81468725
DRUSEN/DRUSEN-4379246-1.jpeg,retfound,0,0,mid,0.33,53.31863,0.67043734,0.45537502,0.7856246
DRUSEN/DRUSEN-4379246-2.jpeg,retfound,0,0,mid,0.33,53.148422,0.5592543,0.43123102,0.7576967
DRUSEN/DRUSEN-457907-1.jpeg,retfound,0,0,mid,0.33,54.98441,0.78482366,0.63125706,0.79997504
DRUSEN/DRUSEN-4666680-1.jpeg,retfound,0,0,mid,0.33,58.867,0.73940414,0.52979183,0.8714982
DRUSEN/DRUSEN-4666680-2.jpeg,retfound,0,0,mid,0.33,51.064957,0.51294994,0.40430522,0.7421585
DRUSEN/DRUSEN-4696998-1.jpeg,retfound,0,0,mid,0.33,45.861507,0.67205036,0.3964917,0.77571297
DRUSEN/DRUSEN-4878077-1.jpeg,retfound,0,0,mid,0.33,53.798992,0.75925434,0.5829166,0.82076645
DRUSEN/DRUSEN-4878077-2.jpeg,retfound,0,0,mid,0.33,52.469345,0.67129207,0.52029586,0.83579755
DRUSEN/DRUSEN-4878077-3.jpeg,retfound,0,0,mid,0.33,56.181965,0.77389437,0.67216855,0.8922602
DRUSEN/DRUSEN-4878077-4.jpeg,retfound,0,0,mid,0.33,53.94211,0.79419684,0.56510127,0.84146523
DRUSEN/DRUSEN-4878077-5.jpeg,retfound,0,0,mid,0.33,49.495266,0.7058836,0.59123963,0.7728502
DRUSEN/DRUSEN-4878077-6.jpeg,retfound,0,0,mid,0.33,56.25013,0.64726067,0.51757586,0.82727396
DRUSEN/DRUSEN-4904794-1.jpeg,retfound,0,0,mid,0.33,49.998905,0.6702874,0.36028737,0.72260195
DRUSEN/DRUSEN-4951152-1.jpeg,retfound,0,0,mid,0.33,49.050163,0.62162507,0.4553906,0.7229842
DRUSEN/DRUSEN-4973287-1.jpeg,retfound,0,0,mid,0.33,53.24268,0.7642352,0.6205046,0.83095115
DRUSEN/DRUSEN-5094722-1.jpeg,retfound,0,0,mid,0.33,50.859226,0.5147157,0.57749873,0.68374175
DRUSEN/DRUSEN-525301-1.jpeg,retfound,0,0,mid,0.33,49.94479,0.6517267,0.6477014,0.79358745
DRUSEN/DRUSEN-5331157-1.jpeg,retfound,0,0,mid,0.33,48.257454,0.54533577,0.38804328,0.7070862
DRUSEN/DRUSEN-538779-1.jpeg,retfound,0,0,mid,0.33,34.827198,0.28572372,0.22855796,0.5487812
DRUSEN/DRUSEN-5443411-1.jpeg,retfound,0,0,mid,0.33,52.600002,0.7715452,0.62049973,0.809435
DRUSEN/DRUSEN-5477211-1.jpeg,retfound,0,0,mid,0.33,51.83999,0.6787642,0.4993071,0.8284023
DRUSEN/DRUSEN-5477211-2.jpeg,retfound,0,0,mid,0.33,53.958004,0.69542813,0.45644763,0.8044944
DRUSEN/DRUSEN-5710007-1.jpeg,retfound,0,0,mid,0.33,56.490704,0.66994005,0.5406839,0.8476337
DRUSEN/DRUSEN-5710007-2.jpeg,retfound,0,0,mid,0.33,54.47641,0.76242805,0.6630229,0.8252394
DRUSEN/DRUSEN-5753467-1.jpeg,retfound,0,0,mid,0.33,46.427387,0.4204642,0.27863452,0.64686704
DRUSEN/DRUSEN-5801431-1.jpeg,retfound,0,0,mid,0.33,48.253517,0.6496496,0.5916846,0.79753447
DRUSEN/DRUSEN-584218-1.jpeg,retfound,0,0,mid,0.33,46.162727,0.6036394,0.51308113,0.71983397
DRUSEN/DRUSEN-5864720-1.jpeg,retfound,0,0,mid,0.33,54.79009,0.66428435,0.46298885,0.85278946
DRUSEN/DRUSEN-5864720-2.jpeg,retfound,0,0,mid,0.33,54.187748,0.6352328,0.4436798,0.8177359
DRUSEN/DRUSEN-5929729-1.jpeg,retfound,0,0,mid,0.33,55.061066,0.6788727,0.4726393,0.8662338
DRUSEN/DRUSEN-609387-1.jpeg,retfound,0,0,mid,0.33,44.96205,0.4039713,0.4166759,0.67026323
DRUSEN/DRUSEN-609387-2.jpeg,retfound,0,0,mid,0.33,44.819397,0.53369296,0.38975516,0.7669246
DRUSEN/DRUSEN-609387-3.jpeg,retfound,0,0,mid,0.33,52.892586,0.6741295,0.5456541,0.8425343
DRUSEN/DRUSEN-6190971-1.jpeg,retfound,0,0,mid,0.33,54.400414,0.7275214,0.43487176,0.7590019
DRUSEN/DRUSEN-6190971-2.jpeg,retfound,0,0,mid,0.33,55.343155,0.6587895,0.43934453,0.8454622
DRUSEN/DRUSEN-6193297-1.jpeg,retfound,0,0,mid,0.33,55.05163,0.77541524,0.5385338,0.8337158
DRUSEN/DRUSEN-6193297-2.jpeg,retfound,0,0,mid,0.33,57.408638,0.7611934,0.546245,0.85088676
DRUSEN/DRUSEN-6193297-3.jpeg,retfound,0,0,mid,0.33,54.528812,0.672259,0.5224484,0.8824179
DRUSEN/DRUSEN-6193297-4.jpeg,retfound,0,0,mid,0.33,47.795692,0.56686807,0.4329539,0.74089134
DRUSEN/DRUSEN-6193297-5.jpeg,retfound,0,0,mid,0.33,50.702652,0.75411904,0.47251502,0.80796117
DRUSEN/DRUSEN-6264369-1.jpeg,retfound,0,0,mid,0.33,46.476856,0.65317094,0.48824617,0.8041499
DRUSEN/DRUSEN-7064008-1.jpeg,retfound,0,0,mid,0.33,49.308422,0.54288816,0.37985992,0.7454937
DRUSEN/DRUSEN-7199590-1.jpeg,retfound,0,0,mid,0.33,50.928658,0.6430639,0.43770996,0.8161639
DRUSEN/DRUSEN-732516-1.jpeg,retfound,0,0,mid,0.33,50.292107,0.59096664,0.48563564,0.7686833
DRUSEN/DRUSEN-732516-2.jpeg,retfound,0,0,mid,0.33,52.09882,0.63574386,0.597876,0.77875996
DRUSEN/DRUSEN-732516-3.jpeg,retfound,0,0,mid,0.33,51.86984,0.61751175,0.4182431,0.7965878
DRUSEN/DRUSEN-7345121-1.jpeg,retfound,0,0,mid,0.33,38.264915,0.42248672,0.39625764,0.39809382
DRUSEN/DRUSEN-7350225-1.jpeg,retfound,0,0,mid,0.33,41.575333,0.44960654,0.31429708,0.5900716
DRUSEN/DRUSEN-7373858-1.jpeg,retfound,0,0,mid,0.33,51.6518,0.6057164,0.52968633,0.7558198
DRUSEN/DRUSEN-7393104-1.jpeg,retfound,0,0,mid,0.33,50.717674,0.6711515,0.47907636,0.80096936
DRUSEN/DRUSEN-7513011-1.jpeg,retfound,0,0,mid,0.33,54.44979,0.6813926,0.5399746,0.8560444
DRUSEN/DRUSEN-7555604-1.jpeg,retfound,0,0,mid,0.33,54.23977,0.7503445,0.54320264,0.86703044
DRUSEN/DRUSEN-7555604-2.jpeg,retfound,0,0,mid,0.33,45.311275,0.63357806,0.58460593,0.72306097
DRUSEN/DRUSEN-7557808-1.jpeg,retfound,0,0,mid,0.33,51.74318,0.6291143,0.3981632,0.77081716
DRUSEN/DRUSEN-7563760-1.jpeg,retfound,0,0,mid,0.33,54.78434,0.756495,0.5316543,0.8261448
DRUSEN/DRUSEN-7675318-1.jpeg,retfound,0,0,mid,0.33,53.00209,0.68643194,0.47073743,0.82661504
DRUSEN/DRUSEN-7675318-2.jpeg,retfound,0,0,mid,0.33,56.996674,0.69027185,0.491897,0.8576133
DRUSEN/DRUSEN-7710023-1.jpeg,retfound,0,0,mid,0.33,45.95258,0.7210257,0.54862785,0.7981007
DRUSEN/DRUSEN-7710023-2.jpeg,retfound,0,0,mid,0.33,48.147102,0.6917349,0.44562003,0.81327766
DRUSEN/DRUSEN-7763772-1.jpeg,retfound,0,0,mid,0.33,50.306114,0.496554,0.53939915,0.7598704
DRUSEN/DRUSEN-781814-1.jpeg,retfound,0,0,mid,0.33,54.17424,0.7261822,0.5353507,0.8509942
DRUSEN/DRUSEN-783692-1.jpeg,retfound,0,0,mid,0.33,53.98531,0.7129916,0.4561852,0.8089431
DRUSEN/DRUSEN-7915033-1.jpeg,retfound,0,0,mid,0.33,60.837654,0.76405865,0.53831,0.8569292
DRUSEN/DRUSEN-7915033-2.jpeg,retfound,0,0,mid,0.33,56.041855,0.62384164,0.3700189,0.8022932
DRUSEN/DRUSEN-7915033-3.jpeg,retfound,0,0,mid,0.33,53.291576,0.65388405,0.5191088,0.8317597
DRUSEN/DRUSEN-8023853-1.jpeg,retfound,0,0,mid,0.33,49.132523,0.6806813,0.44531375,0.83209306
DRUSEN/DRUSEN-8039905-1.jpeg,retfound,0,0,mid,0.33,54.430588,0.84676933,0.62590766,0.85832113
DRUSEN/DRUSEN-8074563-1.jpeg,retfound,0,0,mid,0.33,42.75674,0.32328403,0.41270903,0.5371041
DRUSEN/DRUSEN-8074563-2.jpeg,retfound,0,0,mid,0.33,48.29717,0.5657741,0.5580317,0.75967497
DRUSEN/DRUSEN-8074563-3.jpeg,retfound,0,0,mid,0.33,45.97743,0.54530084,0.5304208,0.7555296
DRUSEN/DRUSEN-8086850-1.jpeg,retfound,0,0,mid,0.33,46.91228,0.565776,0.356328,0.7207979
DRUSEN/DRUSEN-8086850-2.jpeg,retfound,0,0,mid,0.33,60.00868,0.6206068,0.50104064,0.8682906
DRUSEN/DRUSEN-8086850-3.jpeg,retfound,0,0,mid,0.33,55.476154,0.65444946,0.5214591,0.84994614
DRUSEN/DRUSEN-8086850-4.jpeg,retfound,0,0,mid,0.33,55.92967,0.6117922,0.48716456,0.84602916
DRUSEN/DRUSEN-8086850-5.jpeg,retfound,0,0,mid,0.33,57.923035,0.7608428,0.5741525,0.87252223
DRUSEN/DRUSEN-8086850-6.jpeg,retfound,0,0,mid,0.33,57.123264,0.7537385,0.51884514,0.88629395
DRUSEN/DRUSEN-8086850-7.jpeg,retfound,0,0,mid,0.33,48.444054,0.5520624,0.48894465,0.77064645
DRUSEN/DRUSEN-8086850-8.jpeg,retfound,0,0,mid,0.33,43.5967,0.47947916,0.28377843,0.74121755
DRUSEN/DRUSEN-8117834-1.jpeg,retfound,0,0,mid,0.33,42.431316,0.552835,0.3174547,0.58211744
DRUSEN/DRUSEN-8213975-1.jpeg,retfound,0,0,mid,0.33,53.268726,0.6516848,0.53591204,0.78389543
DRUSEN/DRUSEN-8251771-1.jpeg,retfound,0,0,mid,0.33,49.31115,0.68639755,0.5540592,0.7751061
DRUSEN/DRUSEN-8261063-1.jpeg,retfound,0,0,mid,0.33,49.636925,0.58014834,0.46199012,0.7660333
DRUSEN/DRUSEN-8261063-2.jpeg,retfound,0,0,mid,0.33,50.270847,0.5871017,0.56778944,0.7107043
DRUSEN/DRUSEN-8261063-3.jpeg,retfound,0,0,mid,0.33,41.06227,0.34535915,0.45969325,0.4325799
DRUSEN/DRUSEN-8261063-4.jpeg,retfound,0,0,mid,0.33,49.986584,0.596436,0.5926608,0.7541112
DRUSEN/DRUSEN-8261063-5.jpeg,retfound,0,0,mid,0.33,46.620773,0.58396566,0.38214132,0.6117444
DRUSEN/DRUSEN-8261063-6.jpeg,retfound,0,0,mid,0.33,49.654728,0.5909405,0.5583025,0.7747785
DRUSEN/DRUSEN-8261063-7.jpeg,retfound,0,0,mid,0.33,51.87595,0.55395573,0.36514196,0.75544226
DRUSEN/DRUSEN-827677-1.jpeg,retfound,0,0,mid,0.33,43.3382,0.48203093,0.4339183,0.63907635
DRUSEN/DRUSEN-8281517-1.jpeg,retfound,0,0,mid,0.33,51.240253,0.68745875,0.55151343,0.79212046
DRUSEN/DRUSEN-8292670-1.jpeg,retfound,0,0,mid,0.33,49.71758,0.72694093,0.66982675,0.86395895
DRUSEN/DRUSEN-8319985-1.jpeg,retfound,0,0,mid,0.33,42.80837,0.36699003,0.34205866,0.4670852
DRUSEN/DRUSEN-8339642-1.jpeg,retfound,0,0,mid,0.33,32.819912,-0.034151006,0.06516766,0.07244336
DRUSEN/DRUSEN-8345703-1.jpeg,retfound,0,0,mid,0.33,35.777225,0.15688501,0.0071691014,0.32780063
DRUSEN/DRUSEN-8345703-2.jpeg,retfound,0,0,mid,0.33,39.31702,0.40325582,0.14612035,0.488054
DRUSEN/DRUSEN-8351260-1.jpeg,retfound,0,0,mid,0.33,44.153603,0.32772988,0.3767531,0.64042383
DRUSEN/DRUSEN-8351260-2.jpeg,retfound,0,0,mid,0.33,54.630466,0.694819,0.5831289,0.8256485
DRUSEN/DRUSEN-8389446-1.jpeg,retfound,0,0,mid,0.33,54.678234,0.7445921,0.5233152,0.8320943
DRUSEN/DRUSEN-8389446-2.jpeg,retfound,0,0,mid,0.33,42.742237,0.424334,0.31908202,0.5944847
DRUSEN/DRUSEN-8389446-3.jpeg,retfound,0,0,mid,0.33,48.60211,0.70019215,0.44748408,0.82670677
DRUSEN/DRUSEN-8440718-1.jpeg,retfound,0,0,mid,0.33,48.0861,0.6790995,0.6584346,0.7801594
DRUSEN/DRUSEN-8440718-2.jpeg,retfound,0,0,mid,0.33,47.451786,0.6808512,0.5651157,0.8221664
DRUSEN/DRUSEN-8440718-3.jpeg,retfound,0,0,mid,0.33,53.35341,0.6795703,0.55077577,0.7947119
DRUSEN/DRUSEN-8440718-4.jpeg,retfound,0,0,mid,0.33,51.838867,0.75645655,0.72274053,0.7392487
DRUSEN/DRUSEN-8440718-5.jpeg,retfound,0,0,mid,0.33,53.30873,0.7482573,0.6772724,0.8494858
DRUSEN/DRUSEN-8549730-1.jpeg,retfound,0,0,mid,0.33,55.01127,0.7587215,0.6567306,0.89764947
DRUSEN/DRUSEN-8549730-2.jpeg,retfound,0,0,mid,0.33,61.178783,0.77019686,0.5003628,0.84894335
DRUSEN/DRUSEN-8549730-3.jpeg,retfound,0,0,mid,0.33,54.49676,0.6149507,0.48042914,0.81413037
DRUSEN/DRUSEN-8549730-4.jpeg,retfound,0,0,mid,0.33,48.774837,0.59264815,0.647155,0.77532876
DRUSEN/DRUSEN-8549730-5.jpeg,retfound,0,0,mid,0.33,55.26877,0.70562905,0.5805507,0.8138275
DRUSEN/DRUSEN-8549730-6.jpeg,retfound,0,0,mid,0.33,49.781075,0.70597875,0.725035,0.80128884
DRUSEN/DRUSEN-8549730-7.jpeg,retfound,0,0,mid,0.33,54.763115,0.65395653,0.4967419,0.8221738
DRUSEN/DRUSEN-8577392-1.jpeg,retfound,0,0,mid,0.33,43.76526,0.49715117,0.39855272,0.6919934
DRUSEN/DRUSEN-8605472-1.jpeg,retfound,0,0,mid,0.33,53.489273,0.59199166,0.38953608,0.7958772
DRUSEN/DRUSEN-8656509-1.jpeg,retfound,0,0,mid,0.33,44.01017,0.6382971,0.5761167,0.5991986
DRUSEN/DRUSEN-8708331-1.jpeg,retfound,0,0,mid,0.33,52.00538,0.7818402,0.5387951,0.79983395
DRUSEN/DRUSEN-8811857-1.jpeg,retfound,0,0,mid,0.33,44.422764,0.45291504,0.23603286,0.6979856
DRUSEN/DRUSEN-8811857-2.jpeg,retfound,0,0,mid,0.33,47.5511,0.64533716,0.41035903,0.7660298
DRUSEN/DRUSEN-8854406-1.jpeg,retfound,0,0,mid,0.33,49.71092,0.63149524,0.5342094,0.7357377
DRUSEN/DRUSEN-8854406-2.jpeg,retfound,0,0,mid,0.33,46.372196,0.58379984,0.7073432,0.5860037
DRUSEN/DRUSEN-8870525-1.jpeg,retfound,0,0,mid,0.33,54.846745,0.6606089,0.53816646,0.8204429
DRUSEN/DRUSEN-8870525-2.jpeg,retfound,0,0,mid,0.33,57.289032,0.77590895,0.61449474,0.8515204
DRUSEN/DRUSEN-8870525-3.jpeg,retfound,0,0,mid,0.33,52.065414,0.7088615,0.463816,0.80918205
DRUSEN/DRUSEN-9049813-1.jpeg,retfound,0,0,mid,0.33,51.62404,0.5847608,0.35536104,0.7815027
DRUSEN/DRUSEN-9059831-1.jpeg,retfound,0,0,mid,0.33,49.89216,0.49262643,0.33176067,0.58077633
DRUSEN/DRUSEN-9059831-2.jpeg,retfound,0,0,mid,0.33,48.85264,0.7651206,0.68619764,0.8073355
DRUSEN/DRUSEN-907869-1.jpeg,retfound,0,0,mid,0.33,49.77309,0.6095005,0.44891435,0.81181765
DRUSEN/DRUSEN-907869-2.jpeg,retfound,0,0,mid,0.33,46.533752,0.49568307,0.35567385,0.75715995
DRUSEN/DRUSEN-9087597-1.jpeg,retfound,0,0,mid,0.33,43.409748,0.56278163,0.27832887,0.6704742
DRUSEN/DRUSEN-9087597-2.jpeg,retfound,0,0,mid,0.33,45.135586,0.5608964,0.52008986,0.74990904
DRUSEN/DRUSEN-9155039-1.jpeg,retfound,0,0,mid,0.33,39.30614,0.4638806,0.35924226,0.5711073
DRUSEN/DRUSEN-9201573-1.jpeg,retfound,0,0,mid,0.33,41.04335,0.3794576,0.13051707,0.4379465
DRUSEN/DRUSEN-9225057-1.jpeg,retfound,0,0,mid,0.33,37.160774,0.17083155,0.0770316,0.40968293
DRUSEN/DRUSEN-9225057-2.jpeg,retfound,0,0,mid,0.33,40.784836,0.3541296,0.11953188,0.5031966
DRUSEN/DRUSEN-9280370-1.jpeg,retfound,0,0,mid,0.33,51.6241,0.6532496,0.47016686,0.7386373
DRUSEN/DRUSEN-9442692-1.jpeg,retfound,0,0,mid,0.33,52.27204,0.6668983,0.48813894,0.84056515
DRUSEN/DRUSEN-9504181-1.jpeg,retfound,0,0,mid,0.33,51.17506,0.66864514,0.5460128,0.84907824
DRUSEN/DRUSEN-9504181-2.jpeg,retfound,0,0,mid,0.33,53.82176,0.7571378,0.557664,0.8378097
DRUSEN/DRUSEN-95633-1.jpeg,retfound,0,0,mid,0.33,52.675316,0.75969124,0.6315776,0.8308438
DRUSEN/DRUSEN-956663-1.jpeg,retfound,0,0,mid,0.33,42.904243,0.5603869,0.44465494,0.63733053
DRUSEN/DRUSEN-9624303-1.jpeg,retfound,0,0,mid,0.33,47.42392,0.70061904,0.6191258,0.8326112
DRUSEN/DRUSEN-9624303-2.jpeg,retfound,0,0,mid,0.33,51.49451,0.7323084,0.5240139,0.7649051
DRUSEN/DRUSEN-9642260-1.jpeg,retfound,0,0,mid,0.33,51.667793,0.7072812,0.64998317,0.8284416
DRUSEN/DRUSEN-9689334-1.jpeg,retfound,0,0,mid,0.33,54.57936,0.7415449,0.5865997,0.8467128
DRUSEN/DRUSEN-9734808-1.jpeg,retfound,0,0,mid,0.33,59.91344,0.7465205,0.54021496,0.89478654
DRUSEN/DRUSEN-9734808-2.jpeg,retfound,0,0,mid,0.33,61.263744,0.81828713,0.5668671,0.8964807
DRUSEN/DRUSEN-9800172-1.jpeg,retfound,0,0,mid,0.33,42.53346,0.38268024,0.18185595,0.5129188
DRUSEN/DRUSEN-987193-1.jpeg,retfound,0,0,mid,0.33,48.569122,0.545039,0.6442674,0.70103097
NORMAL/NORMAL-1017237-1.jpeg,retfound,0,0,mid,0.33,30.19242,-0.31479767,-0.2439346,-0.32969248
NORMAL/NORMAL-101880-1.jpeg,retfound,0,0,mid,0.33,29.025696,-0.21154913,-0.19151002,-0.1708617
NORMAL/NORMAL-1025847-1.jpeg,retfound,0,0,mid,0.33,35.55079,-0.03445512,-0.20138136,0.071997374
NORMAL/NORMAL-1038998-1.jpeg,retfound,0,0,mid,0.33,30.418447,-0.16839892,-0.20670578,-0.07128087
NORMAL/NORMAL-1042462-1.jpeg,retfound,0,0,mid,0.33,31.118233,0.013034674,-0.051553886,0.022631548
NORMAL/NORMAL-1058176-1.jpeg,retfound,0,0,mid,0.33,30.657385,0.002172595,0.09819206,0.025474824
NORMAL/NORMAL-1063128-1.jpeg,retfound,0,0,mid,0.33,27.509346,-0.3462295,-0.4418974,-0.2714494
NORMAL/NORMAL-1073137-1.jpeg,retfound,0,0,mid,0.33,32.49739,-0.09283401,0.029628381,-0.112259716
NORMAL/NORMAL-1081406-1.jpeg,retfound,0,0,mid,0.33,46.06267,0.42101735,0.5649823,0.5369624
NORMAL/NORMAL-112928-1.jpeg,retfound,0,0,mid,0.33,23.207907,-0.33732215,-0.39999264,-0.3904242
NORMAL/NORMAL-119840-1.jpeg,retfound,0,0,mid,0.33,25.037899,-0.33533153,-0.37571043,-0.18368617
NORMAL/NORMAL-12494-1.jpeg,retfound,0,0,mid,0.33,36.630016,0.19404964,0.38738695,0.22863993
NORMAL/NORMAL-12494-2.jpeg,retfound,0,0,mid,0.33,24.967516,-0.39380246,-0.3768366,-0.29889724
NORMAL/NORMAL-12494-3.jpeg,retfound,0,0,mid,0.33,25.340904,-0.4336962,-0.2820631,-0.42720383
NORMAL/NORMAL-12494-4.jpeg,retfound,0,0,mid,0.33,24.433352,-0.39393058,-0.4074517,-0.38101622
NORMAL/NORMAL-12494-5.jpeg,retfound,0,0,mid,0.33,29.036938,-0.20630354,-0.2283558,-0.17603561
NORMAL/NORMAL-133321-1.jpeg,retfound,0,0,mid,0.33,26.829763,-0.03692407,0.29041827,-0.13883355
NORMAL/NORMAL-138971-1.jpeg,retfound,0,0,mid,0.33,33.97682,0.07899794,0.024591241,0.18339969
NORMAL/NORMAL-15208-1.jpeg,retfound,0,0,mid,0.33,31.177916,0.04781994,0.12027134,-0.05381248
NORMAL/NORMAL-15307-1.jpeg,retfound,0,0,mid,0.33,36.19711,0.29360148,0.11047583,0.26430982
NORMAL/NORMAL-153950-1.jpeg,retfound,0,0,mid,0.33,22.691809,-0.43209645,-0.5250578,-0.3963747
NORMAL/NORMAL-1746717-1.jpeg,retfound,0,0,mid,0.33,26.272373,-0.17272958,0.047485042,-0.13886496
NORMAL/NORMAL-1759350-1.jpeg,retfound,0,0,mid,0.33,30.759323,-0.13123491,-0.24004593,-0.11854604
NORMAL/NORMAL-1781140-1.jpeg,retfound,0,0,mid,0.33,31.50325,0.28317645,0.19385232,0.2679325
NORMAL/NORMAL-1791409-1.jpeg,retfound,0,0,mid,0.33,25.406889,-0.24902123,-0.38005954,-0.17834207
NORMAL/NORMAL-1831654-1.jpeg,retfound,0,0,mid,0.33,24.306366,-0.19689062,-0.16823699,-0.16769662
NORMAL/NORMAL-1853526-1.jpeg,retfound,0,0,mid,0.33,25.547796,-0.33633095,-0.3680437,-0.27651232
NORMAL/NORMAL-1860310-1.jpeg,retfound,0,0,mid,0.33,26.814398,-0.21403778,-0.23222026,-0.19570364
NORMAL/NORMAL-1897894-1.jpeg,retfound,0,0,mid,0.33,29.07731,-0.23118348,-0.27768698,-0.29547602
NORMAL/NORMAL-1907560-1.jpeg,retfound,0,0,mid,0.33,29.783075,-0.08711737,-0.18054125,-0.060809013
NORMAL/NORMAL-1908313-1.jpeg,retfound,0,0,mid,0.33,26.308596,-0.30470031,-0.25196165,-0.34493873
NORMAL/NORMAL-1951042-1.jpeg,retfound,0,0,mid,0.33,25.663101,-0.42676443,-0.44826132,-0.40075615
NORMAL/NORMAL-1957379-1.jpeg,retfound,0,0,mid,0.33,25.671024,-0.03999341,-0.09322132,-0.08251058
NORMAL/NORMAL-197082-1.jpeg,retfound,0,0,mid,0.33,27.991844,-0.16867612,-0.33610868,-0.069204964
NORMAL/NORMAL-1983894-1.jpeg,retfound,0,0,mid,0.33,25.10327,-0.048347257,3.9007515e-05,-0.042220175
NORMAL/NORMAL-1988065-1.jpeg,retfound,0,0,mid,0.33,26.558329,-0.34376737,-0.19436695,-0.27181852
NORMAL/NORMAL-1989796-1.jpeg,retfound,0,0,mid,0.33,35.226986,0.17269956,0.17091432,0.24646023
NORMAL/NORMAL-1998191-1.jpeg,retfound,0,0,mid,0.33,25.540361,-0.18382344,-0.19373718,-0.16136163
NORMAL/NORMAL-2010714-1.jpeg,retfound,0,0,mid,0.33,29.57032,-0.3598587,-0.44593403,-0.3923874
NORMAL/NORMAL-2011412-1.jpeg,retfound,0,0,mid,0.33,35.44262,0.18010077,0.1828757,0.106674075
NORMAL/NORMAL-2019006-1.jpeg,retfound,0,0,mid,0.33,31.838947,0.09943337,-0.035828184,0.008739401
NORMAL/NORMAL-2019423-1.jpeg,retfound,0,0,mid,0.33,28.436787,-0.12053048,-0.027284652,-0.14934966
NORMAL/NORMAL-2055634-1.jpeg,retfound,0,0,mid,0.33,30.378311,-0.117261246,-0.14890397,-0.12578323
NORMAL/NORMAL-2059629-1.jpeg,retfound,0,0,mid,0.33,34.257473,0.074311465,0.004152729,0.14099461
NORMAL/NORMAL-2075832-1.jpeg,retfound,0,0,mid,0.33,27.76563,-0.08128448,-0.17735073,-0.11511588
NORMAL/NORMAL-2082689-1.jpeg,retfound,0,0,mid,0.33,26.277935,-0.43513304,-0.4684008,-0.4175633
NORMAL/NORMAL-2095710-1.jpeg,retfound,0,0,mid,0.33,34.739937,0.073203266,-0.15237874,0.095466495
NORMAL/NORMAL-2113822-1.jpeg,retfound,0,0,mid,0.33,22.424889,-0.20398074,-0.23257232,-0.10198778
NORMAL/NORMAL-2120559-1.jpeg,retfound,0,0,mid,0.33,26.714708,-0.1621992,-0.24988237,-0.22595617
NORMAL/NORMAL-2120559-2.jpeg,retfound,0,0,mid,0.33,31.377726,-0.0994158,-0.23532864,-0.1283145
NORMAL/NORMAL-2120559-3.jpeg,retfound,0,0,mid,0.33,29.612314,-0.23867202,-0.08613986,-0.24142313
NORMAL/NORMAL-2126186-1.jpeg,retfound,0,0,mid,0.33,29.125246,-0.11486805,0.093380116,-0.03523831
NORMAL/NORMAL-2131138-1.jpeg,retfound,0,0,mid,0.33,32.61702,-0.107434064,-0.12180522,-0.09594528
NORMAL/NORMAL-2158556-1.jpeg,retfound,0,0,mid,0.33,31.323599,-0.087762766,-0.09040111,0.02793828
NORMAL/NORMAL-2167295-1.jpeg,retfound,0,0,mid,0.33,31.774002,-0.09633821,-0.17630346,0.001039505
NORMAL/NORMAL-2181272-1.jpeg,retfound,0,0,mid,0.33,28.856794,-0.1644956,-0.094087616,-0.081400424
NORMAL/NORMAL-2182640-1.jpeg,retfound,0,0,mid,0.33,30.17649,0.065470524,0.2171711,0.0636962
NORMAL/NORMAL-2192790-1.jpeg,retfound,0,0,mid,0.33,30.48096,0.10261205,-0.064091146,0.041070066
NORMAL/NORMAL-2197972-1.jpeg,retfound,0,0,mid,0.33,23.368465,-0.13802327,-0.2008766,-0.123429276
NORMAL/NORMAL-2226488-1.jpeg,retfound,0,0,mid,0.33,39.614548,0.005640568,0.0870726,-0.094575435
NORMAL/NORMAL-2231056-1.jpeg,retfound,0,0,mid,0.33,29.06912,-0.3003859,-0.31482333,-0.3277805
NORMAL/NORMAL-223814-1.jpeg,retfound,0,0,mid,0.33,27.211292,-0.1847102,-0.36155823,-0.16443488
NORMAL/NORMAL-2244950-1.jpeg,retfound,0,0,mid,0.33,28.096851,-0.22304514,-0.34349543,-0.17367777
NORMAL/NORMAL-2287992-1.jpeg,retfound,0,0,mid,0.33,30.13833,-0.15661016,0.035023592,-0.1982046
NORMAL/NORMAL-2305502-1.jpeg,retfound,0,0,mid,0.33,27.693722,-0.17729454,-0.28568172,-0.075148635
NORMAL/NORMAL-2312921-1.jpeg,retfound,0,0,mid,0.33,32.015774,-0.04318777,0.15401694,-0.15842694
NORMAL/NORMAL-2316423-1.jpeg,retfound,0,0,mid,0.33,32.341503,0.05725486,0.11151562,-0.014526882
NORMAL/NORMAL-2335256-1.jpeg,retfound,0,0,mid,0.33,27.096735,-0.21711309,-0.32890207,-0.20147987
NORMAL/NORMAL-2342517-1.jpeg,retfound,0,0,mid,0.33,32.0284,-0.12615114,-0.19095576,-0.025147662
NORMAL/NORMAL-2350851-1.jpeg,retfound,0,0,mid,0.33,23.35342,-0.04913828,-0.11229178,-0.088351056
NORMAL/NORMAL-2351012-1.jpeg,retfound,0,0,mid,0.33,25.593174,-0.47423938,-0.2865774,-0.4917447
NORMAL/NORMAL-2362579-1.jpeg,retfound,0,0,mid,0.33,26.94567,-0.14251798,0.030849734,-0.18208227
NORMAL/NORMAL-2366700-1.jpeg,retfound,0,0,mid,0.33,26.743155,-0.3190675,-0.37241155,-0.3697524
NORMAL/NORMAL-2373878-1.jpeg,retfound,0,0,mid,0.33,26.499868,-0.1503815,-0.19641843,0.005465256
NORMAL/NORMAL-2377429-1.jpeg,retfound,0,0,mid,0.33,25.645836,-0.47563416,-0.5421158,-0.35677934
NORMAL/NORMAL-2392366-1.jpeg,retfound,0,0,mid,0.33,31.753698,-0.032524854,-0.21640646,-0.06429345
NORMAL/NORMAL-2397754-1.jpeg,retfound,0,0,mid,0.33,29.389196,-0.06974855,0.01653358,-0.050872292
NORMAL/NORMAL-2403175-1.jpeg,retfound,0,0,mid,0.33,26.03094,-0.07330091,-0.13938355,-0.028712546
NORMAL/NORMAL-2416187-1.jpeg,retfound,0,0,mid,0.33,26.2373,-0.16302402,-0.17079492,-0.07024838
NORMAL/NORMAL-2421067-1.jpeg,retfound,0,0,mid,0.33,23.814896,-0.39553484,-0.43239197,-0.3700246
NORMAL/NORMAL-2424949-1.jpeg,retfound,0,0,mid,0.33,36.333637,0.16929922,0.096607365,0.15265873
NORMAL/NORMAL-2434258-1.jpeg,retfound,0,0,mid,0.33,24.904066,-0.20061077,-0.11287161,-0.2422351
NORMAL/NORMAL-2436365-1.jpeg,retfound,0,0,mid,0.33,24.348969,-0.49391112,-0.62484026,-0.4995369
NORMAL/NORMAL-2448954-1.jpeg,retfound,0,0,mid,0.33,27.799316,-0.4457541,-0.5453341,-0.47786483
NORMAL/NORMAL-2459401-1.jpeg,retfound,0,0,mid,0.33,25.056227,-0.2255764,-0.3206106,-0.2942062
NORMAL/NORMAL-2460548-1.jpeg,retfound,0,0,mid,0.33,30.240107,-0.2625898,-0.2248916,-0.28647378
NORMAL/NORMAL-2476896-1.jpeg,retfound,0,0,mid,0.33,32.270172,-0.0062277555,-0.030282069,-0.06570275
NORMAL/NORMAL-2493975-1.jpeg,retfound,0,0,mid,0.33,33.51511,-0.18024883,-0.091810055,-0.21308023
NORMAL/NORMAL-2504667-1.jpeg,retfound,0,0,mid,0.33,25.839931,-0.23375982,-0.5020994,-0.16418391
NORMAL/NORMAL-2509453-1.jpeg,retfound,0,0,mid,0.33,30.334322,-0.26681358,-0.1022038,-0.31621546
NORMAL/NORMAL-2517546-1.jpeg,retfound,0,0,mid,0.33,26.20851,-0.29096138,-0.5106281,-0.2915168
NORMAL/NORMAL-2549549-1.jpeg,retfound,0,0,mid,0.33,27.347918,-0.12091803,-0.1539247,-0.17562066
NORMAL/NORMAL-2551333-1.jpeg,retfound,0,0,mid,0.33,26.60674,-0.20279315,-0.2568343,-0.17894012
NORMAL/NORMAL-2569106-1.jpeg,retfound,0,0,mid,0.33,23.122654,-0.33097932,-0.16060525,-0.31941706
NORMAL/NORMAL-2570020-1.jpeg,retfound,0,0,mid,0.33,31.300644,-0.109044544,-0.14231557,-0.018576058
NORMAL/NORMAL-2579419-1.jpeg,retfound,0,0,mid,0.33,35.563194,0.17097913,0.001024615,0.07743947
NORMAL/NORMAL-2598368-1.jpeg,retfound,0,0,mid,0.33,30.757841,-0.05262132,0.1712177,0.11213566
NORMAL/NORMAL-2602596-1.jpeg,retfound,0,0,mid,0.33,22.700367,-0.38554066,-0.45787042,-0.2704113
NORMAL/NORMAL-2627129-1.jpeg,retfound,0,0,mid,0.33,26.511456,-0.38589358,-0.4314659,-0.38368976
NORMAL/NORMAL-2633503-1.jpeg,retfound,0,0,mid,0.33,30.499563,0.012756877,0.09007502,0.17596662
NORMAL/NORMAL-2636641-1.jpeg,retfound,0,0,mid,0.33,25.562744,-0.17402124,-0.20002669,-0.21500304
NORMAL/NORMAL-2665491-1.jpeg,retfound,0,0,mid,0.33,24.128899,-0.3381219,-0.3729502,-0.24725592
NORMAL/NORMAL-269181-1.jpeg,retfound,0,0,mid,0.33,37.815166,0.35694504,0.0889101,0.20453958
NORMAL/NORMAL-2705520-1.jpeg,retfound,0,0,mid,0.33,31.678627,-0.08493691,-0.08853569,0.02381456
NORMAL/NORMAL-2709055-1.jpeg,retfound,0,0,mid,0.33,32.879845,-0.08240748,-0.13098074,-0.11060281
NORMAL/NORMAL-2733663-1.jpeg,retfound,0,0,mid,0.33,24.469374,-0.11792469,-0.17460576,-0.1415718
NORMAL/NORMAL-2739821-1.jpeg,retfound,0,0,mid,0.33,37.08925,0.14941971,0.32681042,0.23447679
NORMAL/NORMAL-2769622-1.jpeg,retfound,0,0,mid,0.33,26.044716,-0.3000521,-0.39335862,-0.33655143
NORMAL/NORMAL-2769622-2.jpeg,retfound,0,0,mid,0.33,31.080965,0.091913395,0.05724981,0.16523121
NORMAL/NORMAL-279206-1.jpeg,retfound,0,0,mid,0.33,38.170334,0.49879247,0.3164288,0.4146733
NORMAL/NORMAL-283376-1.jpeg,retfound,0,0,mid,0.33,26.880508,-0.20391849,-0.1866536,-0.2088845
NORMAL/NORMAL-285896-1.jpeg,retfound,0,0,mid,0.33,24.752275,-0.3737783,-0.5025978,-0.35192215
NORMAL/NORMAL-2973935-1.jpeg,retfound,0,0,mid,0.33,29.147884,-0.23561054,-0.19991079,-0.18970919
NORMAL/NORMAL-3059523-1.jpeg,retfound,0,0,mid,0.33,31.197424,-0.07300684,0.060751885,-0.022490008
NORMAL/NORMAL-307151-1.jpeg,retfound,0,0,mid,0.33,28.990026,-0.07664466,0.028291427,-0.071368694
NORMAL/NORMAL-307151-2.jpeg,retfound,0,0,mid,0.33,23.197117,-0.19046314,-0.31157544,-0.24508974
NORMAL/NORMAL-3077276-1.jpeg,retfound,0,0,mid,0.33,27.922869,-0.026435975,-0.08495082,-0.031633027
NORMAL/NORMAL-3100637-1.jpeg,retfound,0,0,mid,0.33,27.346197,-0.23562321,-0.20254463,-0.26391044
NORMAL/NORMAL-3103940-1.jpeg,retfound,0,0,mid,0.33,23.767366,-0.31020066,-0.405639,-0.30382004
NORMAL/NORMAL-3108564-1.jpeg,retfound,0,0,mid,0.33,27.469585,-0.16924651,-0.185657,-0.16937743
NORMAL/NORMAL-3134896-1.jpeg,retfound,0,0,mid,0.33,31.274975,-0.030265125,0.13891256,-0.07628801
NORMAL/NORMAL-3166591-1.jpeg,retfound,0,0,mid,0.33,24.058987,-0.33223486,-0.4659723,-0.3757866
NORMAL/NORMAL-3220509-1.jpeg,retfound,0,0,mid,0.33,27.963028,-0.31699923,-0.33438718,-0.18113187
NORMAL/NORMAL-3244919-1.jpeg,retfound,0,0,mid,0.33,30.327005,-0.08247563,-0.21378364,-0.04692603
NORMAL/NORMAL-3256489-1.jpeg,retfound,0,0,mid,0.33,27.024242,-0.14520168,-0.29246044,-0.23305273
NORMAL/NORMAL-3277704-1.jpeg,retfound,0,0,mid,0.33,27.202978,-0.31785905,-0.2698019,-0.27289996
NORMAL/NORMAL-3300015-1.jpeg,retfound,0,0,mid,0.33,26.283253,-0.28028688,-0.37119967,-0.3399931
NORMAL/NORMAL-3307598-1.jpeg,retfound,0,0,mid,0.33,28.93325,-0.1823957,-0.2148749,-0.11334165
NORMAL/NORMAL-3307598-2.jpeg,retfound,0,0,mid,0.33,28.432085,-0.014555742,-0.06376956,0.009133178
NORMAL/NORMAL-3308307-1.jpeg,retfound,0,0,mid,0.33,33.24315,0.17929928,0.23946092,0.118761465
NORMAL/NORMAL-330905-1.jpeg,retfound,0,0,mid,0.33,28.389135,-0.28739232,-0.20867285,-0.27090526
NORMAL/NORMAL-3320960-1.jpeg,retfound,0,0,mid,0.33,22.797636,-0.19010739,-0.2385264,-0.13514969
NORMAL/NORMAL-3326661-1.jpeg,retfound,0,0,mid,0.33,33.864246,-0.102032214,0.0721001,-0.05869066
NORMAL/NORMAL-3330006-1.jpeg,retfound,0,0,mid,0.33,31.873611,0.013845219,0.034958422,-0.024528457
NORMAL/NORMAL-3332063-1.jpeg,retfound,0,0,mid,0.33,28.37712,-0.24647656,-0.35785815,-0.19334282
NORMAL/NORMAL-33350-1.jpeg,retfound,0,0,mid,0.33,27.687416,-0.007456328,-0.10485643,0.044102535
NORMAL/NORMAL-33350-2.jpeg,retfound,0,0,mid,0.33,27.341421,-0.08699186,-0.26158667,-0.06484304
NORMAL/NORMAL-33350-3.jpeg,retfound,0,0,mid,0.33,32.372166,0.071207896,0.14870527,0.1684416
NORMAL/NORMAL-3340309-1.jpeg,retfound,0,0,mid,0.33,31.748777,0.013435625,-0.008514304,-0.05362215
NORMAL/NORMAL-3346049-1.jpeg,retfound,0,0,mid,0.33,29.851097,-0.13874163,-0.10840272,-0.069816194
NORMAL/NORMAL-3347645-1.jpeg,retfound,0,0,mid,0.33,29.039434,-0.03416046,0.12707663,0.0021983627
NORMAL/NORMAL-3354044-1.jpeg,retfound,0,0,mid,0.33,33.511024,0.11061124,0.18701506,0.1944399
NORMAL/NORMAL-3361560-1.jpeg,retfound,0,0,mid,0.33,29.597479,0.0885358,0.07218938,0.07160378
NORMAL/NORMAL-3361750-1.jpeg,retfound,0,0,mid,0.33,22.886936,-0.29405814,-0.3057868,-0.20065536
NORMAL/NORMAL-33637-1.jpeg,retfound,0,0,mid,0.33,27.194635,-0.1877323,-0.19446188,-0.22900182
NORMAL/NORMAL-3373954-1.jpeg,retfound,0,0,mid,0.33,33.914204,0.13043204,0.16896811,0.14681426
NORMAL/NORMAL-3380901-1.jpeg,retfound,0,0,mid,0.33,34.96164,-0.03054959,-0.12304223,-0.06915249
NORMAL/NORMAL-338568-1.jpeg,retfound,0,0,mid,0.33,28.739712,-0.26289734,-0.3504682,-0.26192877
NORMAL/NORMAL-3390782-1.jpeg,retfound,0,0,mid,0.33,29.091234,-0.21185216,-0.21696483,-0.174157
NORMAL/NORMAL-3398969-1.jpeg,retfound,0,0,mid,0.33,37.286057,0.20017031,0.22633284,0.2910556
NORMAL/NORMAL-3399839-1.jpeg,retfound,0,0,mid,0.33,25.127108,-0.19331118,-0.086670235,-0.17101382
NORMAL/NORMAL-3416330-1.jpeg,retfound,0,0,mid,0.33,28.256674,-0.11604187,0.13567154,-0.110168256
NORMAL/NORMAL-3431386-1.jpeg,retfound,0,0,mid,0.33,29.801325,-0.1306738,-0.1654189,-0.15050931
NORMAL/NORMAL-3451887-1.jpeg,retfound,0,0,mid,0.33,30.775356,-0.021054054,-0.04748861,0.04312226
NORMAL/NORMAL-3465750-1.jpeg,retfound,0,0,mid,0.33,32.8803,0.026593378,-0.08660152,-0.055187076
NORMAL/NORMAL-3466714-1.jpeg,retfound,0,0,mid,0.33,25.238342,-0.22480848,-0.32049984,-0.2249512
NORMAL/NORMAL-3475211-1.jpeg,retfound,0,0,mid,0.33,23.829676,-0.28739423,-0.3082255,-0.26864097
NORMAL/NORMAL-348347-1.jpeg,retfound,0,0,mid,0.33,26.416336,-0.336426,-0.34891874,-0.28752255
NORMAL/NORMAL-349021-1.jpeg,retfound,0,0,mid,0.33,31.162498,-0.063142315,0.13635907,0.046938792
NORMAL/NORMAL-351109-1.jpeg,retfound,0,0,mid,0.33,37.90226,0.011122965,0.19812417,0.044144094
NORMAL/NORMAL-351109-2.jpeg,retfound,0,0,mid,0.33,25.672192,-0.39090464,-0.3025888,-0.34914312
NORMAL/NORMAL-3531215-1.jpeg,retfound,0,0,mid,0.33,30.708021,-0.16440037,-0.27131426,-0.17027204
NORMAL/NORMAL-3538316-1.jpeg,retfound,0,0,mid,0.33,27.32252,-0.19270286,-0.17590126,-0.10612943
NORMAL/NORMAL-3561306-1.jpeg,retfound,0,0,mid,0.33,28.088953,-0.29471183,-0.35547316,-0.15782413
NORMAL/NORMAL-3561306-2.jpeg,retfound,0,0,mid,0.33,27.461288,-0.3104232,-0.45213088,-0.28727594
NORMAL/NORMAL-366503-1.jpeg,retfound,0,0,mid,0.33,24.726702,-0.17152816,-0.20323226,-0.25809512
NORMAL/NORMAL-366503-2.jpeg,retfound,0,0,mid,0.33,24.634346,-0.13936585,-0.1291225,-0.18263917
NORMAL/NORMAL-36734-1.jpeg,retfound,0,0,mid,0.33,26.500559,-0.1584785,-0.18261088,-0.12298684
NORMAL/NORMAL-37818-1.jpeg,retfound,0,0,mid,0.33,27.674047,-0.08559428,0.04983254,-0.06032989
NORMAL/NORMAL-395557-1.jpeg,retfound,0,0,mid,0.33,28.97869,0.050820462,0.019930795,0.041097403
NORMAL/NORMAL-402066-1.jpeg,retfound,0,0,mid,0.33,30.68144,-0.014918834,-0.038627896,0.01554638
NORMAL/NORMAL-402066-2.jpeg,retfound,0,0,mid,0.33,27.692295,-0.26379576,-0.21395126,-0.15873168
NORMAL/NORMAL-402066-3.jpeg,retfound,0,0,mid,0.33,28.130758,-0.26237515,-0.16135329,-0.1562624
NORMAL/NORMAL-402066-4.jpeg,retfound,0,0,mid,0.33,31.74275,0.02221546,-0.023424456,0.00879306
NORMAL/NORMAL-402066-5.jpeg,retfound,0,0,mid,0.33,25.208387,-0.29691887,-0.22938791,-0.22933349
NORMAL/NORMAL-438684-1.jpeg,retfound,0,0,mid,0.33,30.352535,-0.1982178,-0.27337873,-0.25971237
NORMAL/NORMAL-438684-2.jpeg,retfound,0,0,mid,0.33,30.579561,-0.15377736,-0.21877448,-0.2273008
NORMAL/NORMAL-438684-3.jpeg,retfound,0,0,mid,0.33,29.823502,-0.16790642,-0.33630568,-0.22714618
NORMAL/NORMAL-443980-1.jpeg,retfound,0,0,mid,0.33,27.616323,-0.34036434,-0.42647868,-0.2399472
NORMAL/NORMAL-446851-1.jpeg,retfound,0,0,mid,0.33,34.222565,0.039437108,0.04475583,0.111264825
NORMAL/NORMAL-446851-2.jpeg,retfound,0,0,mid,0.33,33.47712,0.03760327,0.029856173,0.10496839
NORMAL/NORMAL-447690-1.jpeg,retfound,0,0,mid,0.33,31.001785,-0.10085163,-0.14760402,-0.08738296
NORMAL/NORMAL-447690-2.jpeg,retfound,0,0,mid,0.33,26.049318,-0.39114454,-0.39350122,-0.31824815
NORMAL/NORMAL-450532-1.jpeg,retfound,0,0,mid,0.33,29.588531,-0.25332424,-0.123622365,0.011141727
NORMAL/NORMAL-450923-1.jpeg,retfound,0,0,mid,0.33,22.934053,-0.3591804,-0.3576613,-0.24197382
NORMAL/NORMAL-450923-2.jpeg,retfound,0,0,mid,0.33,28.35134,-0.109386116,-0.009945437,-0.12949054
NORMAL/NORMAL-460711-1.jpeg,retfound,0,0,mid,0.33,27.237997,-0.28738365,-0.19870266,-0.2618366
NORMAL/NORMAL-460844-1.jpeg,retfound,0,0,mid,0.33,24.904972,-0.38007367,-0.427229,-0.3646532
NORMAL/NORMAL-466978-1.jpeg,retfound,0,0,mid,0.33,28.105145,0.064744174,0.115918085,-0.034562103
NORMAL/NORMAL-469935-1.jpeg,retfound,0,0,mid,0.33,27.08227,-0.22801366,-0.30789605,-0.22274193
NORMAL/NORMAL-4761187-1.jpeg,retfound,0,0,mid,0.33,29.073416,-0.019490417,0.02425448,0.010368133
NORMAL/NORMAL-4790999-1.jpeg,retfound,0,0,mid,0.33,30.895353,-0.14231369,-0.2902369,-0.096497774
NORMAL/NORMAL-48053-1.jpeg,retfound,0,0,mid,0.33,27.93027,-0.07642428,-0.115378834,-0.056015223
NORMAL/NORMAL-4839633-1.jpeg,retfound,0,0,mid,0.33,27.292948,-0.22131914,-0.22352377,-0.2374582
NORMAL/NORMAL-486271-1.jpeg,retfound,0,0,mid,0.33,28.909575,-0.1640106,-0.200244,-0.19397973
NORMAL/NORMAL-508852-1.jpeg,retfound,0,0,mid,0.33,27.097206,-0.30043185,-0.28400207,-0.3102621
NORMAL/NORMAL-508852-2.jpeg,retfound,0,0,mid,0.33,23.829088,-0.1739603,-0.3277021,-0.2611916
NORMAL/NORMAL-519372-1.jpeg,retfound,0,0,mid,0.33,36.197453,0.12786543,0.19135386,0.18697436
NORMAL/NORMAL-524640-1.jpeg,retfound,0,0,mid,0.33,28.680813,-0.12350559,-0.15774359,-0.05005408
NORMAL/NORMAL-544457-1.jpeg,retfound,0,0,mid,0.33,30.231169,-0.21963154,-0.37099624,-0.09741599
NORMAL/NORMAL-544711-1.jpeg,retfound,0,0,mid,0.33,27.418312,-0.24443689,-0.14269371,-0.17635646
NORMAL/NORMAL-547422-1.jpeg,retfound,0,0,mid,0.33,33.376152,0.069378585,0.12199998,0.07761851
NORMAL/NORMAL-547422-2.jpeg,retfound,0,0,mid,0.33,26.015648,-0.20276305,0.014132997,-0.17389481
NORMAL/NORMAL-549356-1.jpeg,retfound,0,0,mid,0.33,33.278313,-0.212745,-0.44474024,-0.24606994
NORMAL/NORMAL-549356-2.jpeg,retfound,0,0,mid,0.33,23.819277,-0.36108822,-0.33292878,-0.39600873
NORMAL/NORMAL-549356-3.jpeg,retfound,0,0,mid,0.33,28.369947,-0.3505633,-0.3055327,-0.4259755
NORMAL/NORMAL-552739-1.jpeg,retfound,0,0,mid,0.33,28.913012,-0.20345862,-0.057174474,-0.2576785
NORMAL/NORMAL-557437-1.jpeg,retfound,0,0,mid,0.33,26.727863,0.024465498,-0.08690007,0.095674835
NORMAL/NORMAL-557437-2.jpeg,retfound,0,0,mid,0.33,28.55647,-0.1942426,-0.044298775,-0.1913904
NORMAL/NORMAL-565818-1.jpeg,retfound,0,0,mid,0.33,23.284752,-0.24645081,-0.3395181,-0.24428686
NORMAL/NORMAL-566040-1.jpeg,retfound,0,0,mid,0.33,29.96827,0.071979254,0.11333063,0.07753922
NORMAL/NORMAL-568518-1.jpeg,retfound,0,0,mid,0.33,27.828083,-0.18734199,-0.23908263,-0.26993582
NORMAL/NORMAL-568518-2.jpeg,retfound,0,0,mid,0.33,29.0342,-0.037978973,0.055493638,-0.06261904
NORMAL/NORMAL-571157-1.jpeg,retfound,0,0,mid,0.33,27.85589,-0.038098544,-0.09661205,-0.053219
NORMAL/NORMAL-571484-1.jpeg,retfound,0,0,mid,0.33,28.046322,-0.17313586,-0.1929164,-0.08152282
NORMAL/NORMAL-572972-1.jpeg,retfound,0,0,mid,0.33,29.809254,-0.03320398,-0.07710512,0.13248742
NORMAL/NORMAL-574089-1.jpeg,retfound,0,0,mid,0.33,26.482273,-0.19526768,-0.10937087,-0.18930294
NORMAL/NORMAL-582215-1.jpeg,retfound,0,0,mid,0.33,34.054432,0.122856334,0.27041075,0.25303024
NORMAL/NORMAL-588227-1.jpeg,retfound,0,0,mid,0.33,33.88493,-0.010689213,0.07423295,-0.00016333722
NORMAL/NORMAL-60471-1.jpeg,retfound,0,0,mid,0.33,28.463326,-0.20623523,-0.13164741,-0.1456874
NORMAL/NORMAL-605310-1.jpeg,retfound,0,0,mid,0.33,31.816027,-0.17724116,-0.1981189,-0.1788635
NORMAL/NORMAL-626127-1.jpeg,retfound,0,0,mid,0.33,27.074625,-0.2830928,-0.15573072,-0.36503613
NORMAL/NORMAL-628048-1.jpeg,retfound,0,0,mid,0.33,25.88918,-0.23861223,-0.27398786,-0.16216625
NORMAL/NORMAL-629493-1.jpeg,retfound,0,0,mid,0.33,28.560484,-0.05643454,-0.012920841,0.1357723
NORMAL/NORMAL-651257-1.jpeg,retfound,0,0,mid,0.33,27.02851,-0.25050646,-0.18787241,-0.23812446
NORMAL/NORMAL-655117-1.jpeg,retfound,0,0,mid,0.33,24.742437,-0.35166356,-0.36696783,-0.3143341
NORMAL/NORMAL-655447-1.jpeg,retfound,0,0,mid,0.33,32.748962,-0.25216734,-0.061524514,-0.2614072
NORMAL/NORMAL-664536-1.jpeg,retfound,0,0,mid,0.33,29.656649,-0.29789415,-0.3368705,-0.28913778
NORMAL/NORMAL-66515-1.jpeg,retfound,0,0,mid,0.33,31.267735,0.013324851,0.022880517,0.02232925
NORMAL/NORMAL-672619-1.jpeg,retfound,0,0,mid,0.33,23.073748,-0.49708173,-0.52404714,-0.47703743
NORMAL/NORMAL-692554-1.jpeg,retfound,0,0,mid,0.33,26.218897,-0.2702595,-0.13466528,-0.3046887
NORMAL/NORMAL-693575-1.jpeg,retfound,0,0,mid,0.33,24.98435,-0.3202119,-0.3196974,-0.40272775
NORMAL/NORMAL-697826-1.jpeg,retfound,0,0,mid,0.33,32.636253,0.08738293,0.39542657,0.16516562
NORMAL/NORMAL-744709-1.jpeg,retfound,0,0,mid,0.33,29.65794,-0.42668456,-0.41330695,-0.3946004
NORMAL/NORMAL-755659-1.jpeg,retfound,0,0,mid,0.33,32.160233,-0.0047653383,0.021536745,0.029566368
NORMAL/NORMAL-758272-1.jpeg,retfound,0,0,mid,0.33,26.495867,-0.1349477,-0.0813887,-0.19569619
NORMAL/NORMAL-76914-1.jpeg,retfound,0,0,mid,0.33,25.769928,0.022969015,-0.07672727,0.036975913
NORMAL/NORMAL-772481-1.jpeg,retfound,0,0,mid,0.33,26.00563,-0.2161954,-0.16664113,-0.32512268
NORMAL/NORMAL-84466-1.jpeg,retfound,0,0,mid,0.33,28.735392,-0.10847511,-0.31991398,-0.085193
NORMAL/NORMAL-85367-1.jpeg,retfound,0,0,mid,0.33,23.757812,-0.2877552,-0.29212746,-0.3389179
NORMAL/NORMAL-9251-1.jpeg,retfound,0,0,mid,0.33,28.582737,-0.18720016,-0.018703291,-0.2604865
NORMAL/NORMAL-98720-1.jpeg,retfound,0,0,mid,0.33,30.698826,-0.15800819,-0.3315945,-0.10668473
CNV/CNV-1016042-1.jpeg,retfound,0,0,late,0.67,57.602497,0.9288032,0.7754958,0.71205527
CNV/CNV-1016042-2.jpeg,retfound,0,0,late,0.67,56.738167,0.87448025,0.7788584,0.7032901
CNV/CNV-1016042-3.jpeg,retfound,0,0,late,0.67,53.144592,0.94599223,0.73315233,0.7093779
CNV/CNV-1016042-4.jpeg,retfound,0,0,late,0.67,61.31596,0.95450187,0.6794746,0.8028182
CNV/CNV-103044-1.jpeg,retfound,0,0,late,0.67,58.95893,0.929213,0.7168484,0.79847336
CNV/CNV-103044-10.jpeg,retfound,0,0,late,0.67,57.543976,0.9272857,0.6885631,0.7878977
CNV/CNV-103044-11.jpeg,retfound,0,0,late,0.67,57.555733,0.95930576,0.7116343,0.7896559
CNV/CNV-103044-12.jpeg,retfound,0,0,late,0.67,61.870487,0.9512358,0.6562089,0.83574605
CNV/CNV-103044-2.jpeg,retfound,0,0,late,0.67,54.59177,0.84614706,0.86173534,0.73270524
CNV/CNV-103044-3.jpeg,retfound,0,0,late,0.67,59.42542,0.9391428,0.7232316,0.7761389
CNV/CNV-103044-4.jpeg,retfound,0,0,late,0.67,56.669388,0.95737445,0.768806,0.768078
CNV/CNV-103044-5.jpeg,retfound,0,0,late,0.67,58.596134,0.946337,0.702108,0.84915423
CNV/CNV-103044-6.jpeg,retfound,0,0,late,0.67,58.633904,0.9222865,0.69159466,0.7809867
CNV/CNV-103044-7.jpeg,retfound,0,0,late,0.67,56.387993,0.93374145,0.7674551,0.7886609
CNV/CNV-103044-8.jpeg,retfound,0,0,late,0.67,52.866055,0.94773316,0.698787,0.7440418
CNV/CNV-103044-9.jpeg,retfound,0,0,late,0.67,61.69168,0.9517436,0.7127228,0.8443283
CNV/CNV-1083927-1.jpeg,retfound,0,0,late,0.67,58.092613,0.9583543,0.70390964,0.7835954
CNV/CNV-1112835-1.jpeg,retfound,0,0,late,0.67,56.798405,0.9267796,0.66085804,0.7414074
CNV/CNV-1112835-2.jpeg,retfound,0,0,late,0.67,58.93552,0.9447094,0.6602174,0.7178718
CNV/CNV-1130960-1.jpeg,retfound,0,0,late,0.67,50.457424,0.9073251,0.7192396,0.66318035
CNV/CNV-1131664-1.jpeg,retfound,0,0,late,0.67,55.275715,0.94854176,0.69824934,0.74461675
CNV/CNV-1136126-1.jpeg,retfound,0,0,late,0.67,61.51074,0.90118116,0.6784904,0.7806275
CNV/CNV-1177084-1.jpeg,retfound,0,0,late,0.67,56.459232,0.84707755,0.6941278,0.8157195
CNV/CNV-1188386-1.jpeg,retfound,0,0,late,0.67,62.45392,0.9347768,0.65495265,0.83304495
CNV/CNV-1188386-2.jpeg,retfound,0,0,late,0.67,55.083385,0.957175,0.6909441,0.7457592
CNV/CNV-1188386-3.jpeg,retfound,0,0,late,0.67,61.426052,0.947151,0.68833923,0.7307153
CNV/CNV-1188386-4.jpeg,retfound,0,0,late,0.67,51.526184,0.8864466,0.6984329,0.6577289
CNV/CNV-1260317-1.jpeg,retfound,0,0,late,0.67,62.4427,0.9127239,0.62540543,0.75359994
CNV/CNV-1290410-1.jpeg,retfound,0,0,late,0.67,55.657215,0.9507138,0.68797326,0.7776587
CNV/CNV-1290410-2.jpeg,retfound,0,0,late,0.67,56.36475,0.9109643,0.6397058,0.7987927
CNV/CNV-1290410-3.jpeg,retfound,0,0,late,0.67,57.037422,0.942657,0.63646686,0.74714255
CNV/CNV-1305450-1.jpeg,retfound,0,0,late,0.67,58.82984,0.9227254,0.60451925,0.75319386
CNV/CNV-1305450-2.jpeg,retfound,0,0,late,0.67,52.76725,0.9389351,0.6997477,0.7051003
CNV/CNV-1305450-3.jpeg,retfound,0,0,late,0.67,53.8256,0.9441057,0.7553207,0.73624754
CNV/CNV-1305450-4.jpeg,retfound,0,0,late,0.67,54.067795,0.8637731,0.7233109,0.65452886
CNV/CNV-137351-1.jpeg,retfound,0,0,late,0.67,57.12165,0.92373776,0.69216526,0.7905421
CNV/CNV-1415351-1.jpeg,retfound,0,0,late,0.67,55.847816,0.9511068,0.74112403,0.7340448
CNV/CNV-154835-1.jpeg,retfound,0,0,late,0.67,58.43125,0.91788626,0.63730735,0.7397021
CNV/CNV-154835-2.jpeg,retfound,0,0,late,0.67,60.99964,0.93745476,0.7141584,0.8340378
CNV/CNV-163081-1.jpeg,retfound,0,0,late,0.67,60.29596,0.9584857,0.7104368,0.7807453
CNV/CNV-163081-10.jpeg,retfound,0,0,late,0.67,58.59483,0.96775234,0.7047832,0.76362365
CNV/CNV-163081-2.jpeg,retfound,0,0,late,0.67,55.40271,0.9501791,0.70600027,0.7267619
CNV/CNV-163081-3.jpeg,retfound,0,0,late,0.67,64.101204,0.94631696,0.6683891,0.7995225
CNV/CNV-163081-4.jpeg,retfound,0,0,late,0.67,62.702877,0.95963055,0.7251134,0.7856352
CNV/CNV-163081-5.jpeg,retfound,0,0,late,0.67,62.619656,0.9476986,0.68205166,0.76953554
CNV/CNV-163081-6.jpeg,retfound,0,0,late,0.67,57.03878,0.92673856,0.7366489,0.7140062
CNV/CNV-163081-7.jpeg,retfound,0,0,late,0.67,59.583908,0.95248693,0.69476104,0.77171946
CNV/CNV-163081-8.jpeg,retfound,0,0,late,0.67,58.974323,0.96079123,0.69581914,0.8065798
CNV/CNV-163081-9.jpeg,retfound,0,0,late,0.67,60.13928,0.95124245,0.7057147,0.7525143
CNV/CNV-1632795-1.jpeg,retfound,0,0,late,0.67,61.174328,0.94840693,0.67381614,0.774735
CNV/CNV-1641792-1.jpeg,retfound,0,0,late,0.67,50.63631,0.9127748,0.65703535,0.668015
CNV/CNV-1641792-2.jpeg,retfound,0,0,late,0.67,60.9156,0.9434374,0.6750258,0.8256703
CNV/CNV-1699976-1.jpeg,retfound,0,0,late,0.67,54.92816,0.87700903,0.70775884,0.79052746
CNV/CNV-1699976-2.jpeg,retfound,0,0,late,0.67,53.06238,0.85236347,0.6372352,0.6724267
CNV/CNV-1699976-3.jpeg,retfound,0,0,late,0.67,61.814114,0.8878006,0.69019496,0.76098025
CNV/CNV-1699976-4.jpeg,retfound,0,0,late,0.67,60.81691,0.92165786,0.675861,0.7833042
CNV/CNV-1699976-5.jpeg,retfound,0,0,late,0.67,61.323746,0.89399725,0.6375051,0.7904842
CNV/CNV-1704482-1.jpeg,retfound,0,0,late,0.67,55.05174,0.95049256,0.74571896,0.756971
CNV/CNV-172472-1.jpeg,retfound,0,0,late,0.67,57.22744,0.95351326,0.6872963,0.76444495
CNV/CNV-172472-10.jpeg,retfound,0,0,late,0.67,58.021526,0.9520029,0.6723298,0.75637424
CNV/CNV-172472-11.jpeg,retfound,0,0,late,0.67,55.779144,0.94105935,0.7188059,0.7186227
CNV/CNV-172472-2.jpeg,retfound,0,0,late,0.67,56.812126,0.9317961,0.67608404,0.80482036
CNV/CNV-172472-3.jpeg,retfound,0,0,late,0.67,57.254425,0.9189402,0.6616405,0.71616346
CNV/CNV-172472-4.jpeg,retfound,0,0,late,0.67,59.98357,0.93249714,0.59844196,0.77668417
CNV/CNV-172472-5.jpeg,retfound,0,0,late,0.67,59.453545,0.94174826,0.67975366,0.73888975
CNV/CNV-172472-6.jpeg,retfound,0,0,late,0.67,55.82927,0.9204432,0.7574431,0.753083
CNV/CNV-172472-7.jpeg,retfound,0,0,late,0.67,59.510387,0.9312923,0.6652578,0.82721996
CNV/CNV-172472-8.jpeg,retfound,0,0,late,0.67,59.727505,0.92211175,0.6526474,0.8112544
CNV/CNV-172472-9.jpeg,retfound,0,0,late,0.67,59.470074,0.93354315,0.6201117,0.7359036
CNV/CNV-1730592-1.jpeg,retfound,0,0,late,0.67,56.566082,0.940542,0.63167745,0.75518024
CNV/CNV-1730592-2.jpeg,retfound,0,0,late,0.67,51.37288,0.88552165,0.7352804,0.7181643
CNV/CNV-1731375-1.jpeg,retfound,0,0,late,0.67,57.396847,0.9430274,0.70220083,0.6992691
CNV/CNV-1731375-2.jpeg,retfound,0,0,late,0.67,62.12364,0.9513744,0.6554333,0.77182853
CNV/CNV-1731375-3.jpeg,retfound,0,0,late,0.67,64.40279,0.93803394,0.6759,0.881163
CNV/CNV-1784116-1.jpeg,retfound,0,0,late,0.67,54.630478,0.9495996,0.710593,0.7707444
CNV/CNV-1894770-1.jpeg,retfound,0,0,late,0.67,54.75195,0.93461776,0.64531064,0.74714863
CNV/CNV-1894770-2.jpeg,retfound,0,0,late,0.67,55.497276,0.88022774,0.8286165,0.7905203
CNV/CNV-1980926-1.jpeg,retfound,0,0,late,0.67,54.12609,0.957074,0.70854014,0.76106155
CNV/CNV-198660-1.jpeg,retfound,0,0,late,0.67,60.293766,0.92758936,0.67295694,0.7494348
CNV/CNV-1997439-1.jpeg,retfound,0,0,late,0.67,52.48218,0.91459167,0.77688396,0.7106247
CNV/CNV-1997439-2.jpeg,retfound,0,0,late,0.67,51.55272,0.9249201,0.794629,0.7010536
CNV/CNV-1997439-3.jpeg,retfound,0,0,late,0.67,56.317844,0.8951479,0.75761485,0.8167865
CNV/CNV-1997439-4.jpeg,retfound,0,0,late,0.67,53.013206,0.9168272,0.75947857,0.69549406
CNV/CNV-1997439-5.jpeg,retfound,0,0,late,0.67,54.434784,0.8859208,0.6560034,0.8009848
CNV/CNV-1997439-6.jpeg,retfound,0,0,late,0.67,61.124176,0.9419718,0.7007791,0.7407636
CNV/CNV-1997439-7.jpeg,retfound,0,0,late,0.67,61.639038,0.94516385,0.7212057,0.81854683
CNV/CNV-2025105-1.jpeg,retfound,0,0,late,0.67,59.666443,0.9047596,0.7193152,0.7980927
CNV/CNV-204397-1.jpeg,retfound,0,0,late,0.67,56.015297,0.90184873,0.6288569,0.71780336
CNV/CNV-2116022-1.jpeg,retfound,0,0,late,0.67,60.631184,0.9440888,0.6706004,0.7769128
CNV/CNV-2141150-1.jpeg,retfound,0,0,late,0.67,58.881668,0.9456574,0.7484633,0.75703096
CNV/CNV-2141150-2.jpeg,retfound,0,0,late,0.67,58.90867,0.93615675,0.6799605,0.85346836
CNV/CNV-2158821-1.jpeg,retfound,0,0,late,0.67,52.751575,0.9441304,0.6684523,0.7366307
CNV/CNV-2158821-2.jpeg,retfound,0,0,late,0.67,60.40406,0.9441329,0.6276864,0.7723671
CNV/CNV-2168793-1.jpeg,retfound,0,0,late,0.67,56.29546,0.9121047,0.73229814,0.70631
CNV/CNV-2177326-1.jpeg,retfound,0,0,late,0.67,61.303448,0.92513394,0.70125806,0.7572247
CNV/CNV-218676-1.jpeg,retfound,0,0,late,0.67,62.2147,0.94538677,0.6662477,0.82231694
CNV/CNV-2192440-1.jpeg,retfound,0,0,late,0.67,55.385014,0.9405395,0.715038,0.7442478
CNV/CNV-2192440-2.jpeg,retfound,0,0,late,0.67,58.135326,0.95072514,0.7492368,0.77588207
CNV/CNV-2350851-1.jpeg,retfound,0,0,late,0.67,54.742184,0.9480416,0.67500013,0.77808857
CNV/CNV-2438783-1.jpeg,retfound,0,0,late,0.67,56.523,0.9610077,0.71765745,0.78027725
CNV/CNV-2438783-2.jpeg,retfound,0,0,late,0.67,54.5987,0.91529584,0.7476866,0.71066535
CNV/CNV-2541184-1.jpeg,retfound,0,0,late,0.67,63.046696,0.9503062,0.66007197,0.7767041
CNV/CNV-2632189-1.jpeg,retfound,0,0,late,0.67,55.35513,0.95558155,0.6962508,0.74909854
CNV/CNV-2692822-1.jpeg,retfound,0,0,late,0.67,59.13579,0.94596696,0.7539762,0.771574
CNV/CNV-2725524-1.jpeg,retfound,0,0,late,0.67,56.595257,0.9489125,0.6584581,0.7800113
CNV/CNV-2725524-2.jpeg,retfound,0,0,late,0.67,52.447815,0.88769716,0.7213652,0.64984095
CNV/CNV-2760476-1.jpeg,retfound,0,0,late,0.67,51.84506,0.92151964,0.76130104,0.7235524
CNV/CNV-2959614-1.jpeg,retfound,0,0,late,0.67,56.033787,0.9443719,0.70198005,0.7452
CNV/CNV-2959614-2.jpeg,retfound,0,0,late,0.67,58.596287,0.9353144,0.6946453,0.732618
CNV/CNV-2959614-3.jpeg,retfound,0,0,late,0.67,59.723488,0.8349877,0.66949266,0.77579
CNV/CNV-2959614-4.jpeg,retfound,0,0,late,0.67,55.894775,0.9382276,0.68982935,0.755658
CNV/CNV-3030629-1.jpeg,retfound,0,0,late,0.67,59.913372,0.89207804,0.79084206,0.81162417
CNV/CNV-3080163-1.jpeg,retfound,0,0,late,0.67,59.45531,0.93912613,0.6639762,0.72623235
CNV/CNV-3080163-2.jpeg,retfound,0,0,late,0.67,58.302197,0.92077494,0.637587,0.69623876
CNV/CNV-3119854-1.jpeg,retfound,0,0,late,0.67,55.536514,0.91189027,0.67770994,0.69880044
CNV/CNV-3163547-1.jpeg,retfound,0,0,late,0.67,51.08645,0.8482021,0.71751547,0.61586887
CNV/CNV-3200277-1.jpeg,retfound,0,0,late,0.67,58.04517,0.932619,0.78361964,0.7868216
CNV/CNV-3200277-2.jpeg,retfound,0,0,late,0.67,58.59379,0.8352959,0.61309433,0.6749149
CNV/CNV-3213586-1.jpeg,retfound,0,0,late,0.67,56.82705,0.8702382,0.69022566,0.7841686
CNV/CNV-3241692-1.jpeg,retfound,0,0,late,0.67,63.577705,0.93888617,0.69076437,0.8436903
CNV/CNV-3241692-2.jpeg,retfound,0,0,late,0.67,52.50215,0.9515307,0.69148266,0.75903356
CNV/CNV-328435-1.jpeg,retfound,0,0,late,0.67,54.774906,0.91910124,0.74704045,0.7828069
CNV/CNV-3300060-1.jpeg,retfound,0,0,late,0.67,58.40763,0.8368161,0.82457983,0.7640896
CNV/CNV-338282-1.jpeg,retfound,0,0,late,0.67,53.48321,0.95855147,0.7064215,0.7271565
CNV/CNV-3424668-1.jpeg,retfound,0,0,late,0.67,55.73911,0.9075235,0.7721132,0.74977064
CNV/CNV-3432812-1.jpeg,retfound,0,0,late,0.67,58.513546,0.8996501,0.66619104,0.8534658
CNV/CNV-3459091-1.jpeg,retfound,0,0,late,0.67,57.95425,0.94266355,0.70148593,0.7043996
CNV/CNV-3541867-1.jpeg,retfound,0,0,late,0.67,56.67802,0.938519,0.7307083,0.7605889
CNV/CNV-3616460-1.jpeg,retfound,0,0,late,0.67,56.64582,0.9042636,0.7211225,0.6857188
CNV/CNV-3618489-1.jpeg,retfound,0,0,late,0.67,54.52499,0.9152905,0.76775146,0.7411658
CNV/CNV-3618489-2.jpeg,retfound,0,0,late,0.67,60.628273,0.8517034,0.6549053,0.8807516
CNV/CNV-364469-1.jpeg,retfound,0,0,late,0.67,59.467484,0.8655107,0.7779429,0.81861633
CNV/CNV-364469-2.jpeg,retfound,0,0,late,0.67,59.726303,0.9139128,0.67461586,0.7753766
CNV/CNV-364469-3.jpeg,retfound,0,0,late,0.67,64.839195,0.8938407,0.6014844,0.8708901
CNV/CNV-3734032-1.jpeg,retfound,0,0,late,0.67,53.951683,0.9105733,0.7537218,0.6993516
CNV/CNV-375851-1.jpeg,retfound,0,0,late,0.67,62.488113,0.92779624,0.6289508,0.7492374
CNV/CNV-3847391-1.jpeg,retfound,0,0,late,0.67,58.861244,0.9358734,0.65544987,0.71497285
CNV/CNV-412653-1.jpeg,retfound,0,0,late,0.67,54.897808,0.9429157,0.7250619,0.79500186
CNV/CNV-417468-1.jpeg,retfound,0,0,late,0.67,59.012775,0.8394058,0.78985226,0.8379455
CNV/CNV-4244160-1.jpeg,retfound,0,0,late,0.67,58.182205,0.9316944,0.6675462,0.76283497
CNV/CNV-4244160-2.jpeg,retfound,0,0,late,0.67,58.653446,0.94557333,0.6354053,0.7973404
CNV/CNV-4244160-3.jpeg,retfound,0,0,late,0.67,60.868706,0.95903635,0.70216787,0.79187465
CNV/CNV-4274486-1.jpeg,retfound,0,0,late,0.67,56.46109,0.89461505,0.75262964,0.79959285
CNV/CNV-4283050-1.jpeg,retfound,0,0,late,0.67,58.03532,0.84269655,0.7789683,0.7859515
CNV/CNV-4283050-2.jpeg,retfound,0,0,late,0.67,59.642708,0.9009144,0.7740116,0.81877136
CNV/CNV-4464785-1.jpeg,retfound,0,0,late,0.67,60.624443,0.94846153,0.68968517,0.8117259
CNV/CNV-451136-1.jpeg,retfound,0,0,late,0.67,57.534718,0.9216547,0.7313572,0.7180828
CNV/CNV-451136-2.jpeg,retfound,0,0,late,0.67,58.745903,0.8956839,0.7745863,0.72280633
CNV/CNV-451136-3.jpeg,retfound,0,0,late,0.67,54.239647,0.91736275,0.771521,0.6937692
CNV/CNV-451136-4.jpeg,retfound,0,0,late,0.67,57.67081,0.92802435,0.7773201,0.7515433
CNV/CNV-451136-5.jpeg,retfound,0,0,late,0.67,55.99033,0.9357229,0.71940684,0.7331462
CNV/CNV-451136-6.jpeg,retfound,0,0,late,0.67,58.682716,0.9187405,0.7292209,0.74692833
CNV/CNV-451136-7.jpeg,retfound,0,0,late,0.67,59.863525,0.92096674,0.7143273,0.7631176
CNV/CNV-457527-1.jpeg,retfound,0,0,late,0.67,56.83152,0.9296112,0.6573748,0.7201077
CNV/CNV-457907-1.jpeg,retfound,0,0,late,0.67,55.413242,0.95185983,0.6922227,0.747808
CNV/CNV-460403-1.jpeg,retfound,0,0,late,0.67,55.22833,0.95585424,0.7372672,0.753253
CNV/CNV-4643364-1.jpeg,retfound,0,0,late,0.67,55.61961,0.9490965,0.6628625,0.72449493
CNV/CNV-4674526-1.jpeg,retfound,0,0,late,0.67,60.154175,0.93346506,0.7513362,0.7663875
CNV/CNV-4740418-1.jpeg,retfound,0,0,late,0.67,53.996037,0.93660355,0.7531202,0.7452269
CNV/CNV-4775389-1.jpeg,retfound,0,0,late,0.67,58.14615,0.950388,0.6406323,0.7605469
CNV/CNV-4884091-1.jpeg,retfound,0,0,late,0.67,54.897625,0.91781974,0.81320965,0.7325727
CNV/CNV-4907724-1.jpeg,retfound,0,0,late,0.67,58.179066,0.93517923,0.7135731,0.8106383
CNV/CNV-4974377-1.jpeg,retfound,0,0,late,0.67,56.66412,0.9463549,0.6560123,0.7582509
CNV/CNV-5054419-1.jpeg,retfound,0,0,late,0.67,59.881435,0.95593166,0.65304375,0.780983
CNV/CNV-5054419-2.jpeg,retfound,0,0,late,0.67,58.048096,0.95239127,0.66723204,0.75078547
CNV/CNV-53018-1.jpeg,retfound,0,0,late,0.67,58.212837,0.8860795,0.73358417,0.8090319
CNV/CNV-53018-2.jpeg,retfound,0,0,late,0.67,60.255665,0.84140253,0.6812693,0.8458164
CNV/CNV-538779-1.jpeg,retfound,0,0,late,0.67,54.71139,0.9489689,0.64109206,0.7427356
CNV/CNV-538779-2.jpeg,retfound,0,0,late,0.67,62.16721,0.94053805,0.6088327,0.78089964
CNV/CNV-5409617-1.jpeg,retfound,0,0,late,0.67,58.211178,0.93814385,0.7151021,0.745897
CNV/CNV-5429703-1.jpeg,retfound,0,0,late,0.67,53.113663,0.93832946,0.6614544,0.7096821
CNV/CNV-5429703-2.jpeg,retfound,0,0,late,0.67,52.63576,0.9416077,0.7680514,0.7539374
CNV/CNV-5431636-1.jpeg,retfound,0,0,late,0.67,63.434353,0.9280947,0.63980186,0.79710394
CNV/CNV-5431636-2.jpeg,retfound,0,0,late,0.67,60.778206,0.95496845,0.6499257,0.78213924
CNV/CNV-5457415-1.jpeg,retfound,0,0,late,0.67,58.11864,0.94034004,0.674052,0.8011274
CNV/CNV-5536678-1.jpeg,retfound,0,0,late,0.67,57.91132,0.9455857,0.71386707,0.7761203
CNV/CNV-5536678-2.jpeg,retfound,0,0,late,0.67,55.980976,0.92750967,0.6458624,0.76393086
CNV/CNV-5557306-1.jpeg,retfound,0,0,late,0.67,57.861076,0.93372226,0.66089416,0.8256858
CNV/CNV-5594757-1.jpeg,retfound,0,0,late,0.67,52.743805,0.9219862,0.6538043,0.72737586
CNV/CNV-5594757-2.jpeg,retfound,0,0,late,0.67,61.375004,0.93988574,0.67409587,0.7643411
CNV/CNV-5603164-1.jpeg,retfound,0,0,late,0.67,61.35821,0.92227936,0.72747064,0.7375423
CNV/CNV-564246-1.jpeg,retfound,0,0,late,0.67,55.898617,0.85046536,0.84566134,0.6521926
CNV/CNV-5674369-1.jpeg,retfound,0,0,late,0.67,51.818916,0.93291336,0.7439183,0.7008054
CNV/CNV-5674369-2.jpeg,retfound,0,0,late,0.67,59.218956,0.95115495,0.70568484,0.7166523
CNV/CNV-5674369-3.jpeg,retfound,0,0,late,0.67,59.755905,0.933013,0.66962576,0.77804416
CNV/CNV-5674369-4.jpeg,retfound,0,0,late,0.67,59.974552,0.9406836,0.6995895,0.7770401
CNV/CNV-5674369-5.jpeg,retfound,0,0,late,0.67,57.338547,0.9605804,0.68372124,0.77566564
CNV/CNV-5760454-1.jpeg,retfound,0,0,late,0.67,56.5304,0.91427267,0.6504749,0.76186967
CNV/CNV-5813701-1.jpeg,retfound,0,0,late,0.67,60.30474,0.94680816,0.66163284,0.7438965
CNV/CNV-5813701-2.jpeg,retfound,0,0,late,0.67,60.11025,0.90700793,0.68064654,0.73017496
CNV/CNV-5813701-3.jpeg,retfound,0,0,late,0.67,57.61873,0.9495102,0.6870663,0.7547015
CNV/CNV-5824631-1.jpeg,retfound,0,0,late,0.67,58.688984,0.95167494,0.7446134,0.7443968
CNV/CNV-5861916-1.jpeg,retfound,0,0,late,0.67,51.557804,0.9171915,0.7636552,0.697616
CNV/CNV-5861916-2.jpeg,retfound,0,0,late,0.67,59.78032,0.9196143,0.6740194,0.75619346
CNV/CNV-5861916-3.jpeg,retfound,0,0,late,0.67,55.8173,0.9455447,0.713316,0.7312362
CNV/CNV-5861916-4.jpeg,retfound,0,0,late,0.67,58.868843,0.929495,0.740675,0.7497704
CNV/CNV-5861916-5.jpeg,retfound,0,0,late,0.67,58.288563,0.9508619,0.72046405,0.7692402
CNV/CNV-5904584-1.jpeg,retfound,0,0,late,0.67,51.119106,0.93186986,0.78829694,0.70768654
CNV/CNV-5904584-2.jpeg,retfound,0,0,late,0.67,58.604023,0.9477593,0.69493777,0.77237934
CNV/CNV-5904584-3.jpeg,retfound,0,0,late,0.67,57.022644,0.9264523,0.6834995,0.7365608
CNV/CNV-5969175-1.jpeg,retfound,0,0,late,0.67,58.800365,0.92694867,0.6495013,0.8512684
CNV/CNV-5969175-2.jpeg,retfound,0,0,late,0.67,60.35536,0.94713455,0.6826186,0.79050976
CNV/CNV-6053140-1.jpeg,retfound,0,0,late,0.67,59.97312,0.8343625,0.60311437,0.8537985
CNV/CNV-6190971-1.jpeg,retfound,0,0,late,0.67,59.228973,0.9621018,0.75453144,0.783697
CNV/CNV-6215140-1.jpeg,retfound,0,0,late,0.67,58.246994,0.9603784,0.7095363,0.76026154
CNV/CNV-6215140-2.jpeg,retfound,0,0,late,0.67,53.404835,0.9283843,0.66807866,0.6847795
CNV/CNV-624911-1.jpeg,retfound,0,0,late,0.67,56.919136,0.92050195,0.76841164,0.7392711
CNV/CNV-624911-2.jpeg,retfound,0,0,late,0.67,56.672028,0.9364488,0.751477,0.7445425
CNV/CNV-624911-3.jpeg,retfound,0,0,late,0.67,59.717926,0.9403211,0.7233089,0.73116744
CNV/CNV-6256161-1.jpeg,retfound,0,0,late,0.67,56.057133,0.85952,0.59758615,0.7513484
CNV/CNV-732516-1.jpeg,retfound,0,0,late,0.67,56.429283,0.9445385,0.7144729,0.7468492
CNV/CNV-732516-2.jpeg,retfound,0,0,late,0.67,51.504623,0.9382998,0.71674705,0.741886
CNV/CNV-732516-3.jpeg,retfound,0,0,late,0.67,56.26699,0.9378691,0.67195296,0.72903526
CNV/CNV-732516-4.jpeg,retfound,0,0,late,0.67,58.369675,0.9164832,0.67380214,0.7276862
CNV/CNV-743852-1.jpeg,retfound,0,0,late,0.67,49.72665,0.9449018,0.7673372,0.7398192
CNV/CNV-776149-1.jpeg,retfound,0,0,late,0.67,60.425648,0.9495449,0.66012204,0.7772422
CNV/CNV-779442-1.jpeg,retfound,0,0,late,0.67,58.104496,0.9307792,0.7084593,0.81911457
CNV/CNV-779442-2.jpeg,retfound,0,0,late,0.67,55.320152,0.88392544,0.6923026,0.7256352
CNV/CNV-779442-3.jpeg,retfound,0,0,late,0.67,57.043827,0.8193552,0.56249595,0.7183577
CNV/CNV-781814-1.jpeg,retfound,0,0,late,0.67,59.106064,0.8938683,0.6699128,0.65484893
CNV/CNV-794538-1.jpeg,retfound,0,0,late,0.67,64.44041,0.9259902,0.65905327,0.8281486
CNV/CNV-794538-2.jpeg,retfound,0,0,late,0.67,57.349392,0.9424182,0.6667224,0.80503404
CNV/CNV-81630-1.jpeg,retfound,0,0,late,0.67,59.6452,0.88977635,0.7250198,0.70092285
CNV/CNV-81630-2.jpeg,retfound,0,0,late,0.67,55.30932,0.9408059,0.73450136,0.72018814
CNV/CNV-81630-3.jpeg,retfound,0,0,late,0.67,53.630047,0.91628575,0.7740367,0.7179801
CNV/CNV-81630-4.jpeg,retfound,0,0,late,0.67,57.184998,0.93261886,0.7606783,0.7459791
CNV/CNV-827677-1.jpeg,retfound,0,0,late,0.67,57.05744,0.9586093,0.6989933,0.7479787
CNV/CNV-830921-1.jpeg,retfound,0,0,late,0.67,60.529537,0.85014856,0.6131724,0.77843714
CNV/CNV-865813-1.jpeg,retfound,0,0,late,0.67,58.031136,0.9507583,0.6505045,0.77887094
CNV/CNV-904464-1.jpeg,retfound,0,0,late,0.67,60.363525,0.93702483,0.6435155,0.74264014
CNV/CNV-904464-2.jpeg,retfound,0,0,late,0.67,59.326218,0.94822335,0.6980391,0.74690473
CNV/CNV-904464-3.jpeg,retfound,0,0,late,0.67,57.803585,0.93431115,0.69608814,0.72934663
CNV/CNV-904464-4.jpeg,retfound,0,0,late,0.67,55.645523,0.9260088,0.76637906,0.7438276
CNV/CNV-909994-1.jpeg,retfound,0,0,late,0.67,57.972607,0.92559063,0.78859174,0.7888947
CNV/CNV-933576-1.jpeg,retfound,0,0,late,0.67,57.463623,0.9562833,0.6923977,0.7934692
CNV/CNV-933576-2.jpeg,retfound,0,0,late,0.67,58.88295,0.96387476,0.71327245,0.7740639
CNV/CNV-933576-3.jpeg,retfound,0,0,late,0.67,60.224552,0.944821,0.7415601,0.79198956
CNV/CNV-933576-4.jpeg,retfound,0,0,late,0.67,59.616924,0.927733,0.6815399,0.77223814
CNV/CNV-954024-1.jpeg,retfound,0,0,late,0.67,58.438,0.94191474,0.6587794,0.74145126
CNV/CNV-987193-1.jpeg,retfound,0,0,late,0.67,55.73922,0.94777536,0.7394532,0.72969186
CNV/CNV-987193-2.jpeg,retfound,0,0,late,0.67,60.433453,0.9424205,0.70989865,0.83068764
CNV/CNV-995513-1.jpeg,retfound,0,0,late,0.67,61.558773,0.91550624,0.6953403,0.8187624
DME/DME-1081406-1.jpeg,retfound,0,0,late,0.67,56.51195,0.5918564,0.84772116,0.6431644
DME/DME-1102486-1.jpeg,retfound,0,0,late,0.67,51.601734,0.60519564,0.7849706,0.5190093
DME/DME-1102486-2.jpeg,retfound,0,0,late,0.67,44.960724,0.3549649,0.7159537,0.31350356
DME/DME-1102486-3.jpeg,retfound,0,0,late,0.67,43.171715,0.44013712,0.61931884,0.24970514
DME/DME-1102486-4.jpeg,retfound,0,0,late,0.67,45.259396,0.43576595,0.77683103,0.3274488
DME/DME-11053-1.jpeg,retfound,0,0,late,0.67,35.75666,0.23572955,0.5841168,0.37572265
DME/DME-119840-1.jpeg,retfound,0,0,late,0.67,45.3879,0.44270086,0.6890012,0.6257264
DME/DME-1274315-1.jpeg,retfound,0,0,late,0.67,51.533653,0.7762381,0.84608114,0.582139
DME/DME-1274315-2.jpeg,retfound,0,0,late,0.67,46.58052,0.60770077,0.7711071,0.4277624
DME/DME-138971-1.jpeg,retfound,0,0,late,0.67,42.687,0.4073959,0.81793606,0.41993922
DME/DME-138971-2.jpeg,retfound,0,0,late,0.67,50.214626,0.52526665,0.8268829,0.5459559
DME/DME-1430899-1.jpeg,retfound,0,0,late,0.67,52.495197,0.56426525,0.8017964,0.5750599
DME/DME-1479682-1.jpeg,retfound,0,0,late,0.67,56.594517,0.75633234,0.83817756,0.64184
DME/DME-15208-1.jpeg,retfound,0,0,late,0.67,51.89607,0.5814673,0.80937606,0.5433317
DME/DME-15208-2.jpeg,retfound,0,0,late,0.67,41.984417,0.32020012,0.559739,0.27018714
DME/DME-2091157-1.jpeg,retfound,0,0,late,0.67,49.41601,0.7282052,0.8259778,0.71418774
DME/DME-2105194-1.jpeg,retfound,0,0,late,0.67,44.31132,0.6025961,0.584982,0.5223465
DME/DME-2126962-1.jpeg,retfound,0,0,late,0.67,55.62125,0.7034495,0.86745715,0.7095951
DME/DME-2261889-1.jpeg,retfound,0,0,late,0.67,47.65651,0.5881777,0.54345834,0.5376779
DME/DME-2556938-1.jpeg,retfound,0,0,late,0.67,47.200542,0.38057378,0.72427243,0.46519074
DME/DME-2630113-1.jpeg,retfound,0,0,late,0.67,50.051502,0.6014271,0.7654561,0.63712585
DME/DME-2630665-1.jpeg,retfound,0,0,late,0.67,50.478542,0.5701928,0.8227368,0.44658452
DME/DME-269181-1.jpeg,retfound,0,0,late,0.67,46.6134,0.5345077,0.81314015,0.42256624
DME/DME-269181-2.jpeg,retfound,0,0,late,0.67,43.285225,0.46512002,0.81494504,0.40397036
DME/DME-269181-3.jpeg,retfound,0,0,late,0.67,54.111145,0.5510945,0.82270944,0.65630734
DME/DME-2716523-1.jpeg,retfound,0,0,late,0.67,50.60496,0.59528965,0.78461695,0.55571353
DME/DME-2763635-1.jpeg,retfound,0,0,late,0.67,48.332924,0.5967702,0.8436692,0.5128826
DME/DME-30521-1.jpeg,retfound,0,0,late,0.67,50.193127,0.6043014,0.78772545,0.6805397
DME/DME-30521-10.jpeg,retfound,0,0,late,0.67,51.434196,0.6598678,0.6521524,0.60291284
DME/DME-30521-11.jpeg,retfound,0,0,late,0.67,51.1044,0.5583275,0.8010057,0.65275836
DME/DME-30521-12.jpeg,retfound,0,0,late,0.67,55.07714,0.709912,0.72072345,0.7452295
DME/DME-30521-13.jpeg,retfound,0,0,late,0.67,52.429928,0.65617645,0.8208196,0.6719192
DME/DME-30521-2.jpeg,retfound,0,0,late,0.67,37.03382,0.3507945,0.5049137,0.35952705
DME/DME-30521-3.jpeg,retfound,0,0,late,0.67,46.088997,0.44059765,0.7547189,0.42454213
DME/DME-30521-4.jpeg,retfound,0,0,late,0.67,47.796684,0.50907874,0.67582905,0.48590213
DME/DME-30521-5.jpeg,retfound,0,0,late,0.67,54.283558,0.6060317,0.8433633,0.6380365
DME/DME-30521-6.jpeg,retfound,0,0,late,0.67,51.911457,0.68116397,0.7852831,0.6335076
DME/DME-30521-7.jpeg,retfound,0,0,late,0.67,51.469307,0.6335974,0.7378528,0.6118053
DME/DME-30521-8.jpeg,retfound,0,0,late,0.67,45.707752,0.54732347,0.6960412,0.5610588
DME/DME-30521-9.jpeg,retfound,0,0,late,0.67,47.86305,0.56529295,0.7144271,0.5389637
DME/DME-306172-1.jpeg,retfound,0,0,late,0.67,52.25723,0.6729033,0.87324476,0.5943
DME/DME-3064922-1.jpeg,retfound,0,0,late,0.67,56.80273,0.8442589,0.80729127,0.7195213
DME/DME-3157783-1.jpeg,retfound,0,0,late,0.67,46.64966,0.5075294,0.8357934,0.45737633
DME/DME-323904-1.jpeg,retfound,0,0,late,0.67,42.715393,0.4275095,0.7864075,0.3651025
DME/DME-323904-2.jpeg,retfound,0,0,late,0.67,55.739925,0.62125444,0.829123,0.7107184
DME/DME-3288089-1.jpeg,retfound,0,0,late,0.67,56.66165,0.9053583,0.81310433,0.736506
DME/DME-3475211-1.jpeg,retfound,0,0,late,0.67,44.64047,0.5937706,0.6452472,0.5085866
DME/DME-3722280-1.jpeg,retfound,0,0,late,0.67,47.730053,0.5751621,0.49010462,0.6472217
DME/DME-3731953-1.jpeg,retfound,0,0,late,0.67,51.321262,0.5960604,0.86305606,0.6429539
DME/DME-37503-1.jpeg,retfound,0,0,late,0.67,42.28294,0.39350554,0.6972301,0.3930953
DME/DME-3791742-1.jpeg,retfound,0,0,late,0.67,50.51115,0.5243462,0.8674817,0.52312094
DME/DME-3810791-1.jpeg,retfound,0,0,late,0.67,47.75084,0.6538515,0.77496374,0.5417802
DME/DME-3921035-1.jpeg,retfound,0,0,late,0.67,43.29181,0.5882529,0.5079473,0.4637957
DME/DME-4079773-1.jpeg,retfound,0,0,late,0.67,34.034164,-0.11587733,-0.06878044,-0.14693135
DME/DME-4117019-1.jpeg,retfound,0,0,late,0.67,39.55204,0.18258144,0.1697566,0.26570857
DME/DME-4146088-1.jpeg,retfound,0,0,late,0.67,24.885447,-0.037522893,0.1712694,-0.058781203
DME/DME-4240465-1.jpeg,retfound,0,0,late,0.67,45.04952,0.3766002,0.6274935,0.4357773
DME/DME-4240465-2.jpeg,retfound,0,0,late,0.67,48.374504,0.5841206,0.82574284,0.508711
DME/DME-4244491-1.jpeg,retfound,0,0,late,0.67,47.441948,0.65582365,0.8492039,0.4841794
DME/DME-4298019-1.jpeg,retfound,0,0,late,0.67,39.454235,0.23301998,0.61085045,0.27888882
DME/DME-4336607-1.jpeg,retfound,0,0,late,0.67,47.25451,0.62954223,0.77279115,0.5215753
DME/DME-4478609-1.jpeg,retfound,0,0,late,0.67,48.439034,0.7822998,0.8153479,0.7160237
DME/DME-4616882-1.jpeg,retfound,0,0,late,0.67,43.604504,0.40907246,0.684926,0.4729293
DME/DME-462675-1.jpeg,retfound,0,0,late,0.67,51.956112,0.6616284,0.795609,0.65463626
DME/DME-4634094-1.jpeg,retfound,0,0,late,0.67,48.700497,0.4920583,0.7164557,0.51614
DME/DME-4634094-2.jpeg,retfound,0,0,late,0.67,54.263847,0.743398,0.8728596,0.74197936
DME/DME-4658666-1.jpeg,retfound,0,0,late,0.67,39.206745,0.34638226,0.6155802,0.20515975
DME/DME-4732091-1.jpeg,retfound,0,0,late,0.67,48.285618,0.6235423,0.7882297,0.4900816
DME/DME-4732091-2.jpeg,retfound,0,0,late,0.67,52.612534,0.7375856,0.8601434,0.5940069
DME/DME-4804900-1.jpeg,retfound,0,0,late,0.67,37.514484,0.33685124,0.18616909,0.30789006
DME/DME-4897748-1.jpeg,retfound,0,0,late,0.67,45.76376,0.5126551,0.694226,0.485568
DME/DME-4940184-1.jpeg,retfound,0,0,late,0.67,45.578938,0.3758819,0.5518788,0.5499588
DME/DME-4989358-1.jpeg,retfound,0,0,late,0.67,47.102074,0.64947957,0.8115921,0.61989415
DME/DME-5014129-1.jpeg,retfound,0,0,late,0.67,42.050835,0.48806885,0.6743021,0.51472634
DME/DME-5014129-2.jpeg,retfound,0,0,late,0.67,41.09071,0.33529943,0.6268927,0.34390616
DME/DME-5071032-1.jpeg,retfound,0,0,late,0.67,49.973446,0.6416728,0.84589034,0.6843115
DME/DME-5072525-1.jpeg,retfound,0,0,late,0.67,51.05978,0.76695913,0.8112094,0.5974419
DME/DME-5434248-1.jpeg,retfound,0,0,late,0.67,47.769875,0.45705914,0.6966411,0.4932549
DME/DME-5465575-1.jpeg,retfound,0,0,late,0.67,49.586132,0.77250624,0.81906736,0.60080355
DME/DME-5497895-1.jpeg,retfound,0,0,late,0.67,49.55673,0.71731716,0.85292995,0.63541156
DME/DME-563695-1.jpeg,retfound,0,0,late,0.67,43.785675,0.5000884,0.7993188,0.51238954
DME/DME-563695-2.jpeg,retfound,0,0,late,0.67,45.934242,0.5517337,0.8924761,0.51333797
DME/DME-5656004-1.jpeg,retfound,0,0,late,0.67,50.772667,0.57740366,0.7788192,0.5910737
DME/DME-5713682-1.jpeg,retfound,0,0,late,0.67,54.525177,0.87889457,0.8607968,0.75856096
DME/DME-57603-1.jpeg,retfound,0,0,late,0.67,49.771904,0.50251937,0.779614,0.45830274
DME/DME-5760454-1.jpeg,retfound,0,0,late,0.67,34.443123,0.19330579,0.51324815,0.13690647
DME/DME-5768195-1.jpeg,retfound,0,0,late,0.67,48.256084,0.5694788,0.83031857,0.5695821
DME/DME-5796574-1.jpeg,retfound,0,0,late,0.67,53.99891,0.7603444,0.81586283,0.5906702
DME/DME-5796574-2.jpeg,retfound,0,0,late,0.67,49.1594,0.76466095,0.8432832,0.632961
DME/DME-5802218-1.jpeg,retfound,0,0,late,0.67,57.212067,0.8853589,0.72249997,0.73684114
DME/DME-5834001-1.jpeg,retfound,0,0,late,0.67,45.397575,0.676459,0.7626922,0.46306098
DME/DME-5843591-1.jpeg,retfound,0,0,late,0.67,38.17587,0.46357387,0.6573254,0.41957706
DME/DME-5864085-1.jpeg,retfound,0,0,late,0.67,45.7897,0.41048133,0.7680469,0.33709458
DME/DME-5912153-1.jpeg,retfound,0,0,late,0.67,41.957714,0.42234555,0.7067088,0.34167674
DME/DME-5975636-1.jpeg,retfound,0,0,late,0.67,30.804571,-0.11195071,0.008587984,0.043894306
DME/DME-5981434-1.jpeg,retfound,0,0,late,0.67,30.277174,-0.085131004,0.15985952,-0.072395384
DME/DME-6090983-1.jpeg,retfound,0,0,late,0.67,38.870827,0.22323138,0.5114604,0.2556954
DME/DME-6151003-1.jpeg,retfound,0,0,late,0.67,34.61032,0.26539993,0.4615478,0.1998724
DME/DME-6296605-1.jpeg,retfound,0,0,late,0.67,43.650517,0.3865719,0.7060648,0.5222062
DME/DME-6314020-1.jpeg,retfound,0,0,late,0.67,49.64755,0.6518503,0.8874696,0.58050805
DME/DME-633268-1.jpeg,retfound,0,0,late,0.67,51.61976,0.7419486,0.7989748,0.6384146
DME/DME-6383847-1.jpeg,retfound,0,0,late,0.67,50.0625,0.6065584,0.77407235,0.57736933
DME/DME-6434323-1.jpeg,retfound,0,0,late,0.67,31.299507,-0.12773731,-0.11271864,-0.07764837
DME/DME-671384-1.jpeg,retfound,0,0,late,0.67,43.65891,0.35921547,0.74034345,0.4412897
DME/DME-6716735-1.jpeg,retfound,0,0,late,0.67,45.916363,0.57848024,0.8278636,0.4802839
DME/DME-6716735-2.jpeg,retfound,0,0,late,0.67,36.989624,0.33375195,0.6581492,0.22945622
DME/DME-70266-1.jpeg,retfound,0,0,late,0.67,52.723206,0.7037139,0.78174233,0.60890776
DME/DME-70266-2.jpeg,retfound,0,0,late,0.67,52.30096,0.7189293,0.853233,0.63045084
DME/DME-70266-3.jpeg,retfound,0,0,late,0.67,50.280342,0.73015594,0.7825788,0.61173856
DME/DME-7027665-1.jpeg,retfound,0,0,late,0.67,46.748787,0.45923793,0.72298205,0.57438564
DME/DME-7194085-1.jpeg,retfound,0,0,late,0.67,48.911892,0.6340412,0.78086793,0.61057574
DME/DME-7239304-1.jpeg,retfound,0,0,late,0.67,44.235176,0.3921388,0.7537884,0.3882358
DME/DME-7248535-1.jpeg,retfound,0,0,late,0.67,46.386703,0.47664338,0.7778543,0.45166713
DME/DME-7432714-1.jpeg,retfound,0,0,late,0.67,44.130573,0.4266799,0.724121,0.47955364
DME/DME-7434518-1.jpeg,retfound,0,0,late,0.67,31.582197,0.16238654,-0.010179016,0.1881355
DME/DME-7469235-1.jpeg,retfound,0,0,late,0.67,43.556587,0.32694933,0.47248748,0.28550392
DME/DME-7503514-1.jpeg,retfound,0,0,late,0.67,46.780006,0.5650922,0.7170814,0.48231223
DME/DME-7558688-1.jpeg,retfound,0,0,late,0.67,54.04928,0.6108477,0.7498717,0.7106769
DME/DME-7573590-1.jpeg,retfound,0,0,late,0.67,52.45192,0.69290054,0.87112147,0.5983531
DME/DME-7578162-1.jpeg,retfound,0,0,late,0.67,50.73771,0.5619814,0.7875586,0.59050196
DME/DME-7585263-1.jpeg,retfound,0,0,late,0.67,43.830757,0.54728484,0.8422451,0.4617954
DME/DME-7585263-2.jpeg,retfound,0,0,late,0.67,42.794704,0.5019046,0.7997,0.43575305
DME/DME-7585263-3.jpeg,retfound,0,0,late,0.67,51.774048,0.65186214,0.78748935,0.56611943
DME/DME-7591008-1.jpeg,retfound,0,0,late,0.67,50.987778,0.58263785,0.7853572,0.4650069
DME/DME-7614088-1.jpeg,retfound,0,0,late,0.67,49.921223,0.7079015,0.75847375,0.6071478
DME/DME-7650134-1.jpeg,retfound,0,0,late,0.67,43.90101,0.28585172,0.4303438,0.31290147
DME/DME-7650134-2.jpeg,retfound,0,0,late,0.67,45.912548,0.42181265,0.5273219,0.38572264
DME/DME-7706610-1.jpeg,retfound,0,0,late,0.67,52.382652,0.65615046,0.7812613,0.6118047
DME/DME-7706610-2.jpeg,retfound,0,0,late,0.67,53.66885,0.6428981,0.7571978,0.6545809
DME/DME-7706610-3.jpeg,retfound,0,0,late,0.67,51.311935,0.702607,0.8164655,0.6035698
DME/DME-7756213-1.jpeg,retfound,0,0,late,0.67,49.805798,0.6150012,0.5644752,0.5191864
DME/DME-7757895-1.jpeg,retfound,0,0,late,0.67,51.734123,0.6133188,0.8919032,0.623643
DME/DME-7763916-1.jpeg,retfound,0,0,late,0.67,46.225113,0.43293458,0.74235094,0.38743448
DME/DME-7780589-1.jpeg,retfound,0,0,late,0.67,50.21947,0.40857255,0.7963031,0.43063176
DME/DME-778975-1.jpeg,retfound,0,0,late,0.67,44.677082,0.4247101,0.78377706,0.35451502
DME/DME-778975-2.jpeg,retfound,0,0,late,0.67,51.309303,0.5750505,0.8602183,0.6129173
DME/DME-7793366-1.jpeg,retfound,0,0,late,0.67,40.984795,0.4017625,0.69818354,0.28750026
DME/DME-7837305-1.jpeg,retfound,0,0,late,0.67,44.8119,0.63121116,0.8142787,0.49897623
DME/DME-7837305-2.jpeg,retfound,0,0,late,0.67,49.589073,0.72407734,0.77094233,0.57522357
DME/DME-7837305-3.jpeg,retfound,0,0,late,0.67,40.971916,0.29275036,0.55499744,0.22902638
DME/DME-7837305-4.jpeg,retfound,0,0,late,0.67,46.124733,0.44985962,0.76760924,0.40898705
DME/DME-7837305-5.jpeg,retfound,0,0,late,0.67,50.493145,0.61976624,0.8130392,0.5498719
DME/DME-7843891-1.jpeg,retfound,0,0,late,0.67,40.579685,0.4491503,0.7344123,0.4281543
DME/DME-7846574-1.jpeg,retfound,0,0,late,0.67,47.921787,0.4973969,0.8107243,0.479388
DME/DME-7870558-1.jpeg,retfound,0,0,late,0.67,48.8008,0.5869388,0.64764404,0.62791824
DME/DME-7870558-2.jpeg,retfound,0,0,late,0.67,44.086864,0.4556068,0.5567062,0.48189646
DME/DME-7870558-3.jpeg,retfound,0,0,late,0.67,39.09069,0.28254938,0.58266366,0.34289175
DME/DME-7870558-4.jpeg,retfound,0,0,late,0.67,37.68525,0.19519815,0.5596601,0.28296846
DME/DME-7907461-1.jpeg,retfound,0,0,late,0.67,39.631554,0.4008788,0.40924576,0.2910638
DME/DME-7918201-1.jpeg,retfound,0,0,late,0.67,42.95206,0.4413586,0.3798517,0.4514224
DME/DME-7918201-2.jpeg,retfound,0,0,late,0.67,49.56818,0.61309385,0.8032352,0.54337394
DME/DME-7928636-1.jpeg,retfound,0,0,late,0.67,47.407486,0.39705527,0.7165674,0.3894528
DME/DME-7928636-2.jpeg,retfound,0,0,late,0.67,46.34304,0.56656873,0.8152828,0.43149504
DME/DME-7934335-1.jpeg,retfound,0,0,late,0.67,47.675415,0.6042545,0.6846901,0.6322301
DME/DME-7939555-1.jpeg,retfound,0,0,late,0.67,50.103886,0.69991016,0.8587429,0.6323991
DME/DME-7939555-2.jpeg,retfound,0,0,late,0.67,47.1986,0.69499993,0.8419725,0.674628
DME/DME-7939555-3.jpeg,retfound,0,0,late,0.67,38.38234,0.29123873,0.66065395,0.17433023
DME/DME-7939555-4.jpeg,retfound,0,0,late,0.67,46.979122,0.5726451,0.8102645,0.54152095
DME/DME-7939555-5.jpeg,retfound,0,0,late,0.67,41.57004,0.5268694,0.7032782,0.55752265
DME/DME-7972888-1.jpeg,retfound,0,0,late,0.67,50.11859,0.63031363,0.8022655,0.5938469
DME/DME-7983936-1.jpeg,retfound,0,0,late,0.67,53.17421,0.68255025,0.66606694,0.55850124
DME/DME-7990001-1.jpeg,retfound,0,0,late,0.67,59.139355,0.8839378,0.70740026,0.830016
DME/DME-8000885-1.jpeg,retfound,0,0,late,0.67,43.706852,0.42723322,0.7870758,0.4388397
DME/DME-8019418-1.jpeg,retfound,0,0,late,0.67,51.20058,0.54917896,0.65834355,0.60833466
DME/DME-8019418-2.jpeg,retfound,0,0,late,0.67,47.382668,0.43616682,0.69748306,0.46270132
DME/DME-8019418-3.jpeg,retfound,0,0,late,0.67,53.210205,0.6361867,0.7766314,0.6345311
DME/DME-8019418-4.jpeg,retfound,0,0,late,0.67,45.183235,0.47467074,0.7757588,0.3877716
DME/DME-8021831-1.jpeg,retfound,0,0,late,0.67,40.71808,0.4266887,0.76666796,0.30899557
DME/DME-8056259-1.jpeg,retfound,0,0,late,0.67,49.68902,0.57379425,0.84680164,0.61523026
DME/DME-8080050-1.jpeg,retfound,0,0,late,0.67,46.842316,0.8169613,0.73717254,0.644293
DME/DME-8130267-1.jpeg,retfound,0,0,late,0.67,44.43359,0.47665146,0.79563296,0.44035286
DME/DME-8136649-1.jpeg,retfound,0,0,late,0.67,47.865383,0.48579714,0.72108054,0.44988316
DME/DME-8167779-1.jpeg,retfound,0,0,late,0.67,47.09991,0.5380043,0.5524654,0.71900976
DME/DME-8177380-1.jpeg,retfound,0,0,late,0.67,47.25144,0.5611587,0.57753026,0.5930381
DME/DME-8177380-2.jpeg,retfound,0,0,late,0.67,39.40717,0.40608704,0.42227864,0.4568333
DME/DME-8177380-3.jpeg,retfound,0,0,late,0.67,42.099056,0.48170215,0.4162938,0.42969596
DME/DME-8200056-1.jpeg,retfound,0,0,late,0.67,44.087757,0.3484227,0.6858223,0.5054671
DME/DME-8200056-2.jpeg,retfound,0,0,late,0.67,46.381344,0.49201685,0.73507947,0.48525703
DME/DME-8200056-3.jpeg,retfound,0,0,late,0.67,42.125084,0.37161046,0.73796564,0.4065766
DME/DME-8218042-1.jpeg,retfound,0,0,late,0.67,45.489414,0.5057895,0.7053821,0.59350777
DME/DME-8231523-1.jpeg,retfound,0,0,late,0.67,35.987743,0.14282912,0.42372626,0.25554287
DME/DME-82328-1.jpeg,retfound,0,0,late,0.67,54.448925,0.6364491,0.84150463,0.6353116
DME/DME-8366524-1.jpeg,retfound,0,0,late,0.67,34.36625,0.108939305,0.09957605,0.054459598
DME/DME-8366524-2.jpeg,retfound,0,0,late,0.67,37.73593,0.0975651,0.17799622,0.18747279
DME/DME-8426419-1.jpeg,retfound,0,0,late,0.67,50.584713,0.78010523,0.80041313,0.6625691
DME/DME-8426419-2.jpeg,retfound,0,0,late,0.67,51.054195,0.62212634,0.80440795,0.6265789
DME/DME-8457431-1.jpeg,retfound,0,0,late,0.67,51.421234,0.6709356,0.7933069,0.56652325
DME/DME-8469406-1.jpeg,retfound,0,0,late,0.67,47.353687,0.7259123,0.7973959,0.5790099
DME/DME-8472707-1.jpeg,retfound,0,0,late,0.67,39.319244,0.28051347,0.54962,0.17732483
DME/DME-8477096-1.jpeg,retfound,0,0,late,0.67,47.459076,0.55065036,0.6528695,0.5847328
DME/DME-8525575-1.jpeg,retfound,0,0,late,0.67,39.53799,0.23381504,0.5630505,0.2331456
DME/DME-8525575-2.jpeg,retfound,0,0,late,0.67,39.777256,0.4652977,0.66470134,0.4277583
DME/DME-8525575-3.jpeg,retfound,0,0,late,0.67,54.851665,0.61428565,0.7738012,0.62294424
DME/DME-8525575-4.jpeg,retfound,0,0,late,0.67,45.71392,0.49153158,0.7451185,0.43371844
DME/DME-8525575-5.jpeg,retfound,0,0,late,0.67,48.808086,0.5949358,0.7463226,0.6564585
DME/DME-8525575-6.jpeg,retfound,0,0,late,0.67,43.835114,0.5318686,0.68884313,0.5068565
DME/DME-8525575-7.jpeg,retfound,0,0,late,0.67,50.504223,0.5457194,0.79817826,0.45636624
DME/DME-8525575-8.jpeg,retfound,0,0,late,0.67,44.250015,0.52857476,0.72569525,0.5441334
DME/DME-8589279-1.jpeg,retfound,0,0,late,0.67,47.109962,0.6018053,0.8250802,0.58468723
DME/DME-8602716-1.jpeg,retfound,0,0,late,0.67,46.51063,0.5904049,0.7360728,0.5377891
DME/DME-8602716-2.jpeg,retfound,0,0,late,0.67,39.92548,0.3290343,0.5223471,0.29908592
DME/DME-8602716-3.jpeg,retfound,0,0,late,0.67,46.421997,0.56512237,0.81792045,0.5580509
DME/DME-8602716-4.jpeg,retfound,0,0,late,0.67,39.37582,0.34517798,0.64488494,0.34317923
DME/DME-8615417-1.jpeg,retfound,0,0,late,0.67,51.27655,0.52528036,0.8427361,0.5096897
DME/DME-8615417-2.jpeg,retfound,0,0,late,0.67,56.056923,0.680465,0.8406775,0.7224095
DME/DME-8635355-1.jpeg,retfound,0,0,late,0.67,50.06372,0.7283405,0.84960467,0.6613394
DME/DME-8635355-2.jpeg,retfound,0,0,late,0.67,40.645206,0.2951827,0.6807023,0.27678674
DME/DME-8729675-1.jpeg,retfound,0,0,late,0.67,48.37093,0.5815939,0.6490685,0.6207639
DME/DME-8729675-2.jpeg,retfound,0,0,late,0.67,38.567142,0.26583612,0.35693437,0.15891933
DME/DME-8732456-1.jpeg,retfound,0,0,late,0.67,44.290783,0.45382094,0.7488955,0.50107783
DME/DME-8766603-1.jpeg,retfound,0,0,late,0.67,37.84005,0.273933,0.6526298,0.34636644
DME/DME-8807486-1.jpeg,retfound,0,0,late,0.67,35.19939,0.20363262,0.32405055,0.19523855
DME/DME-8847144-1.jpeg,retfound,0,0,late,0.67,41.073746,0.50466835,0.84770596,0.52799547
DME/DME-8851193-1.jpeg,retfound,0,0,late,0.67,52.1264,0.7957863,0.7858837,0.6976264
DME/DME-8861620-1.jpeg,retfound,0,0,late,0.67,47.820583,0.5105835,0.8577727,0.5240077
DME/DME-8861620-2.jpeg,retfound,0,0,late,0.67,43.312557,0.47928387,0.8396324,0.4197076
DME/DME-8861620-3.jpeg,retfound,0,0,late,0.67,49.480442,0.6119007,0.84377295,0.52871966
DME/DME-8889771-1.jpeg,retfound,0,0,late,0.67,45.13865,0.50828314,0.7212529,0.3655234
DME/DME-8889771-2.jpeg,retfound,0,0,late,0.67,45.52697,0.44450316,0.8151926,0.5029582
DME/DME-8889771-3.jpeg,retfound,0,0,late,0.67,44.261898,0.4464459,0.7707716,0.41331053
DME/DME-8889771-4.jpeg,retfound,0,0,late,0.67,44.161377,0.38072896,0.7284875,0.42217356
DME/DME-8908847-1.jpeg,retfound,0,0,late,0.67,40.495243,0.2020935,0.46903092,0.34402177
DME/DME-8989419-1.jpeg,retfound,0,0,late,0.67,45.523094,0.5701833,0.850416,0.51217127
DME/DME-9066695-1.jpeg,retfound,0,0,late,0.67,46.987747,0.64290345,0.7538084,0.549964
DME/DME-9109143-1.jpeg,retfound,0,0,late,0.67,54.03077,0.75992763,0.7705391,0.5962533
DME/DME-910956-1.jpeg,retfound,0,0,late,0.67,51.119812,0.6321299,0.7661463,0.665077
DME/DME-9211360-1.jpeg,retfound,0,0,late,0.67,37.23747,0.43160492,0.741611,0.34134984
DME/DME-9211360-2.jpeg,retfound,0,0,late,0.67,53.62245,0.80180746,0.8633034,0.7306446
DME/DME-9241179-1.jpeg,retfound,0,0,late,0.67,57.343567,0.7143198,0.6532842,0.738483
DME/DME-9333524-1.jpeg,retfound,0,0,late,0.67,50.433975,0.477061,0.78412473,0.54040384
DME/DME-9361825-1.jpeg,retfound,0,0,late,0.67,51.852688,0.57923883,0.8354161,0.5164827
DME/DME-9378346-1.jpeg,retfound,0,0,late,0.67,51.96578,0.7365041,0.86319876,0.57736945
DME/DME-9378346-2.jpeg,retfound,0,0,late,0.67,51.445324,0.8339964,0.8140802,0.6128136
DME/DME-9378346-3.jpeg,retfound,0,0,late,0.67,50.135975,0.7332041,0.86989105,0.59190595
DME/DME-9428363-1.jpeg,retfound,0,0,late,0.67,46.27761,0.52630216,0.73574936,0.508636
DME/DME-9488073-1.jpeg,retfound,0,0,late,0.67,43.873108,0.49300382,0.699245,0.4878889
DME/DME-9488073-2.jpeg,retfound,0,0,late,0.67,50.377407,0.6232971,0.8085735,0.59920657
DME/DME-9504297-1.jpeg,retfound,0,0,late,0.67,45.854164,0.64587206,0.8133677,0.45588627
DME/DME-9557298-1.jpeg,retfound,0,0,late,0.67,43.78582,0.35782796,0.5732081,0.46099657
DME/DME-9579219-1.jpeg,retfound,0,0,late,0.67,48.572353,0.6361646,0.73289067,0.50894386
DME/DME-98994-1.jpeg,retfound,0,0,late,0.67,51.781075,0.7746027,0.8526598,0.6239767
DME/DME-98994-2.jpeg,retfound,0,0,late,0.67,51.47192,0.7025192,0.8722371,0.6243033
DRUSEN/DRUSEN-1083159-1.jpeg,retfound,0,0,late,0.67,58.369164,0.6527697,0.51054007,0.8826175
DRUSEN/DRUSEN-1112835-1.jpeg,retfound,0,0,late,0.67,54.119617,0.6532973,0.68945646,0.7217734
DRUSEN/DRUSEN-1173253-1.jpeg,retfound,0,0,late,0.67,64.61699,0.8453531,0.6310098,0.9200961
DRUSEN/DRUSEN-1193659-1.jpeg,retfound,0,0,late,0.67,61.54662,0.76764977,0.65187776,0.90071154
DRUSEN/DRUSEN-1219727-1.jpeg,retfound,0,0,late,0.67,57.066837,0.71582925,0.49606562,0.82742375
DRUSEN/DRUSEN-1225603-1.jpeg,retfound,0,0,late,0.67,46.323208,0.47034344,0.3249078,0.6804958
DRUSEN/DRUSEN-1225603-2.jpeg,retfound,0,0,late,0.67,38.400402,0.35624105,0.27750766,0.5681546
DRUSEN/DRUSEN-1237848-1.jpeg,retfound,0,0,late,0.67,58.919342,0.72567713,0.5602942,0.89804983
DRUSEN/DRUSEN-1237848-2.jpeg,retfound,0,0,late,0.67,44.328438,0.3969409,0.5198039,0.5894842
DRUSEN/DRUSEN-1237848-3.jpeg,retfound,0,0,late,0.67,48.50693,0.38199598,0.31019706,0.6182079
DRUSEN/DRUSEN-1246453-1.jpeg,retfound,0,0,late,0.67,56.883823,0.7881303,0.555035,0.7650007
DRUSEN/DRUSEN-1487749-1.jpeg,retfound,0,0,late,0.67,45.21679,0.5879683,0.5292232,0.7671528
DRUSEN/DRUSEN-1487749-2.jpeg,retfound,0,0,late,0.67,49.189144,0.50801796,0.32468897,0.7716722
DRUSEN/DRUSEN-1487749-3.jpeg,retfound,0,0,late,0.67,53.14362,0.5216619,0.38672584,0.7725564
DRUSEN/DRUSEN-1487749-4.jpeg,retfound,0,0,late,0.67,40.54194,0.37660524,0.32632238,0.57652986
DRUSEN/DRUSEN-1530990-1.jpeg,retfound,0,0,late,0.67,54.766655,0.74372846,0.56271636,0.83941114
DRUSEN/DRUSEN-1730592-1.jpeg,retfound,0,0,late,0.67,58.133083,0.7349038,0.5379236,0.8561669
DRUSEN/DRUSEN-1786810-1.jpeg,retfound,0,0,late,0.67,55.58477,0.6748278,0.6488926,0.8497372
DRUSEN/DRUSEN-1786810-2.jpeg,retfound,0,0,late,0.67,57.42353,0.7228248,0.54275656,0.8460571
DRUSEN/DRUSEN-1786810-3.jpeg,retfound,0,0,late,0.67,61.883755,0.7540564,0.6136477,0.9059905
DRUSEN/DRUSEN-1789270-1.jpeg,retfound,0,0,late,0.67,57.482925,0.69989556,0.5602699,0.8963257
DRUSEN/DRUSEN-1793499-1.jpeg,retfound,0,0,late,0.67,58.5212,0.67518604,0.50857186,0.8573018
DRUSEN/DRUSEN-1912508-1.jpeg,retfound,0,0,late,0.67,62.262573,0.71155035,0.61552316,0.87589747
DRUSEN/DRUSEN-1997439-1.jpeg,retfound,0,0,late,0.67,54.70578,0.58644235,0.48494154,0.84340215
DRUSEN/DRUSEN-1997439-2.jpeg,retfound,0,0,late,0.67,56.576885,0.69269204,0.5063491,0.85283387
DRUSEN/DRUSEN-1997439-3.jpeg,retfound,0,0,late,0.67,49.459576,0.5360959,0.4637216,0.79736066
DRUSEN/DRUSEN-1997439-4.jpeg,retfound,0,0,late,0.67,54.53008,0.63362145,0.5855628,0.83136225
DRUSEN/DRUSEN-2108193-1.jpeg,retfound,0,0,late,0.67,54.304253,0.719309,0.46851552,0.771343
DRUSEN/DRUSEN-2108193-2.jpeg,retfound,0,0,late,0.67,59.115112,0.80727744,0.5162357,0.8664154
DRUSEN/DRUSEN-2128644-1.jpeg,retfound,0,0,late,0.67,59.118343,0.82073987,0.5863275,0.88699394
DRUSEN/DRUSEN-2128644-2.jpeg,retfound,0,0,late,0.67,57.22171,0.715762,0.51803684,0.8216885
DRUSEN/DRUSEN-2128644-3.jpeg,retfound,0,0,late,0.67,63.969364,0.78482884,0.6645739,0.9269599
DRUSEN/DRUSEN-2141150-1.jpeg,retfound,0,0,late,0.67,47.341496,0.44645602,0.42943174,0.6654332
DRUSEN/DRUSEN-2156263-1.jpeg,retfound,0,0,late,0.67,61.267033,0.8575642,0.71527064,0.91303396
DRUSEN/DRUSEN-2173657-1.jpeg,retfound,0,0,late,0.67,53.70474,0.6048714,0.48781234,0.8400654
DRUSEN/DRUSEN-2180220-1.jpeg,retfound,0,0,late,0.67,60.355328,0.6896576,0.59174734,0.86504006
DRUSEN/DRUSEN-2185112-1.jpeg,retfound,0,0,late,0.67,58.457783,0.6368929,0.5099503,0.83529854
DRUSEN/DRUSEN-2185112-2.jpeg,retfound,0,0,late,0.67,63.509342,0.7611329,0.4858101,0.87642044
DRUSEN/DRUSEN-2232211-1.jpeg,retfound,0,0,late,0.67,58.23003,0.6347867,0.5645226,0.8760736
DRUSEN/DRUSEN-2253582-1.jpeg,retfound,0,0,late,0.67,60.8019,0.8013566,0.6676152,0.8853551
DRUSEN/DRUSEN-2257047-1.jpeg,retfound,0,0,late,0.67,53.0066,0.7004409,0.48309612,0.85870916
DRUSEN/DRUSEN-2257047-2.jpeg,retfound,0,0,late,0.67,64.2977,0.7996445,0.6500671,0.8294667
DRUSEN/DRUSEN-2257047-3.jpeg,retfound,0,0,late,0.67,56.499672,0.691425,0.6008092,0.87762153
DRUSEN/DRUSEN-2257047-4.jpeg,retfound,0,0,late,0.67,55.40922,0.60559595,0.51101017,0.85070485
DRUSEN/DRUSEN-2257047-5.jpeg,retfound,0,0,late,0.67,55.349884,0.6372306,0.48685458,0.844658
DRUSEN/DRUSEN-2257047-6.jpeg,retfound,0,0,late,0.67,57.977432,0.6546556,0.59668434,0.84178734
DRUSEN/DRUSEN-2257047-7.jpeg,retfound,0,0,late,0.67,46.42909,0.4867546,0.3926494,0.7517344
DRUSEN/DRUSEN-2257047-8.jpeg,retfound,0,0,late,0.67,53.724705,0.5953933,0.4717216,0.7921232
DRUSEN/DRUSEN-228939-1.jpeg,retfound,0,0,late,0.67,53.359802,0.6484727,0.45005763,0.8420668
DRUSEN/DRUSEN-228939-2.jpeg,retfound,0,0,late,0.67,43.955162,0.43178076,0.39005297,0.6861279
DRUSEN/DRUSEN-2308158-1.jpeg,retfound,0,0,late,0.67,35.697994,0.27549177,0.08309649,0.49355483
DRUSEN/DRUSEN-2403178-1.jpeg,retfound,0,0,late,0.67,40.471004,0.24281564,0.14874595,0.48255628
DRUSEN/DRUSEN-2403178-2.jpeg,retfound,0,0,late,0.67,59.65674,0.7778,0.52170175,0.864328
DRUSEN/DRUSEN-2403178-3.jpeg,retfound,0,0,late,0.67,60.544777,0.8413838,0.6408564,0.8830944
DRUSEN/DRUSEN-2403178-4.jpeg,retfound,0,0,late,0.67,56.874935,0.7383826,0.5640476,0.7425436
DRUSEN/DRUSEN-2403178-5.jpeg,retfound,0,0,late,0.67,59.985962,0.72937405,0.64327323,0.8703337
DRUSEN/DRUSEN-2403178-6.jpeg,retfound,0,0,late,0.67,54.643776,0.57824445,0.48527628,0.79250693
DRUSEN/DRUSEN-2443068-1.jpeg,retfound,0,0,late,0.67,48.631516,0.46671134,0.43704623,0.7503545
DRUSEN/DRUSEN-2489093-1.jpeg,retfound,0,0,late,0.67,56.06704,0.7201885,0.5157461,0.7891059
DRUSEN/DRUSEN-2489093-2.jpeg,retfound,0,0,late,0.67,51.052692,0.644409,0.58589643,0.7704518
DRUSEN/DRUSEN-2510299-1.jpeg,retfound,0,0,late,0.67,60.427395,0.786821,0.53474563,0.9057622
DRUSEN/DRUSEN-2510299-2.jpeg,retfound,0,0,late,0.67,56.240322,0.7334318,0.6427126,0.86644953
DRUSEN/DRUSEN-2541184-1.jpeg,retfound,0,0,late,0.67,58.40043,0.74975836,0.66245985,0.88758385
DRUSEN/DRUSEN-2785977-1.jpeg,retfound,0,0,late,0.67,55.886845,0.70393246,0.48489743,0.8394879
DRUSEN/DRUSEN-2951435-1.jpeg,retfound,0,0,late,0.67,59.764656,0.77220833,0.6761791,0.91887677
DRUSEN/DRUSEN-3017923-1.jpeg,retfound,0,0,late,0.67,63.368217,0.686636,0.5244091,0.90952927
DRUSEN/DRUSEN-303435-1.jpeg,retfound,0,0,late,0.67,55.65128,0.6449204,0.6493026,0.83648306
DRUSEN/DRUSEN-3214955-1.jpeg,retfound,0,0,late,0.67,63.646732,0.8045566,0.60633534,0.8872338
DRUSEN/DRUSEN-3241692-1.jpeg,retfound,0,0,late,0.67,62.222244,0.7068267,0.5776478,0.8775735
DRUSEN/DRUSEN-3276918-1.jpeg,retfound,0,0,late,0.67,51.315296,0.5581479,0.32556635,0.7764028
DRUSEN/DRUSEN-3276918-2.jpeg,retfound,0,0,late,0.67,46.835438,0.35254923,0.32320142,0.6003159
DRUSEN/DRUSEN-3317878-1.jpeg,retfound,0,0,late,0.67,54.32162,0.6123755,0.5755633,0.809492
DRUSEN/DRUSEN-3424668-1.jpeg,retfound,0,0,late,0.67,57.63825,0.7409558,0.59172964,0.9154479
DRUSEN/DRUSEN-3424668-2.jpeg,retfound,0,0,late,0.67,58.51466,0.7973473,0.5469833,0.8858186
DRUSEN/DRUSEN-3424668-3.jpeg,retfound,0,0,late,0.67,56.494526,0.696866,0.5343492,0.84881186
DRUSEN/DRUSEN-3424668-4.jpeg,retfound,0,0,late,0.67,51.264294,0.614174,0.5297853,0.818717
DRUSEN/DRUSEN-3439251-1.jpeg,retfound,0,0,late,0.67,64.049805,0.8177287,0.58630437,0.900609
DRUSEN/DRUSEN-3439251-2.jpeg,retfound,0,0,late,0.67,63.911446,0.7785167,0.6696634,0.8709607
DRUSEN/DRUSEN-3482415-1.jpeg,retfound,0,0,late,0.67,55.97965,0.61948776,0.5166494,0.8661206
DRUSEN/DRUSEN-349021-1.jpeg,retfound,0,0,late,0.67,61.411892,0.6788764,0.5301081,0.8676085
DRUSEN/DRUSEN-349021-2.jpeg,retfound,0,0,late,0.67,60.040585,0.8190663,0.58556104,0.858639
DRUSEN/DRUSEN-3571629-1.jpeg,retfound,0,0,late,0.67,62.25685,0.68393177,0.53354055,0.88756716
DRUSEN/DRUSEN-364469-1.jpeg,retfound,0,0,late,0.67,59.515892,0.7650813,0.6160784,0.88707185
DRUSEN/DRUSEN-364469-2.jpeg,retfound,0,0,late,0.67,56.3871,0.6581135,0.524987,0.8574576
DRUSEN/DRUSEN-364469-3.jpeg,retfound,0,0,late,0.67,47.519035,0.6451685,0.55969524,0.765692
DRUSEN/DRUSEN-364469-4.jpeg,retfound,0,0,late,0.67,53.705666,0.6439379,0.45171916,0.8268688
DRUSEN/DRUSEN-4240777-1.jpeg,retfound,0,0,late,0.67,53.057655,0.5789622,0.5796462,0.77570605
DRUSEN/DRUSEN-4291972-1.jpeg,retfound,0,0,late,0.67,59.980656,0.7889694,0.5707302,0.9015144
DRUSEN/DRUSEN-4293095-1.jpeg,retfound,0,0,late,0.67,65.65336,0.8971405,0.5820786,0.8730085
DRUSEN/DRUSEN-4293095-2.jpeg,retfound,0,0,late,0.67,57.82915,0.60762745,0.41854155,0.8148768
DRUSEN/DRUSEN-4304015-1.jpeg,retfound,0,0,late,0.67,63.1159,0.7177486,0.5643724,0.9082281
DRUSEN/DRUSEN-4314625-1.jpeg,retfound,0,0,late,0.67,54.08634,0.5384164,0.43255943,0.7885832
DRUSEN/DRUSEN-4343867-1.jpeg,retfound,0,0,late,0.67,64.693726,0.8386574,0.5751338,0.91087085
DRUSEN/DRUSEN-4343867-2.jpeg,retfound,0,0,late,0.67,63.344666,0.69115573,0.5103375,0.882355
DRUSEN/DRUSEN-4379246-1.jpeg,retfound,0,0,late,0.67,59.127705,0.7531239,0.5295089,0.862293
DRUSEN/DRUSEN-4379246-2.jpeg,retfound,0,0,late,0.67,60.066116,0.6371929,0.51113,0.8438392
DRUSEN/DRUSEN-457907-1.jpeg,retfound,0,0,late,0.67,61.903904,0.85109603,0.6714503,0.8534566
DRUSEN/DRUSEN-4666680-1.jpeg,retfound,0,0,late,0.67,64.408165,0.7971431,0.5871484,0.9064214
DRUSEN/DRUSEN-4666680-2.jpeg,retfound,0,0,late,0.67,57.148266,0.56133413,0.4581132,0.8179542
DRUSEN/DRUSEN-4696998-1.jpeg,retfound,0,0,late,0.67,53.858475,0.74781644,0.48101646,0.8547508
DRUSEN/DRUSEN-4878077-1.jpeg,retfound,0,0,late,0.67,62.91981,0.8151717,0.6161443,0.87805986
DRUSEN/DRUSEN-4878077-2.jpeg,retfound,0,0,late,0.67,60.519146,0.72511506,0.5944238,0.89085996
DRUSEN/DRUSEN-4878077-3.jpeg,retfound,0,0,late,0.67,61.531994,0.8200201,0.7106515,0.91839004
DRUSEN/DRUSEN-4878077-4.jpeg,retfound,0,0,late,0.67,61.263996,0.85474575,0.6354364,0.88958174
DRUSEN/DRUSEN-4878077-5.jpeg,retfound,0,0,late,0.67,59.588024,0.7546193,0.66355586,0.8403092
DRUSEN/DRUSEN-4878077-6.jpeg,retfound,0,0,late,0.67,63.42978,0.6777432,0.56213754,0.8820278
DRUSEN/DRUSEN-4904794-1.jpeg,retfound,0,0,late,0.67,59.395954,0.76750684,0.49622095,0.8388295
DRUSEN/DRUSEN-4951152-1.jpeg,retfound,0,0,late,0.67,56.333435,0.7155032,0.5309396,0.83281446
DRUSEN/DRUSEN-4973287-1.jpeg,retfound,0,0,late,0.67,59.211365,0.8250304,0.6648494,0.88175136
DRUSEN/DRUSEN-5094722-1.jpeg,retfound,0,0,late,0.67,55.990356,0.59196407,0.64562225,0.77565277
DRUSEN/DRUSEN-525301-1.jpeg,retfound,0,0,late,0.67,56.531876,0.72351396,0.6995343,0.860246
DRUSEN/DRUSEN-5331157-1.jpeg,retfound,0,0,late,0.67,56.77067,0.6345986,0.4895334,0.814901
DRUSEN/DRUSEN-538779-1.jpeg,retfound,0,0,late,0.67,40.20796,0.36249298,0.3109697,0.64445627
DRUSEN/DRUSEN-5443411-1.jpeg,retfound,0,0,late,0.67,57.436398,0.8325011,0.6610317,0.87891996
DRUSEN/DRUSEN-5477211-1.jpeg,retfound,0,0,late,0.67,59.060158,0.7511873,0.57246333,0.8924079
DRUSEN/DRUSEN-5477211-2.jpeg,retfound,0,0,late,0.67,61.415672,0.77627283,0.53877175,0.8747816
DRUSEN/DRUSEN-5710007-1.jpeg,retfound,0,0,late,0.67,63.751354,0.7280179,0.6101346,0.90252125
DRUSEN/DRUSEN-5710007-2.jpeg,retfound,0,0,late,0.67,62.799934,0.8184496,0.7037583,0.856675
DRUSEN/DRUSEN-5753467-1.jpeg,retfound,0,0,late,0.67,51.375004,0.4843055,0.35354173,0.7447392
DRUSEN/DRUSEN-5801431-1.jpeg,retfound,0,0,late,0.67,56.71887,0.72545934,0.6539582,0.8731477
DRUSEN/DRUSEN-584218-1.jpeg,retfound,0,0,late,0.67,52.67601,0.6717539,0.59041536,0.79965544
DRUSEN/DRUSEN-5864720-1.jpeg,retfound,0,0,late,0.67,61.09212,0.7156694,0.5307185,0.90036035
DRUSEN/DRUSEN-5864720-2.jpeg,retfound,0,0,late,0.67,59.08137,0.6898238,0.50899124,0.87716556
DRUSEN/DRUSEN-5929729-1.jpeg,retfound,0,0,late,0.67,60.458023,0.73565966,0.5433295,0.90636694
DRUSEN/DRUSEN-609387-1.jpeg,retfound,0,0,late,0.67,50.003525,0.4659021,0.4695167,0.74822927
DRUSEN/DRUSEN-609387-2.jpeg,retfound,0,0,late,0.67,53.838097,0.60858876,0.46148664,0.84821606
DRUSEN/DRUSEN-609387-3.jpeg,retfound,0,0,late,0.67,60.365093,0.724295,0.58148646,0.89538884
DRUSEN/DRUSEN-6190971-1.jpeg,retfound,0,0,late,0.67,61.755672,0.79532856,0.5158709,0.83176273
DRUSEN/DRUSEN-6190971-2.jpeg,retfound,0,0,late,0.67,61.514973,0.71563417,0.51237917,0.89447606
DRUSEN/DRUSEN-6193297-1.jpeg,retfound,0,0,late,0.67,61.442715,0.8293042,0.5930195,0.88639003
DRUSEN/DRUSEN-6193297-2.jpeg,retfound,0,0,late,0.67,65.69241,0.8255801,0.60576606,0.89185166
DRUSEN/DRUSEN-6193297-3.jpeg,retfound,0,0,late,0.67,62.006893,0.7187593,0.5756353,0.92452884
DRUSEN/DRUSEN-6193297-4.jpeg,retfound,0,0,late,0.67,54.378746,0.62505066,0.48365027,0.81742775
DRUSEN/DRUSEN-6193297-5.jpeg,retfound,0,0,late,0.67,58.37836,0.819842,0.55022013,0.87273705
DRUSEN/DRUSEN-6264369-1.jpeg,retfound,0,0,late,0.67,54.173027,0.72597003,0.567148,0.87119734
DRUSEN/DRUSEN-7064008-1.jpeg,retfound,0,0,late,0.67,57.352272,0.6056751,0.43387926,0.8236129
DRUSEN/DRUSEN-7199590-1.jpeg,retfound,0,0,late,0.67,58.784786,0.70199835,0.49845323,0.87751347
DRUSEN/DRUSEN-732516-1.jpeg,retfound,0,0,late,0.67,58.71316,0.6259643,0.5478314,0.8415487
DRUSEN/DRUSEN-732516-2.jpeg,retfound,0,0,late,0.67,56.74518,0.7000627,0.65215003,0.8449881
DRUSEN/DRUSEN-732516-3.jpeg,retfound,0,0,late,0.67,61.05274,0.67351556,0.5042897,0.86843044
DRUSEN/DRUSEN-7345121-1.jpeg,retfound,0,0,late,0.67,41.12982,0.4561825,0.48535013,0.47682375
DRUSEN/DRUSEN-7350225-1.jpeg,retfound,0,0,late,0.67,47.826187,0.5281831,0.44739732,0.72666067
DRUSEN/DRUSEN-7373858-1.jpeg,retfound,0,0,late,0.67,57.54714,0.6680238,0.6028749,0.8358886
DRUSEN/DRUSEN-7393104-1.jpeg,retfound,0,0,late,0.67,59.915146,0.76158535,0.5718454,0.8870515
DRUSEN/DRUSEN-7513011-1.jpeg,retfound,0,0,late,0.67,61.62921,0.74529207,0.60179156,0.90324503
DRUSEN/DRUSEN-7555604-1.jpeg,retfound,0,0,late,0.67,60.893803,0.80050635,0.5740106,0.9025076
DRUSEN/DRUSEN-7555604-2.jpeg,retfound,0,0,late,0.67,53.66479,0.7058028,0.66962516,0.8047365
DRUSEN/DRUSEN-7557808-1.jpeg,retfound,0,0,late,0.67,58.722824,0.7034801,0.48213485,0.85065556
DRUSEN/DRUSEN-7563760-1.jpeg,retfound,0,0,late,0.67,61.0999,0.8293588,0.60074717,0.8878245
DRUSEN/DRUSEN-7675318-1.jpeg,retfound,0,0,late,0.67,59.010345,0.75170135,0.53435445,0.8867446
DRUSEN/DRUSEN-7675318-2.jpeg,retfound,0,0,late,0.67,61.482662,0.7473569,0.55462587,0.903033
DRUSEN/DRUSEN-7710023-1.jpeg,retfound,0,0,late,0.67,54.53812,0.80302316,0.61377335,0.8752339
DRUSEN/DRUSEN-7710023-2.jpeg,retfound,0,0,late,0.67,57.084118,0.7717483,0.529248,0.88111466
DRUSEN/DRUSEN-7763772-1.jpeg,retfound,0,0,late,0.67,55.34564,0.5709808,0.6080688,0.83780587
DRUSEN/DRUSEN-781814-1.jpeg,retfound,0,0,late,0.67,60.574753,0.7809871,0.58422315,0.90303934
DRUSEN/DRUSEN-783692-1.jpeg,retfound,0,0,late,0.67,58.80521,0.790329,0.53518677,0.8879647
DRUSEN/DRUSEN-7915033-1.jpeg,retfound,0,0,late,0.67,66.963165,0.8184173,0.59134376,0.8892082
DRUSEN/DRUSEN-7915033-2.jpeg,retfound,0,0,late,0.67,61.983574,0.6932852,0.4626408,0.86818635
DRUSEN/DRUSEN-7915033-3.jpeg,retfound,0,0,late,0.67,60.41232,0.71435624,0.56786585,0.88799393
DRUSEN/DRUSEN-8023853-1.jpeg,retfound,0,0,late,0.67,57.144566,0.7415837,0.51609284,0.8904682
DRUSEN/DRUSEN-8039905-1.jpeg,retfound,0,0,late,0.67,62.00248,0.90484643,0.66768485,0.8777888
DRUSEN/DRUSEN-8074563-1.jpeg,retfound,0,0,late,0.67,49.83661,0.37851182,0.4762137,0.6310246
DRUSEN/DRUSEN-8074563-2.jpeg,retfound,0,0,late,0.67,55.542328,0.6270783,0.6260159,0.8429876
DRUSEN/DRUSEN-8074563-3.jpeg,retfound,0,0,late,0.67,52.42752,0.5963254,0.5877731,0.8348511
DRUSEN/DRUSEN-8086850-1.jpeg,retfound,0,0,late,0.67,53.972168,0.65045345,0.44366202,0.81860167
DRUSEN/DRUSEN-8086850-2.jpeg,retfound,0,0,late,0.67,63.461117,0.655556,0.5461066,0.90164936
DRUSEN/DRUSEN-8086850-3.jpeg,retfound,0,0,late,0.67,60.75106,0.7061019,0.5729604,0.8941612
DRUSEN/DRUSEN-8086850-4.jpeg,retfound,0,0,late,0.67,61.1091,0.6706796,0.5439592,0.89346504
DRUSEN/DRUSEN-8086850-5.jpeg,retfound,0,0,late,0.67,63.503757,0.81021595,0.62294614,0.9141902
DRUSEN/DRUSEN-8086850-6.jpeg,retfound,0,0,late,0.67,63.06323,0.7987071,0.57241523,0.9228595
DRUSEN/DRUSEN-8086850-7.jpeg,retfound,0,0,late,0.67,55.57254,0.59299165,0.5621842,0.831567
DRUSEN/DRUSEN-8086850-8.jpeg,retfound,0,0,late,0.67,52.61362,0.5354074,0.39133328,0.82263374
DRUSEN/DRUSEN-8117834-1.jpeg,retfound,0,0,late,0.67,50.783764,0.6225116,0.4299106,0.70500636
DRUSEN/DRUSEN-8213975-1.jpeg,retfound,0,0,late,0.67,59.316025,0.7024686,0.58929193,0.8570818
DRUSEN/DRUSEN-8251771-1.jpeg,retfound,0,0,late,0.67,56.978405,0.73989075,0.61927384,0.8379859
DRUSEN/DRUSEN-8261063-1.jpeg,retfound,0,0,late,0.67,57.763454,0.6484773,0.51553595,0.8477973
DRUSEN/DRUSEN-8261063-2.jpeg,retfound,0,0,late,0.67,57.105278,0.6356225,0.61572504,0.7836187
DRUSEN/DRUSEN-8261063-3.jpeg,retfound,0,0,late,0.67,48.047436,0.42857423,0.5533465,0.57541734
DRUSEN/DRUSEN-8261063-4.jpeg,retfound,0,0,late,0.67,58.142933,0.6744509,0.65213287,0.8442402
DRUSEN/DRUSEN-8261063-5.jpeg,retfound,0,0,late,0.67,56.40276,0.6783482,0.48749304,0.74743056
DRUSEN/DRUSEN-8261063-6.jpeg,retfound,0,0,late,0.67,57.838985,0.6587208,0.59814173,0.8493706
DRUSEN/DRUSEN-8261063-7.jpeg,retfound,0,0,late,0.67,61.205948,0.6161909,0.4375518,0.84384525
DRUSEN/DRUSEN-827677-1.jpeg,retfound,0,0,late,0.67,50.5288,0.5635508,0.53580916,0.76044214
DRUSEN/DRUSEN-8281517-1.jpeg,retfound,0,0,late,0.67,58.31501,0.7595442,0.60604274,0.8688079
DRUSEN/DRUSEN-8292670-1.jpeg,retfound,0,0,late,0.67,54.931984,0.78524137,0.7023845,0.9115683
DRUSEN/DRUSEN-8319985-1.jpeg,retfound,0,0,late,0.67,45.01211,0.43353865,0.45289886,0.56758505
DRUSEN/DRUSEN-8339642-1.jpeg,retfound,0,0,late,0.67,32.753704,-0.06888412,0.059173625,0.024915803
DRUSEN/DRUSEN-8345703-1.jpeg,retfound,0,0,late,0.67,36.43351,0.16527934,0.011641814,0.32901418
DRUSEN/DRUSEN-8345703-2.jpeg,retfound,0,0,late,0.67,43.992023,0.4867161,0.2663849,0.62201595
DRUSEN/DRUSEN-8351260-1.jpeg,retfound,0,0,late,0.67,48.2887,0.40814048,0.4566613,0.7411998
DRUSEN/DRUSEN-8351260-2.jpeg,retfound,0,0,late,0.67,61.14843,0.74651843,0.6375197,0.88511217
DRUSEN/DRUSEN-8389446-1.jpeg,retfound,0,0,late,0.67,59.279667,0.8047265,0.57535565,0.88673735
DRUSEN/DRUSEN-8389446-2.jpeg,retfound,0,0,late,0.67,49.50776,0.4468515,0.4019372,0.6652699
DRUSEN/DRUSEN-8389446-3.jpeg,retfound,0,0,late,0.67,56.877007,0.7671292,0.5201152,0.88552463
DRUSEN/DRUSEN-8440718-1.jpeg,retfound,0,0,late,0.67,55.864273,0.7341132,0.70006406,0.8502583
DRUSEN/DRUSEN-8440718-2.jpeg,retfound,0,0,late,0.67,54.42251,0.7438568,0.6003248,0.8845303
DRUSEN/DRUSEN-8440718-3.jpeg,retfound,0,0,late,0.67,62.269142,0.75253147,0.6142755,0.8716181
DRUSEN/DRUSEN-8440718-4.jpeg,retfound,0,0,late,0.67,58.15051,0.8194488,0.77858925,0.80652165
DRUSEN/DRUSEN-8440718-5.jpeg,retfound,0,0,late,0.67,60.155453,0.7827114,0.6869599,0.88765943
DRUSEN/DRUSEN-8549730-1.jpeg,retfound,0,0,late,0.67,60.24541,0.81147146,0.69254154,0.93081415
DRUSEN/DRUSEN-8549730-2.jpeg,retfound,0,0,late,0.67,65.66689,0.82792205,0.57457817,0.89811176
DRUSEN/DRUSEN-8549730-3.jpeg,retfound,0,0,late,0.67,60.847744,0.6772226,0.5518578,0.87797827
DRUSEN/DRUSEN-8549730-4.jpeg,retfound,0,0,late,0.67,55.811512,0.6459853,0.7185439,0.8293222
DRUSEN/DRUSEN-8549730-5.jpeg,retfound,0,0,late,0.67,63.26746,0.783102,0.6440175,0.8685597
DRUSEN/DRUSEN-8549730-6.jpeg,retfound,0,0,late,0.67,56.597435,0.75675595,0.76912475,0.8498542
DRUSEN/DRUSEN-8549730-7.jpeg,retfound,0,0,late,0.67,61.80345,0.7163049,0.5606732,0.87675524
DRUSEN/DRUSEN-8577392-1.jpeg,retfound,0,0,late,0.67,51.573917,0.54815996,0.48535264,0.7672348
DRUSEN/DRUSEN-8605472-1.jpeg,retfound,0,0,late,0.67,59.61941,0.65711385,0.4583953,0.85953176
DRUSEN/DRUSEN-8656509-1.jpeg,retfound,0,0,late,0.67,51.893494,0.74520624,0.696792,0.72606385
DRUSEN/DRUSEN-8708331-1.jpeg,retfound,0,0,late,0.67,57.917084,0.86119694,0.6093807,0.85755306
DRUSEN/DRUSEN-8811857-1.jpeg,retfound,0,0,late,0.67,51.761032,0.5426563,0.37220836,0.8024533
DRUSEN/DRUSEN-8811857-2.jpeg,retfound,0,0,late,0.67,55.118275,0.7346128,0.49765086,0.85026693
DRUSEN/DRUSEN-8854406-1.jpeg,retfound,0,0,late,0.67,56.534058,0.7219186,0.6019626,0.82272255
DRUSEN/DRUSEN-8854406-2.jpeg,retfound,0,0,late,0.67,52.465305,0.62594676,0.7640232,0.64932746
DRUSEN/DRUSEN-8870525-1.jpeg,retfound,0,0,late,0.67,60.4608,0.71145415,0.5815358,0.87744045
DRUSEN/DRUSEN-8870525-2.jpeg,retfound,0,0,late,0.67,60.9101,0.8399914,0.68082404,0.90003026
DRUSEN/DRUSEN-8870525-3.jpeg,retfound,0,0,late,0.67,60.28032,0.7802871,0.5556551,0.8742426
DRUSEN/DRUSEN-9049813-1.jpeg,retfound,0,0,late,0.67,61.12777,0.67508155,0.46745938,0.86422324
DRUSEN/DRUSEN-9059831-1.jpeg,retfound,0,0,late,0.67,53.68205,0.5760203,0.4210289,0.7113309
DRUSEN/DRUSEN-9059831-2.jpeg,retfound,0,0,late,0.67,55.65649,0.823772,0.7126836,0.8399707
DRUSEN/DRUSEN-907869-1.jpeg,retfound,0,0,late,0.67,59.26627,0.67167264,0.53015184,0.8839425
DRUSEN/DRUSEN-907869-2.jpeg,retfound,0,0,late,0.67,54.001717,0.55749625,0.4293539,0.83391154
DRUSEN/DRUSEN-9087597-1.jpeg,retfound,0,0,late,0.67,52.272625,0.6610649,0.3833505,0.79141814
DRUSEN/DRUSEN-9087597-2.jpeg,retfound,0,0,late,0.67,50.815144,0.6381278,0.5751151,0.82977504
DRUSEN/DRUSEN-9155039-1.jpeg,retfound,0,0,late,0.67,48.05716,0.54701746,0.4491959,0.6986235
DRUSEN/DRUSEN-9201573-1.jpeg,retfound,0,0,late,0.67,46.130535,0.50081325,0.24695238,0.5992877
DRUSEN/DRUSEN-9225057-1.jpeg,retfound,0,0,late,0.67,39.18715,0.27367628,0.18065979,0.52727866
DRUSEN/DRUSEN-9225057-2.jpeg,retfound,0,0,late,0.67,45.36359,0.43451375,0.20512041,0.60499054
DRUSEN/DRUSEN-9280370-1.jpeg,retfound,0,0,late,0.67,60.12616,0.73762226,0.567109,0.84696615
DRUSEN/DRUSEN-9442692-1.jpeg,retfound,0,0,late,0.67,60.81527,0.7223042,0.5587166,0.8999536
DRUSEN/DRUSEN-9504181-1.jpeg,retfound,0,0,late,0.67,58.756943,0.7373099,0.6024389,0.90306497
DRUSEN/DRUSEN-9504181-2.jpeg,retfound,0,0,late,0.67,61.590702,0.80857414,0.61460054,0.8864938
DRUSEN/DRUSEN-95633-1.jpeg,retfound,0,0,late,0.67,59.680977,0.82147115,0.67718804,0.8838811
DRUSEN/DRUSEN-956663-1.jpeg,retfound,0,0,late,0.67,49.41874,0.6160465,0.5418913,0.7487111
DRUSEN/DRUSEN-9624303-1.jpeg,retfound,0,0,late,0.67,56.50693,0.7594828,0.6473088,0.89186525
DRUSEN/DRUSEN-9624303-2.jpeg,retfound,0,0,late,0.67,57.804607,0.8233257,0.60102195,0.83856714
DRUSEN/DRUSEN-9642260-1.jpeg,retfound,0,0,late,0.67,56.026665,0.7597519,0.6805375,0.882685
DRUSEN/DRUSEN-9689334-1.jpeg,retfound,0,0,late,0.67,62.161877,0.8111653,0.64398474,0.90707433
DRUSEN/DRUSEN-9734808-1.jpeg,retfound,0,0,late,0.67,66.4124,0.78646725,0.5823109,0.92254287
DRUSEN/DRUSEN-9734808-2.jpeg,retfound,0,0,late,0.67,64.433876,0.87011456,0.6212492,0.9114636
DRUSEN/DRUSEN-9800172-1.jpeg,retfound,0,0,late,0.67,46.600807,0.42528278,0.22671416,0.60076386
DRUSEN/DRUSEN-987193-1.jpeg,retfound,0,0,late,0.67,55.051662,0.5963744,0.6808834,0.7792026
NORMAL/NORMAL-1017237-1.jpeg,retfound,0,0,late,0.67,28.690336,-0.3387153,-0.31402233,-0.36229527
NORMAL/NORMAL-101880-1.jpeg,retfound,0,0,late,0.67,27.328196,-0.22109613,-0.24316904,-0.19984283
NORMAL/NORMAL-1025847-1.jpeg,retfound,0,0,late,0.67,33.644,-0.09782287,-0.24131939,0.025616359
NORMAL/NORMAL-1038998-1.jpeg,retfound,0,0,late,0.67,29.121023,-0.14918035,-0.17688715,-0.044306524
NORMAL/NORMAL-1042462-1.jpeg,retfound,0,0,late,0.67,30.25301,0.055611998,-0.025532143,0.054024216
NORMAL/NORMAL-1058176-1.jpeg,retfound,0,0,late,0.67,29.410112,-0.04107496,0.06725423,-0.044394787
NORMAL/NORMAL-1063128-1.jpeg,retfound,0,0,late,0.67,25.445934,-0.34345114,-0.4966569,-0.2676201
NORMAL/NORMAL-1073137-1.jpeg,retfound,0,0,late,0.67,31.35501,-0.10107992,0.007058775,-0.09365611
NORMAL/NORMAL-1081406-1.jpeg,retfound,0,0,late,0.67,50.915318,0.48614132,0.653286,0.63874745
NORMAL/NORMAL-112928-1.jpeg,retfound,0,0,late,0.67,22.308842,-0.29462737,-0.40109575,-0.35567597
NORMAL/NORMAL-119840-1.jpeg,retfound,0,0,late,0.67,23.69936,-0.3179314,-0.4108141,-0.19190806
NORMAL/NORMAL-12494-1.jpeg,retfound,0,0,late,0.67,37.111416,0.17433536,0.4080139,0.22911817
NORMAL/NORMAL-12494-2.jpeg,retfound,0,0,late,0.67,23.264477,-0.4366992,-0.44311237,-0.36590254
NORMAL/NORMAL-12494-3.jpeg,retfound,0,0,late,0.67,23.532904,-0.50629663,-0.36824745,-0.54201996
NORMAL/NORMAL-12494-4.jpeg,retfound,0,0,late,0.67,22.40838,-0.39959762,-0.44719416,-0.43080214
NORMAL/NORMAL-12494-5.jpeg,retfound,0,0,late,0.67,27.379078,-0.2448374,-0.3406505,-0.24770913
NORMAL/NORMAL-133321-1.jpeg,retfound,0,0,late,0.67,26.667467,-0.034758966,0.29997241,-0.14807469
NORMAL/NORMAL-138971-1.jpeg,retfound,0,0,late,0.67,35.898125,0.09136815,0.060131397,0.2057383
NORMAL/NORMAL-15208-1.jpeg,retfound,0,0,late,0.67,30.634125,0.040333383,0.12500808,-0.06660993
NORMAL/NORMAL-15307-1.jpeg,retfound,0,0,late,0.67,39.8493,0.28602672,0.14950062,0.29305077
NORMAL/NORMAL-153950-1.jpeg,retfound,0,0,late,0.67,21.01626,-0.47495246,-0.59133214,-0.4671554
NORMAL/NORMAL-1746717-1.jpeg,retfound,0,0,late,0.67,26.7283,-0.15281355,0.057805613,-0.13370042
NORMAL/NORMAL-1759350-1.jpeg,retfound,0,0,late,0.67,30.318949,-0.1707846,-0.30654076,-0.15032417
NORMAL/NORMAL-1781140-1.jpeg,retfound,0,0,late,0.67,33.70767,0.29838267,0.20882912,0.2818273
NORMAL/NORMAL-1791409-1.jpeg,retfound,0,0,late,0.67,24.532265,-0.28299546,-0.43039852,-0.22304791
NORMAL/NORMAL-1831654-1.jpeg,retfound,0,0,late,0.67,23.644726,-0.18154693,-0.18696538,-0.17167747
NORMAL/NORMAL-1853526-1.jpeg,retfound,0,0,late,0.67,24.624636,-0.29497862,-0.4009711,-0.26515818
NORMAL/NORMAL-1860310-1.jpeg,retfound,0,0,late,0.67,26.058458,-0.25541067,-0.29983646,-0.24972878
NORMAL/NORMAL-1897894-1.jpeg,retfound,0,0,late,0.67,26.658321,-0.31290507,-0.36928254,-0.3765819
NORMAL/NORMAL-1907560-1.jpeg,retfound,0,0,late,0.67,28.603004,-0.14134108,-0.26484418,-0.1357789
NORMAL/NORMAL-1908313-1.jpeg,retfound,0,0,late,0.67,24.841665,-0.31967115,-0.33034414,-0.35562098
NORMAL/NORMAL-1951042-1.jpeg,retfound,0,0,late,0.67,24.38965,-0.48050764,-0.5263811,-0.43273747
NORMAL/NORMAL-1957379-1.jpeg,retfound,0,0,late,0.67,24.67605,-0.13304922,-0.19551596,-0.18248689
NORMAL/NORMAL-197082-1.jpeg,retfound,0,0,late,0.67,25.981186,-0.17969611,-0.36584067,-0.081522726
NORMAL/NORMAL-1983894-1.jpeg,retfound,0,0,late,0.67,24.674908,-0.046274748,-0.010551837,-0.02941376
NORMAL/NORMAL-1988065-1.jpeg,retfound,0,0,late,0.67,25.294123,-0.35547897,-0.23860574,-0.32538426
NORMAL/NORMAL-1989796-1.jpeg,retfound,0,0,late,0.67,34.944992,0.22106005,0.22850575,0.3015675
NORMAL/NORMAL-1998191-1.jpeg,retfound,0,0,late,0.67,24.260818,-0.20537868,-0.2278434,-0.2186568
NORMAL/NORMAL-2010714-1.jpeg,retfound,0,0,late,0.67,27.177202,-0.40557784,-0.5085275,-0.46749806
NORMAL/NORMAL-2011412-1.jpeg,retfound,0,0,late,0.67,36.026794,0.14956568,0.21399355,0.07419489
NORMAL/NORMAL-2019006-1.jpeg,retfound,0,0,late,0.67,31.686966,0.052722417,-0.06710396,-0.057594784
NORMAL/NORMAL-2019423-1.jpeg,retfound,0,0,late,0.67,26.501598,-0.1986115,-0.122366644,-0.22681527
NORMAL/NORMAL-2055634-1.jpeg,retfound,0,0,late,0.67,31.406847,-0.12903619,-0.18981278,-0.1376548
NORMAL/NORMAL-2059629-1.jpeg,retfound,0,0,late,0.67,33.628426,0.079176955,0.05142651,0.18474215
NORMAL/NORMAL-2075832-1.jpeg,retfound,0,0,late,0.67,27.6359,-0.066578045,-0.16291799,-0.09660936
NORMAL/NORMAL-2082689-1.jpeg,retfound,0,0,late,0.67,24.80153,-0.47312453,-0.53221136,-0.49301955
NORMAL/NORMAL-2095710-1.jpeg,retfound,0,0,late,0.67,34.594246,0.094413295,-0.1503333,0.1273188
NORMAL/NORMAL-2113822-1.jpeg,retfound,0,0,late,0.67,21.56736,-0.26219416,-0.32187557,-0.17467183
NORMAL/NORMAL-2120559-1.jpeg,retfound,0,0,late,0.67,25.461685,-0.21645762,-0.32639244,-0.2813565
NORMAL/NORMAL-2120559-2.jpeg,retfound,0,0,late,0.67,28.682392,-0.0542897,-0.1941387,-0.08371565
NORMAL/NORMAL-2120559-3.jpeg,retfound,0,0,late,0.67,27.413649,-0.30375397,-0.21321031,-0.33079284
NORMAL/NORMAL-2126186-1.jpeg,retfound,0,0,late,0.67,28.103521,-0.12706551,0.10197546,-0.06499414
NORMAL/NORMAL-2131138-1.jpeg,retfound,0,0,late,0.67,31.576738,-0.15215929,-0.16450624,-0.14089793
NORMAL/NORMAL-2158556-1.jpeg,retfound,0,0,late,0.67,31.438175,-0.14001282,-0.11806805,0.0011099754
NORMAL/NORMAL-2167295-1.jpeg,retfound,0,0,late,0.67,31.45373,-0.08740379,-0.17428973,-0.004654277
NORMAL/NORMAL-2181272-1.jpeg,retfound,0,0,late,0.67,28.164896,-0.18155584,-0.11900231,-0.11879531
NORMAL/NORMAL-2182640-1.jpeg,retfound,0,0,late,0.67,30.245762,0.04902255,0.2300255,0.029804587
NORMAL/NORMAL-2192790-1.jpeg,retfound,0,0,late,0.67,29.901749,0.12464071,-0.03939063,0.060086824
NORMAL/NORMAL-2197972-1.jpeg,retfound,0,0,late,0.67,22.527372,-0.17153811,-0.27783364,-0.15489355
NORMAL/NORMAL-2226488-1.jpeg,retfound,0,0,late,0.67,37.33129,-0.06567827,0.011313017,-0.15925807
NORMAL/NORMAL-2231056-1.jpeg,retfound,0,0,late,0.67,27.843172,-0.34833863,-0.40733796,-0.37229842
NORMAL/NORMAL-223814-1.jpeg,retfound,0,0,late,0.67,26.349327,-0.2128711,-0.37887955,-0.16960357
NORMAL/NORMAL-2244950-1.jpeg,retfound,0,0,late,0.67,27.154697,-0.24586254,-0.37814826,-0.20342463
NORMAL/NORMAL-2287992-1.jpeg,retfound,0,0,late,0.67,30.2304,-0.20738396,-0.017155023,-0.26893184
NORMAL/NORMAL-2305502-1.jpeg,retfound,0,0,late,0.67,26.17667,-0.20858696,-0.31134292,-0.10705052
NORMAL/NORMAL-2312921-1.jpeg,retfound,0,0,late,0.67,30.993647,-0.08095607,0.14630294,-0.1898438
NORMAL/NORMAL-2316423-1.jpeg,retfound,0,0,late,0.67,32.095657,0.04268891,0.123806104,-0.033609103
NORMAL/NORMAL-2335256-1.jpeg,retfound,0,0,late,0.67,25.409315,-0.21719426,-0.35103947,-0.23080233
NORMAL/NORMAL-2342517-1.jpeg,retfound,0,0,late,0.67,30.98609,-0.11292407,-0.19631174,0.00023019128
NORMAL/NORMAL-2350851-1.jpeg,retfound,0,0,late,0.67,23.32658,0.019713474,-0.06854041,-0.030445848
NORMAL/NORMAL-2351012-1.jpeg,retfound,0,0,late,0.67,24.102985,-0.5043881,-0.37945586,-0.5562821
NORMAL/NORMAL-2362579-1.jpeg,retfound,0,0,late,0.67,26.520243,-0.17495175,-0.035839245,-0.21946388
NORMAL/NORMAL-2366700-1.jpeg,retfound,0,0,late,0.67,25.34428,-0.3743435,-0.45808423,-0.42385352
NORMAL/NORMAL-2373878-1.jpeg,retfound,0,0,late,0.67,25.18334,-0.18799435,-0.22874713,-0.040972248
NORMAL/NORMAL-2377429-1.jpeg,retfound,0,0,late,0.67,23.877964,-0.5160982,-0.62889993,-0.42845142
NORMAL/NORMAL-2392366-1.jpeg,retfound,0,0,late,0.67,30.111008,-0.06143103,-0.25773412,-0.08343507
NORMAL/NORMAL-2397754-1.jpeg,retfound,0,0,late,0.67,29.44064,-0.00896845,0.071033,0.010819349
NORMAL/NORMAL-2403175-1.jpeg,retfound,0,0,late,0.67,26.56767,-0.039154626,-0.119139954,0.005864824
NORMAL/NORMAL-2416187-1.jpeg,retfound,0,0,late,0.67,26.372446,-0.15956098,-0.1886296,-0.038546756
NORMAL/NORMAL-2421067-1.jpeg,retfound,0,0,late,0.67,22.52008,-0.3926141,-0.45196298,-0.387482
NORMAL/NORMAL-2424949-1.jpeg,retfound,0,0,late,0.67,38.39346,0.21614833,0.15696731,0.22605696
NORMAL/NORMAL-2434258-1.jpeg,retfound,0,0,late,0.67,24.679672,-0.189677,-0.1225367,-0.2536679
NORMAL/NORMAL-2436365-1.jpeg,retfound,0,0,late,0.67,22.089727,-0.4930669,-0.6591375,-0.52400535
NORMAL/NORMAL-2448954-1.jpeg,retfound,0,0,late,0.67,25.77974,-0.48779145,-0.6081314,-0.54738235
NORMAL/NORMAL-2459401-1.jpeg,retfound,0,0,late,0.67,25.15773,-0.16656716,-0.29581845,-0.27175725
NORMAL/NORMAL-2460548-1.jpeg,retfound,0,0,late,0.67,28.639284,-0.30592775,-0.26998007,-0.33887643
NORMAL/NORMAL-2476896-1.jpeg,retfound,0,0,late,0.67,32.44078,-0.007022828,-0.058803093,-0.045764487
NORMAL/NORMAL-2493975-1.jpeg,retfound,0,0,late,0.67,31.149971,-0.24128687,-0.19794269,-0.28736132
NORMAL/NORMAL-2504667-1.jpeg,retfound,0,0,late,0.67,24.933035,-0.22273353,-0.5122778,-0.15454191
NORMAL/NORMAL-2509453-1.jpeg,retfound,0,0,late,0.67,29.394213,-0.26907817,-0.14939466,-0.32698894
NORMAL/NORMAL-2517546-1.jpeg,retfound,0,0,late,0.67,24.430124,-0.30863005,-0.54672515,-0.31096828
NORMAL/NORMAL-2549549-1.jpeg,retfound,0,0,late,0.67,26.679075,-0.17723869,-0.2153477,-0.23606004
NORMAL/NORMAL-2551333-1.jpeg,retfound,0,0,late,0.67,25.907495,-0.24198681,-0.30613667,-0.2475172
NORMAL/NORMAL-2569106-1.jpeg,retfound,0,0,late,0.67,22.397276,-0.27824974,-0.12028346,-0.28442463
NORMAL/NORMAL-2570020-1.jpeg,retfound,0,0,late,0.67,30.730677,-0.13570398,-0.16085568,-0.055671863
NORMAL/NORMAL-2579419-1.jpeg,retfound,0,0,late,0.67,35.79585,0.13196445,-0.035720825,0.046290368
NORMAL/NORMAL-2598368-1.jpeg,retfound,0,0,late,0.67,30.27118,-0.06823222,0.19323993,0.058894098
NORMAL/NORMAL-2602596-1.jpeg,retfound,0,0,late,0.67,20.727617,-0.423316,-0.5107832,-0.33103412
NORMAL/NORMAL-2627129-1.jpeg,retfound,0,0,late,0.67,25.195902,-0.42204547,-0.49809498,-0.41876578
NORMAL/NORMAL-2633503-1.jpeg,retfound,0,0,late,0.67,32.59812,0.02218172,0.08886805,0.20522937
NORMAL/NORMAL-2636641-1.jpeg,retfound,0,0,late,0.67,25.289877,-0.15872167,-0.21445295,-0.20265976
NORMAL/NORMAL-2665491-1.jpeg,retfound,0,0,late,0.67,23.126959,-0.39382353,-0.4630621,-0.3097231
NORMAL/NORMAL-269181-1.jpeg,retfound,0,0,late,0.67,39.19738,0.33106318,0.060963355,0.18197218
NORMAL/NORMAL-2705520-1.jpeg,retfound,0,0,late,0.67,29.543343,-0.15421768,-0.14583275,-0.05082334
NORMAL/NORMAL-2709055-1.jpeg,retfound,0,0,late,0.67,31.437815,-0.13451117,-0.20887151,-0.13381448
NORMAL/NORMAL-2733663-1.jpeg,retfound,0,0,late,0.67,24.512943,-0.10576092,-0.20741688,-0.11440082
NORMAL/NORMAL-2739821-1.jpeg,retfound,0,0,late,0.67,37.7934,0.19696099,0.44014144,0.28807196
NORMAL/NORMAL-2769622-1.jpeg,retfound,0,0,late,0.67,24.349686,-0.3326332,-0.4517907,-0.39230338
NORMAL/NORMAL-2769622-2.jpeg,retfound,0,0,late,0.67,32.3938,0.15025315,0.11277714,0.2601627
NORMAL/NORMAL-279206-1.jpeg,retfound,0,0,late,0.67,44.274696,0.5680096,0.40040284,0.50130326
NORMAL/NORMAL-283376-1.jpeg,retfound,0,0,late,0.67,26.552343,-0.1746169,-0.17442933,-0.203221
NORMAL/NORMAL-285896-1.jpeg,retfound,0,0,late,0.67,23.88836,-0.36717427,-0.5342245,-0.36767632
NORMAL/NORMAL-2973935-1.jpeg,retfound,0,0,late,0.67,27.819609,-0.26155287,-0.23558433,-0.25053865
NORMAL/NORMAL-3059523-1.jpeg,retfound,0,0,late,0.67,31.354982,-0.0061933803,0.14926003,0.06745298
NORMAL/NORMAL-307151-1.jpeg,retfound,0,0,late,0.67,28.08114,-0.12848742,-0.040111747,-0.11619568
NORMAL/NORMAL-307151-2.jpeg,retfound,0,0,late,0.67,22.601707,-0.21484011,-0.34691676,-0.28060877
NORMAL/NORMAL-3077276-1.jpeg,retfound,0,0,late,0.67,27.573921,-0.084408574,-0.15209052,-0.08167807
NORMAL/NORMAL-3100637-1.jpeg,retfound,0,0,late,0.67,26.857662,-0.2265799,-0.24883017,-0.27074087
NORMAL/NORMAL-3103940-1.jpeg,retfound,0,0,late,0.67,22.30803,-0.29825455,-0.41551587,-0.3034668
NORMAL/NORMAL-3108564-1.jpeg,retfound,0,0,late,0.67,26.250147,-0.19945732,-0.22155064,-0.17420892
NORMAL/NORMAL-3134896-1.jpeg,retfound,0,0,late,0.67,30.566689,-0.06686883,0.10629465,-0.111063324
NORMAL/NORMAL-3166591-1.jpeg,retfound,0,0,late,0.67,22.547655,-0.38439324,-0.5449947,-0.44298732
NORMAL/NORMAL-3220509-1.jpeg,retfound,0,0,late,0.67,26.039747,-0.3387643,-0.38212043,-0.20036447
NORMAL/NORMAL-3244919-1.jpeg,retfound,0,0,late,0.67,29.679892,-0.12079827,-0.22595705,-0.0407124
NORMAL/NORMAL-3256489-1.jpeg,retfound,0,0,late,0.67,25.206398,-0.13038018,-0.3024762,-0.24953306
NORMAL/NORMAL-3277704-1.jpeg,retfound,0,0,late,0.67,25.274456,-0.3453646,-0.296912,-0.31364402
NORMAL/NORMAL-3300015-1.jpeg,retfound,0,0,late,0.67,24.778728,-0.26888356,-0.42706907,-0.36187205
NORMAL/NORMAL-3307598-1.jpeg,retfound,0,0,late,0.67,28.102015,-0.18174124,-0.26213717,-0.120759934
NORMAL/NORMAL-3307598-2.jpeg,retfound,0,0,late,0.67,29.229618,0.046770982,-0.03589671,0.10612305
NORMAL/NORMAL-3308307-1.jpeg,retfound,0,0,late,0.67,34.753857,0.22898467,0.29553702,0.19545159
NORMAL/NORMAL-330905-1.jpeg,retfound,0,0,late,0.67,26.955421,-0.34326878,-0.2702219,-0.34150898
NORMAL/NORMAL-3320960-1.jpeg,retfound,0,0,late,0.67,23.048279,-0.1619831,-0.25423974,-0.11909305
NORMAL/NORMAL-3326661-1.jpeg,retfound,0,0,late,0.67,32.883755,-0.10104269,0.07253933,-0.04184665
NORMAL/NORMAL-3330006-1.jpeg,retfound,0,0,late,0.67,31.130157,0.07314676,0.07105393,0.06520494
NORMAL/NORMAL-3332063-1.jpeg,retfound,0,0,late,0.67,26.52829,-0.2590732,-0.4117322,-0.21447775
NORMAL/NORMAL-33350-1.jpeg,retfound,0,0,late,0.67,28.816063,0.038231824,-0.09257399,0.09455576
NORMAL/NORMAL-33350-2.jpeg,retfound,0,0,late,0.67,27.399998,-0.038095154,-0.23575118,-0.019656636
NORMAL/NORMAL-33350-3.jpeg,retfound,0,0,late,0.67,33.42051,0.10505715,0.20869744,0.23018092
NORMAL/NORMAL-3340309-1.jpeg,retfound,0,0,late,0.67,32.67911,0.026086546,0.026701292,-0.015233975
NORMAL/NORMAL-3346049-1.jpeg,retfound,0,0,late,0.67,29.13962,-0.23494378,-0.22510079,-0.16386789
NORMAL/NORMAL-3347645-1.jpeg,retfound,0,0,late,0.67,29.426329,-0.08253929,0.098130785,-0.03241969
NORMAL/NORMAL-3354044-1.jpeg,retfound,0,0,late,0.67,34.51989,0.18243733,0.27076936,0.30376703
NORMAL/NORMAL-3361560-1.jpeg,retfound,0,0,late,0.67,29.863235,0.096058674,0.09590687,0.072009966
NORMAL/NORMAL-3361750-1.jpeg,retfound,0,0,late,0.67,22.321497,-0.31485504,-0.352616,-0.21303219
NORMAL/NORMAL-33637-1.jpeg,retfound,0,0,late,0.67,26.48525,-0.2790044,-0.25805628,-0.323085
NORMAL/NORMAL-3373954-1.jpeg,retfound,0,0,late,0.67,35.32226,0.15830755,0.18540756,0.19148031
NORMAL/NORMAL-3380901-1.jpeg,retfound,0,0,late,0.67,32.409233,-0.104222886,-0.18400279,-0.14855759
NORMAL/NORMAL-338568-1.jpeg,retfound,0,0,late,0.67,27.007954,-0.31887126,-0.4125452,-0.32226163
NORMAL/NORMAL-3390782-1.jpeg,retfound,0,0,late,0.67,27.974836,-0.23703434,-0.28741303,-0.21894404
NORMAL/NORMAL-3398969-1.jpeg,retfound,0,0,late,0.67,40.373615,0.24248636,0.26012024,0.35849983
NORMAL/NORMAL-3399839-1.jpeg,retfound,0,0,late,0.67,24.0525,-0.20861338,-0.11472098,-0.1894464
NORMAL/NORMAL-3416330-1.jpeg,retfound,0,0,late,0.67,27.780159,-0.17659579,0.05771144,-0.19797836
NORMAL/NORMAL-3431386-1.jpeg,retfound,0,0,late,0.67,28.937107,-0.18832305,-0.21575002,-0.20720899
NORMAL/NORMAL-3451887-1.jpeg,retfound,0,0,late,0.67,30.107521,-0.030268721,-0.039559547,0.07153736
NORMAL/NORMAL-3465750-1.jpeg,retfound,0,0,late,0.67,31.988161,0.011608903,-0.08546704,-0.07942742
NORMAL/NORMAL-3466714-1.jpeg,retfound,0,0,late,0.67,23.34215,-0.2381778,-0.34056038,-0.26122904
NORMAL/NORMAL-3475211-1.jpeg,retfound,0,0,late,0.67,22.73149,-0.29343218,-0.33497182,-0.3112842
NORMAL/NORMAL-348347-1.jpeg,retfound,0,0,late,0.67,25.31679,-0.38414666,-0.43171465,-0.36312535
NORMAL/NORMAL-349021-1.jpeg,retfound,0,0,late,0.67,30.793259,-0.021753572,0.18173242,0.103707604
NORMAL/NORMAL-351109-1.jpeg,retfound,0,0,late,0.67,36.611996,0.044943985,0.21562015,0.1087044
NORMAL/NORMAL-351109-2.jpeg,retfound,0,0,late,0.67,24.170368,-0.45830858,-0.38923007,-0.44207132
NORMAL/NORMAL-3531215-1.jpeg,retfound,0,0,late,0.67,28.676056,-0.25472748,-0.34073007,-0.2672404
NORMAL/NORMAL-3538316-1.jpeg,retfound,0,0,late,0.67,26.158846,-0.22345783,-0.20882064,-0.13162336
NORMAL/NORMAL-3561306-1.jpeg,retfound,0,0,late,0.67,26.438456,-0.33803606,-0.40898412,-0.21594194
NORMAL/NORMAL-3561306-2.jpeg,retfound,0,0,late,0.67,26.717752,-0.28532666,-0.43692374,-0.28181738
NORMAL/NORMAL-366503-1.jpeg,retfound,0,0,late,0.67,23.782581,-0.14732307,-0.23186576,-0.24262208
NORMAL/NORMAL-366503-2.jpeg,retfound,0,0,late,0.67,24.043844,-0.12940115,-0.14896062,-0.18087426
NORMAL/NORMAL-36734-1.jpeg,retfound,0,0,late,0.67,26.293774,-0.11007412,-0.12323458,-0.08120496
NORMAL/NORMAL-37818-1.jpeg,retfound,0,0,late,0.67,27.659185,-0.05353172,0.07175042,-0.08264037
NORMAL/NORMAL-395557-1.jpeg,retfound,0,0,late,0.67,28.572168,0.008032829,-0.016305786,-0.026833843
NORMAL/NORMAL-402066-1.jpeg,retfound,0,0,late,0.67,29.716383,0.0076532047,-0.028208539,0.03250256
NORMAL/NORMAL-402066-2.jpeg,retfound,0,0,late,0.67,26.276379,-0.29848117,-0.25167716,-0.20066358
NORMAL/NORMAL-402066-3.jpeg,retfound,0,0,late,0.67,26.48788,-0.30233783,-0.21646875,-0.23392183
NORMAL/NORMAL-402066-4.jpeg,retfound,0,0,late,0.67,30.39873,0.005976249,-0.06402361,0.007927907
NORMAL/NORMAL-402066-5.jpeg,retfound,0,0,late,0.67,23.616404,-0.31073692,-0.2559114,-0.2599857
NORMAL/NORMAL-438684-1.jpeg,retfound,0,0,late,0.67,28.19251,-0.2828215,-0.37652445,-0.32081914
NORMAL/NORMAL-438684-2.jpeg,retfound,0,0,late,0.67,29.146738,-0.20267877,-0.24823846,-0.28157175
NORMAL/NORMAL-438684-3.jpeg,retfound,0,0,late,0.67,28.451365,-0.22115426,-0.3736364,-0.27673227
NORMAL/NORMAL-443980-1.jpeg,retfound,0,0,late,0.67,26.320822,-0.35335782,-0.4836726,-0.25252315
NORMAL/NORMAL-446851-1.jpeg,retfound,0,0,late,0.67,36.026108,0.033768095,0.042153127,0.11727219
NORMAL/NORMAL-446851-2.jpeg,retfound,0,0,late,0.67,33.627045,0.011457831,0.0024972674,0.10251445
NORMAL/NORMAL-447690-1.jpeg,retfound,0,0,late,0.67,30.006832,-0.116608255,-0.19743699,-0.11430229
NORMAL/NORMAL-447690-2.jpeg,retfound,0,0,late,0.67,24.38021,-0.43661457,-0.45029354,-0.37206042
NORMAL/NORMAL-450532-1.jpeg,retfound,0,0,late,0.67,27.851696,-0.27877188,-0.11839934,0.0037196847
NORMAL/NORMAL-450923-1.jpeg,retfound,0,0,late,0.67,21.870916,-0.3760484,-0.40117902,-0.29389226
NORMAL/NORMAL-450923-2.jpeg,retfound,0,0,late,0.67,27.229317,-0.094117604,-0.026058186,-0.13110468
NORMAL/NORMAL-460711-1.jpeg,retfound,0,0,late,0.67,26.201517,-0.32611278,-0.25255898,-0.3013056
NORMAL/NORMAL-460844-1.jpeg,retfound,0,0,late,0.67,23.875608,-0.41459173,-0.48784804,-0.40081668
NORMAL/NORMAL-466978-1.jpeg,retfound,0,0,late,0.67,28.667032,0.027816962,0.098429024,-0.07227215
NORMAL/NORMAL-469935-1.jpeg,retfound,0,0,late,0.67,25.483711,-0.24586767,-0.35760167,-0.24692452
NORMAL/NORMAL-4761187-1.jpeg,retfound,0,0,late,0.67,29.690895,0.01725722,0.034618475,0.034036566
NORMAL/NORMAL-4790999-1.jpeg,retfound,0,0,late,0.67,30.370699,-0.12475027,-0.28374392,-0.06376222
NORMAL/NORMAL-48053-1.jpeg,retfound,0,0,late,0.67,27.856874,-0.093657605,-0.14304252,-0.049210228
NORMAL/NORMAL-4839633-1.jpeg,retfound,0,0,late,0.67,26.78598,-0.2673664,-0.29150236,-0.30729842
NORMAL/NORMAL-486271-1.jpeg,retfound,0,0,late,0.67,27.546959,-0.2496407,-0.2865023,-0.2697531
NORMAL/NORMAL-508852-1.jpeg,retfound,0,0,late,0.67,26.189762,-0.2947257,-0.3392939,-0.3292001
NORMAL/NORMAL-508852-2.jpeg,retfound,0,0,late,0.67,24.141762,-0.13786311,-0.32550505,-0.24033135
NORMAL/NORMAL-519372-1.jpeg,retfound,0,0,late,0.67,36.799854,0.08405533,0.1901364,0.13128753
NORMAL/NORMAL-524640-1.jpeg,retfound,0,0,late,0.67,27.713644,-0.22607124,-0.24843407,-0.16239947
NORMAL/NORMAL-544457-1.jpeg,retfound,0,0,late,0.67,28.01844,-0.24969879,-0.39861602,-0.12430204
NORMAL/NORMAL-544711-1.jpeg,retfound,0,0,late,0.67,27.061193,-0.20891207,-0.108469374,-0.151574
NORMAL/NORMAL-547422-1.jpeg,retfound,0,0,late,0.67,32.9785,-0.0006286986,0.11304617,-0.007394897
NORMAL/NORMAL-547422-2.jpeg,retfound,0,0,late,0.67,25.056816,-0.25454122,-0.041242115,-0.25961488
NORMAL/NORMAL-549356-1.jpeg,retfound,0,0,late,0.67,31.139784,-0.26393437,-0.54549,-0.33169574
NORMAL/NORMAL-549356-2.jpeg,retfound,0,0,late,0.67,22.402798,-0.4301176,-0.41436732,-0.48525566
NORMAL/NORMAL-549356-3.jpeg,retfound,0,0,late,0.67,27.70187,-0.3809784,-0.3829461,-0.48856845
NORMAL/NORMAL-552739-1.jpeg,retfound,0,0,late,0.67,27.77056,-0.2458655,-0.11754286,-0.30092305
NORMAL/NORMAL-557437-1.jpeg,retfound,0,0,late,0.67,27.298315,0.04731612,-0.090752564,0.13849859
NORMAL/NORMAL-557437-2.jpeg,retfound,0,0,late,0.67,27.604773,-0.20178263,-0.0905909,-0.1963741
NORMAL/NORMAL-565818-1.jpeg,retfound,0,0,late,0.67,22.538069,-0.24959016,-0.37175888,-0.25134248
NORMAL/NORMAL-566040-1.jpeg,retfound,0,0,late,0.67,30.78708,0.03441448,0.087851726,0.05050986
NORMAL/NORMAL-568518-1.jpeg,retfound,0,0,late,0.67,26.532175,-0.2496559,-0.31696683,-0.332091
NORMAL/NORMAL-568518-2.jpeg,retfound,0,0,late,0.67,30.006714,-0.029638259,0.045848817,-0.07704187
NORMAL/NORMAL-571157-1.jpeg,retfound,0,0,late,0.67,27.598602,-0.04069043,-0.08986666,-0.074781045
NORMAL/NORMAL-571484-1.jpeg,retfound,0,0,late,0.67,26.238953,-0.22968204,-0.27780962,-0.1388227
NORMAL/NORMAL-572972-1.jpeg,retfound,0,0,late,0.67,30.377686,-0.041624658,-0.075864404,0.16200136
NORMAL/NORMAL-574089-1.jpeg,retfound,0,0,late,0.67,25.612263,-0.20217688,-0.14794767,-0.22302836
NORMAL/NORMAL-582215-1.jpeg,retfound,0,0,late,0.67,33.72884,0.04240722,0.23264633,0.16898796
NORMAL/NORMAL-588227-1.jpeg,retfound,0,0,late,0.67,33.897617,0.0321868,0.14181156,0.07516008
NORMAL/NORMAL-60471-1.jpeg,retfound,0,0,late,0.67,26.028797,-0.27109432,-0.22162014,-0.26240724
NORMAL/NORMAL-605310-1.jpeg,retfound,0,0,late,0.67,30.745344,-0.22778454,-0.2331894,-0.2062648
NORMAL/NORMAL-626127-1.jpeg,retfound,0,0,late,0.67,25.471159,-0.23125741,-0.15989469,-0.34390646
NORMAL/NORMAL-628048-1.jpeg,retfound,0,0,late,0.67,25.287405,-0.2834105,-0.3388176,-0.23007546
NORMAL/NORMAL-629493-1.jpeg,retfound,0,0,late,0.67,28.160965,-0.070233464,-0.032470874,0.12897365
NORMAL/NORMAL-651257-1.jpeg,retfound,0,0,late,0.67,25.88287,-0.32916385,-0.29515755,-0.36012083
NORMAL/NORMAL-655117-1.jpeg,retfound,0,0,late,0.67,22.908672,-0.3691467,-0.40964007,-0.32812154
NORMAL/NORMAL-655447-1.jpeg,retfound,0,0,late,0.67,31.305443,-0.29092652,-0.154819,-0.31710827
NORMAL/NORMAL-664536-1.jpeg,retfound,0,0,late,0.67,27.962152,-0.37352636,-0.4150023,-0.36950868
NORMAL/NORMAL-66515-1.jpeg,retfound,0,0,late,0.67,31.458553,-0.0076416247,-0.037906468,0.012242016
NORMAL/NORMAL-672619-1.jpeg,retfound,0,0,late,0.67,22.062996,-0.49452138,-0.579751,-0.49358916
NORMAL/NORMAL-692554-1.jpeg,retfound,0,0,late,0.67,24.388405,-0.2691682,-0.14497188,-0.34422952
NORMAL/NORMAL-693575-1.jpeg,retfound,0,0,late,0.67,24.15,-0.37103957,-0.38907284,-0.47087464
NORMAL/NORMAL-697826-1.jpeg,retfound,0,0,late,0.67,33.641586,0.09316162,0.4442097,0.16684994
NORMAL/NORMAL-744709-1.jpeg,retfound,0,0,late,0.67,27.025803,-0.48561615,-0.5016893,-0.46333063
NORMAL/NORMAL-755659-1.jpeg,retfound,0,0,late,0.67,31.932915,-0.07343468,-0.041673582,-0.021552041
NORMAL/NORMAL-758272-1.jpeg,retfound,0,0,late,0.67,26.387285,-0.10429339,-0.06964673,-0.18960573
NORMAL/NORMAL-76914-1.jpeg,retfound,0,0,late,0.67,26.45836,0.09304283,-0.0208609,0.100415096
NORMAL/NORMAL-772481-1.jpeg,retfound,0,0,late,0.67,25.533455,-0.17886898,-0.15447637,-0.32547104
NORMAL/NORMAL-84466-1.jpeg,retfound,0,0,late,0.67,28.280111,-0.080178,-0.30319095,-0.061597977
NORMAL/NORMAL-85367-1.jpeg,retfound,0,0,late,0.67,22.533005,-0.3321897,-0.37065113,-0.3878978
NORMAL/NORMAL-9251-1.jpeg,retfound,0,0,late,0.67,29.0683,-0.13940138,0.0050157635,-0.22259213
NORMAL/NORMAL-98720-1.jpeg,retfound,0,0,late,0.67,28.919716,-0.19774003,-0.3822521,-0.11829586
CNV/CNV-1016042-1.jpeg,retfound,0,0,final,1.0,49.686317,0.9423431,0.7293088,0.7098235
CNV/CNV-1016042-2.jpeg,retfound,0,0,final,1.0,60.592525,0.88233924,0.72189254,0.6843947
CNV/CNV-1016042-3.jpeg,retfound,0,0,final,1.0,45.69717,0.9563252,0.68775344,0.7109045
CNV/CNV-1016042-4.jpeg,retfound,0,0,final,1.0,49.574944,0.9666916,0.6492334,0.7921596
CNV/CNV-103044-1.jpeg,retfound,0,0,final,1.0,50.596268,0.942905,0.67610025,0.78748953
CNV/CNV-103044-10.jpeg,retfound,0,0,final,1.0,51.61505,0.9400992,0.6476025,0.77489
CNV/CNV-103044-11.jpeg,retfound,0,0,final,1.0,47.454437,0.96893597,0.66543174,0.78375506
CNV/CNV-103044-12.jpeg,retfound,0,0,final,1.0,50.57648,0.9634555,0.62632513,0.82333004
CNV/CNV-103044-2.jpeg,retfound,0,0,final,1.0,57.43357,0.8432669,0.8254227,0.70684135
CNV/CNV-103044-3.jpeg,retfound,0,0,final,1.0,50.228687,0.95025796,0.68162924,0.7724222
CNV/CNV-103044-4.jpeg,retfound,0,0,final,1.0,47.62445,0.96810323,0.72441953,0.77213013
CNV/CNV-103044-5.jpeg,retfound,0,0,final,1.0,50.791054,0.96105176,0.65767926,0.8297571
CNV/CNV-103044-6.jpeg,retfound,0,0,final,1.0,56.271126,0.933576,0.65156937,0.760614
CNV/CNV-103044-7.jpeg,retfound,0,0,final,1.0,51.91423,0.9472782,0.71776056,0.77276397
CNV/CNV-103044-8.jpeg,retfound,0,0,final,1.0,46.743546,0.9550586,0.6491915,0.7293643
CNV/CNV-103044-9.jpeg,retfound,0,0,final,1.0,52.286243,0.96294236,0.6683271,0.8267167
CNV/CNV-1083927-1.jpeg,retfound,0,0,final,1.0,48.209106,0.9668815,0.66406953,0.7736381
CNV/CNV-1112835-1.jpeg,retfound,0,0,final,1.0,51.11362,0.9428498,0.6247674,0.74042404
CNV/CNV-1112835-2.jpeg,retfound,0,0,final,1.0,46.52127,0.9613744,0.6315424,0.7346374
CNV/CNV-1130960-1.jpeg,retfound,0,0,final,1.0,45.061146,0.92239606,0.67168415,0.6621442
CNV/CNV-1131664-1.jpeg,retfound,0,0,final,1.0,47.259815,0.9595903,0.65173286,0.7414121
CNV/CNV-1136126-1.jpeg,retfound,0,0,final,1.0,57.650276,0.9136724,0.62917393,0.77162343
CNV/CNV-1177084-1.jpeg,retfound,0,0,final,1.0,59.515232,0.8533996,0.6473673,0.80240816
CNV/CNV-1188386-1.jpeg,retfound,0,0,final,1.0,53.545437,0.9500519,0.6176057,0.8205844
CNV/CNV-1188386-2.jpeg,retfound,0,0,final,1.0,46.103336,0.9663961,0.6490197,0.74447787
CNV/CNV-1188386-3.jpeg,retfound,0,0,final,1.0,51.3893,0.9591684,0.64947724,0.7331548
CNV/CNV-1188386-4.jpeg,retfound,0,0,final,1.0,53.776497,0.8927328,0.64338994,0.6355859
CNV/CNV-1260317-1.jpeg,retfound,0,0,final,1.0,55.774113,0.93141234,0.59428936,0.7503832
CNV/CNV-1290410-1.jpeg,retfound,0,0,final,1.0,48.02553,0.9608523,0.6415998,0.7707603
CNV/CNV-1290410-2.jpeg,retfound,0,0,final,1.0,52.502937,0.92209125,0.5894254,0.7671751
CNV/CNV-1290410-3.jpeg,retfound,0,0,final,1.0,46.039246,0.95744455,0.61052275,0.74953955
CNV/CNV-1305450-1.jpeg,retfound,0,0,final,1.0,49.98891,0.94367445,0.58342254,0.75643533
CNV/CNV-1305450-2.jpeg,retfound,0,0,final,1.0,42.537724,0.95457,0.6588458,0.7155857
CNV/CNV-1305450-3.jpeg,retfound,0,0,final,1.0,45.863285,0.9557786,0.7072363,0.7288481
CNV/CNV-1305450-4.jpeg,retfound,0,0,final,1.0,55.382866,0.87143546,0.6803545,0.6274643
CNV/CNV-137351-1.jpeg,retfound,0,0,final,1.0,54.181534,0.93384326,0.6402511,0.7684703
CNV/CNV-1415351-1.jpeg,retfound,0,0,final,1.0,47.922962,0.9613491,0.701346,0.7353016
CNV/CNV-154835-1.jpeg,retfound,0,0,final,1.0,52.333466,0.93484765,0.6054057,0.74395037
CNV/CNV-154835-2.jpeg,retfound,0,0,final,1.0,51.209686,0.9502803,0.67505246,0.8248943
CNV/CNV-163081-1.jpeg,retfound,0,0,final,1.0,51.125374,0.9673282,0.6694495,0.773604
CNV/CNV-163081-10.jpeg,retfound,0,0,final,1.0,46.134716,0.97579134,0.66717243,0.76218104
CNV/CNV-163081-2.jpeg,retfound,0,0,final,1.0,47.018116,0.96469706,0.67191565,0.7356627
CNV/CNV-163081-3.jpeg,retfound,0,0,final,1.0,53.97465,0.960979,0.6369773,0.79312027
CNV/CNV-163081-4.jpeg,retfound,0,0,final,1.0,49.78371,0.969912,0.6905424,0.78001595
CNV/CNV-163081-5.jpeg,retfound,0,0,final,1.0,52.76547,0.95719105,0.64550096,0.767658
CNV/CNV-163081-6.jpeg,retfound,0,0,final,1.0,50.656006,0.93899465,0.6882984,0.7059393
CNV/CNV-163081-7.jpeg,retfound,0,0,final,1.0,49.15399,0.96210504,0.64795065,0.76686335
CNV/CNV-163081-8.jpeg,retfound,0,0,final,1.0,49.265987,0.9698266,0.6579571,0.7916617
CNV/CNV-163081-9.jpeg,retfound,0,0,final,1.0,50.895866,0.961907,0.6720115,0.751342
CNV/CNV-1632795-1.jpeg,retfound,0,0,final,1.0,49.09621,0.962114,0.64438343,0.7767563
CNV/CNV-1641792-1.jpeg,retfound,0,0,final,1.0,45.63603,0.9243676,0.62174934,0.6604917
CNV/CNV-1641792-2.jpeg,retfound,0,0,final,1.0,51.351116,0.9554039,0.631045,0.81524384
CNV/CNV-1699976-1.jpeg,retfound,0,0,final,1.0,56.406204,0.8933798,0.65954936,0.7706708
CNV/CNV-1699976-2.jpeg,retfound,0,0,final,1.0,55.69141,0.862748,0.58462036,0.659993
CNV/CNV-1699976-3.jpeg,retfound,0,0,final,1.0,61.021362,0.9068785,0.6472485,0.7500115
CNV/CNV-1699976-4.jpeg,retfound,0,0,final,1.0,54.489433,0.9330164,0.62871945,0.76149297
CNV/CNV-1699976-5.jpeg,retfound,0,0,final,1.0,59.02272,0.9093486,0.5878547,0.77063894
CNV/CNV-1704482-1.jpeg,retfound,0,0,final,1.0,46.83866,0.9577899,0.69294834,0.74285305
CNV/CNV-172472-1.jpeg,retfound,0,0,final,1.0,45.266285,0.9675319,0.65565675,0.77151775
CNV/CNV-172472-10.jpeg,retfound,0,0,final,1.0,47.023727,0.9651798,0.6414324,0.76100576
CNV/CNV-172472-11.jpeg,retfound,0,0,final,1.0,45.941288,0.956526,0.68138134,0.7287537
CNV/CNV-172472-2.jpeg,retfound,0,0,final,1.0,51.26951,0.946164,0.6388601,0.7952697
CNV/CNV-172472-3.jpeg,retfound,0,0,final,1.0,49.915485,0.9376498,0.6300937,0.72282183
CNV/CNV-172472-4.jpeg,retfound,0,0,final,1.0,48.73221,0.9540252,0.5855535,0.78172153
CNV/CNV-172472-5.jpeg,retfound,0,0,final,1.0,49.640255,0.95544875,0.64903367,0.73425937
CNV/CNV-172472-6.jpeg,retfound,0,0,final,1.0,54.281345,0.93179727,0.70419335,0.7416426
CNV/CNV-172472-7.jpeg,retfound,0,0,final,1.0,53.441494,0.9418995,0.620955,0.8172582
CNV/CNV-172472-8.jpeg,retfound,0,0,final,1.0,55.564213,0.93589664,0.6085215,0.7921148
CNV/CNV-172472-9.jpeg,retfound,0,0,final,1.0,47.65145,0.95373213,0.5998524,0.7473532
CNV/CNV-1730592-1.jpeg,retfound,0,0,final,1.0,47.742016,0.9555404,0.6054795,0.75531375
CNV/CNV-1730592-2.jpeg,retfound,0,0,final,1.0,51.347862,0.89327246,0.6817237,0.6957085
CNV/CNV-1731375-1.jpeg,retfound,0,0,final,1.0,46.91453,0.9574943,0.6699323,0.71302056
CNV/CNV-1731375-2.jpeg,retfound,0,0,final,1.0,50.813995,0.9645431,0.63296115,0.774847
CNV/CNV-1731375-3.jpeg,retfound,0,0,final,1.0,53.14871,0.9526466,0.645544,0.8705665
CNV/CNV-1784116-1.jpeg,retfound,0,0,final,1.0,47.85061,0.9604843,0.66471356,0.76471674
CNV/CNV-1894770-1.jpeg,retfound,0,0,final,1.0,47.371162,0.94803584,0.6020025,0.7407235
CNV/CNV-1894770-2.jpeg,retfound,0,0,final,1.0,56.43105,0.8882033,0.7936422,0.77474356
CNV/CNV-1980926-1.jpeg,retfound,0,0,final,1.0,46.530704,0.96711683,0.6632702,0.75272197
CNV/CNV-198660-1.jpeg,retfound,0,0,final,1.0,52.275543,0.939224,0.6353743,0.7496979
CNV/CNV-1997439-1.jpeg,retfound,0,0,final,1.0,50.864433,0.9249395,0.7271286,0.6996776
CNV/CNV-1997439-2.jpeg,retfound,0,0,final,1.0,44.354507,0.94019765,0.7497255,0.7053996
CNV/CNV-1997439-3.jpeg,retfound,0,0,final,1.0,57.420116,0.90674436,0.70638734,0.7984887
CNV/CNV-1997439-4.jpeg,retfound,0,0,final,1.0,48.061737,0.9275471,0.71520793,0.68617773
CNV/CNV-1997439-5.jpeg,retfound,0,0,final,1.0,54.721447,0.89520055,0.60043204,0.7930289
CNV/CNV-1997439-6.jpeg,retfound,0,0,final,1.0,50.372665,0.95748496,0.67081094,0.7463987
CNV/CNV-1997439-7.jpeg,retfound,0,0,final,1.0,52.350166,0.9576356,0.6751061,0.80834365
CNV/CNV-2025105-1.jpeg,retfound,0,0,final,1.0,55.474094,0.91922104,0.6812346,0.7808378
CNV/CNV-204397-1.jpeg,retfound,0,0,final,1.0,51.508324,0.91636014,0.58316624,0.7095177
CNV/CNV-2116022-1.jpeg,retfound,0,0,final,1.0,48.779438,0.9589083,0.63375914,0.77563715
CNV/CNV-2141150-1.jpeg,retfound,0,0,final,1.0,49.30016,0.9585667,0.70418656,0.75699556
CNV/CNV-2141150-2.jpeg,retfound,0,0,final,1.0,52.046364,0.9494117,0.636626,0.83869016
CNV/CNV-2158821-1.jpeg,retfound,0,0,final,1.0,45.83767,0.9577495,0.63258857,0.7395071
CNV/CNV-2158821-2.jpeg,retfound,0,0,final,1.0,48.51543,0.95743734,0.5998161,0.76416117
CNV/CNV-2168793-1.jpeg,retfound,0,0,final,1.0,49.34654,0.92730707,0.69572115,0.7047866
CNV/CNV-2177326-1.jpeg,retfound,0,0,final,1.0,52.9485,0.94070804,0.66399825,0.7477654
CNV/CNV-218676-1.jpeg,retfound,0,0,final,1.0,51.35363,0.95740515,0.6240884,0.804902
CNV/CNV-2192440-1.jpeg,retfound,0,0,final,1.0,48.31004,0.9532037,0.6808226,0.73617125
CNV/CNV-2192440-2.jpeg,retfound,0,0,final,1.0,50.148487,0.9581067,0.69896775,0.76186633
CNV/CNV-2350851-1.jpeg,retfound,0,0,final,1.0,46.919678,0.9589095,0.63316256,0.76076996
CNV/CNV-2438783-1.jpeg,retfound,0,0,final,1.0,46.448204,0.9705339,0.67305684,0.7748844
CNV/CNV-2438783-2.jpeg,retfound,0,0,final,1.0,50.12992,0.92618537,0.704012,0.7050487
CNV/CNV-2541184-1.jpeg,retfound,0,0,final,1.0,49.829613,0.96387136,0.63451195,0.7767092
CNV/CNV-2632189-1.jpeg,retfound,0,0,final,1.0,46.220203,0.9658686,0.65211856,0.7534226
CNV/CNV-2692822-1.jpeg,retfound,0,0,final,1.0,50.23406,0.95764744,0.7182534,0.7694014
CNV/CNV-2725524-1.jpeg,retfound,0,0,final,1.0,48.454624,0.9605396,0.62023854,0.7677673
CNV/CNV-2725524-2.jpeg,retfound,0,0,final,1.0,47.796646,0.9013599,0.68540144,0.6412625
CNV/CNV-2760476-1.jpeg,retfound,0,0,final,1.0,50.081898,0.9298437,0.7103604,0.70214915
CNV/CNV-2959614-1.jpeg,retfound,0,0,final,1.0,46.107365,0.95716286,0.6649091,0.7432788
CNV/CNV-2959614-2.jpeg,retfound,0,0,final,1.0,48.74145,0.949175,0.65251553,0.7261365
CNV/CNV-2959614-3.jpeg,retfound,0,0,final,1.0,68.24666,0.8341365,0.6057173,0.7498033
CNV/CNV-2959614-4.jpeg,retfound,0,0,final,1.0,47.905457,0.9499934,0.6436583,0.7476977
CNV/CNV-3030629-1.jpeg,retfound,0,0,final,1.0,58.9837,0.904325,0.7471531,0.786698
CNV/CNV-3080163-1.jpeg,retfound,0,0,final,1.0,49.1405,0.9525475,0.6302289,0.7230384
CNV/CNV-3080163-2.jpeg,retfound,0,0,final,1.0,50.86926,0.93760014,0.5978558,0.70003414
CNV/CNV-3119854-1.jpeg,retfound,0,0,final,1.0,51.944767,0.92606354,0.64145744,0.68951404
CNV/CNV-3163547-1.jpeg,retfound,0,0,final,1.0,53.03894,0.83916533,0.6708174,0.5817914
CNV/CNV-3200277-1.jpeg,retfound,0,0,final,1.0,55.038387,0.93931335,0.7304491,0.76252687
CNV/CNV-3200277-2.jpeg,retfound,0,0,final,1.0,64.83697,0.8370627,0.5492221,0.65632296
CNV/CNV-3213586-1.jpeg,retfound,0,0,final,1.0,59.75321,0.8824266,0.642824,0.7688643
CNV/CNV-3241692-1.jpeg,retfound,0,0,final,1.0,54.356636,0.95113075,0.64898515,0.83460504
CNV/CNV-3241692-2.jpeg,retfound,0,0,final,1.0,44.24929,0.96049106,0.644096,0.7451225
CNV/CNV-328435-1.jpeg,retfound,0,0,final,1.0,49.736202,0.9321197,0.7086263,0.7710911
CNV/CNV-3300060-1.jpeg,retfound,0,0,final,1.0,63.23945,0.83502245,0.80020916,0.73094153
CNV/CNV-338282-1.jpeg,retfound,0,0,final,1.0,44.82687,0.969329,0.6711872,0.7360841
CNV/CNV-3424668-1.jpeg,retfound,0,0,final,1.0,55.078243,0.91824055,0.72608924,0.730665
CNV/CNV-3432812-1.jpeg,retfound,0,0,final,1.0,56.690063,0.91551715,0.61877084,0.8290784
CNV/CNV-3459091-1.jpeg,retfound,0,0,final,1.0,47.985184,0.9565178,0.6699429,0.7150462
CNV/CNV-3541867-1.jpeg,retfound,0,0,final,1.0,48.006382,0.95236665,0.6798205,0.7558399
CNV/CNV-3616460-1.jpeg,retfound,0,0,final,1.0,52.220726,0.9165844,0.68367517,0.67439
CNV/CNV-3618489-1.jpeg,retfound,0,0,final,1.0,52.180073,0.9196202,0.7221447,0.72474945
CNV/CNV-3618489-2.jpeg,retfound,0,0,final,1.0,58.1809,0.87377405,0.6241876,0.877887
CNV/CNV-364469-1.jpeg,retfound,0,0,final,1.0,62.57578,0.8647406,0.73314714,0.7823976
CNV/CNV-364469-2.jpeg,retfound,0,0,final,1.0,56.655212,0.9269358,0.6332556,0.76746106
CNV/CNV-364469-3.jpeg,retfound,0,0,final,1.0,58.063683,0.9142351,0.5767474,0.86239123
CNV/CNV-3734032-1.jpeg,retfound,0,0,final,1.0,48.794964,0.9256239,0.71287733,0.70179576
CNV/CNV-375851-1.jpeg,retfound,0,0,final,1.0,52.340202,0.9425148,0.59942216,0.75042844
CNV/CNV-3847391-1.jpeg,retfound,0,0,final,1.0,47.760685,0.9489311,0.6181141,0.7115649
CNV/CNV-412653-1.jpeg,retfound,0,0,final,1.0,50.786232,0.95400536,0.67814064,0.78549993
CNV/CNV-417468-1.jpeg,retfound,0,0,final,1.0,63.65781,0.841856,0.7441572,0.8246759
CNV/CNV-4244160-1.jpeg,retfound,0,0,final,1.0,51.134552,0.9471169,0.63562113,0.75884604
CNV/CNV-4244160-2.jpeg,retfound,0,0,final,1.0,45.01472,0.95983315,0.608274,0.7969848
CNV/CNV-4244160-3.jpeg,retfound,0,0,final,1.0,49.390045,0.9703516,0.66935885,0.78454316
CNV/CNV-4274486-1.jpeg,retfound,0,0,final,1.0,57.45882,0.90891564,0.69584644,0.77919745
CNV/CNV-4283050-1.jpeg,retfound,0,0,final,1.0,63.3727,0.8565556,0.7380962,0.7646141
CNV/CNV-4283050-2.jpeg,retfound,0,0,final,1.0,59.71564,0.9128501,0.7298509,0.8014849
CNV/CNV-4464785-1.jpeg,retfound,0,0,final,1.0,51.044613,0.9601009,0.6559626,0.8021575
CNV/CNV-451136-1.jpeg,retfound,0,0,final,1.0,52.456463,0.9358242,0.68745106,0.7134296
CNV/CNV-451136-2.jpeg,retfound,0,0,final,1.0,59.039158,0.90425384,0.72435975,0.7055169
CNV/CNV-451136-3.jpeg,retfound,0,0,final,1.0,49.306454,0.93247867,0.72643864,0.70236516
CNV/CNV-451136-4.jpeg,retfound,0,0,final,1.0,52.848885,0.937942,0.73472357,0.73639464
CNV/CNV-451136-5.jpeg,retfound,0,0,final,1.0,47.96174,0.94803596,0.6774018,0.72720236
CNV/CNV-451136-6.jpeg,retfound,0,0,final,1.0,55.58115,0.9305308,0.6881321,0.7318283
CNV/CNV-451136-7.jpeg,retfound,0,0,final,1.0,58.302437,0.9266238,0.6651604,0.73869014
CNV/CNV-457527-1.jpeg,retfound,0,0,final,1.0,50.451912,0.9463666,0.6322433,0.7252861
CNV/CNV-457907-1.jpeg,retfound,0,0,final,1.0,47.41491,0.9602274,0.64929605,0.7394401
CNV/CNV-460403-1.jpeg,retfound,0,0,final,1.0,45.844696,0.96645254,0.695266,0.75242174
CNV/CNV-4643364-1.jpeg,retfound,0,0,final,1.0,44.75513,0.9637124,0.6324208,0.7341466
CNV/CNV-4674526-1.jpeg,retfound,0,0,final,1.0,53.96622,0.9470407,0.7057604,0.7562772
CNV/CNV-4740418-1.jpeg,retfound,0,0,final,1.0,47.16474,0.9479648,0.71377254,0.73272634
CNV/CNV-4775389-1.jpeg,retfound,0,0,final,1.0,45.38655,0.96491456,0.6198356,0.7640377
CNV/CNV-4884091-1.jpeg,retfound,0,0,final,1.0,49.41949,0.92688745,0.7769158,0.71967554
CNV/CNV-4907724-1.jpeg,retfound,0,0,final,1.0,53.155308,0.9465568,0.67004,0.7988771
CNV/CNV-4974377-1.jpeg,retfound,0,0,final,1.0,47.794827,0.9561708,0.6144339,0.74860984
CNV/CNV-5054419-1.jpeg,retfound,0,0,final,1.0,49.546963,0.968046,0.63180757,0.7798169
CNV/CNV-5054419-2.jpeg,retfound,0,0,final,1.0,48.786945,0.9610466,0.6284967,0.74120784
CNV/CNV-53018-1.jpeg,retfound,0,0,final,1.0,58.85416,0.89929163,0.6820359,0.7902678
CNV/CNV-53018-2.jpeg,retfound,0,0,final,1.0,64.602104,0.8622603,0.6399604,0.83356535
CNV/CNV-538779-1.jpeg,retfound,0,0,final,1.0,45.79183,0.96249866,0.61021256,0.74452734
CNV/CNV-538779-2.jpeg,retfound,0,0,final,1.0,50.659374,0.95746857,0.59028625,0.78224134
CNV/CNV-5409617-1.jpeg,retfound,0,0,final,1.0,49.379997,0.95168436,0.67074734,0.74338496
CNV/CNV-5429703-1.jpeg,retfound,0,0,final,1.0,43.1466,0.95248544,0.62921715,0.7086055
CNV/CNV-5429703-2.jpeg,retfound,0,0,final,1.0,48.28451,0.95207375,0.71945536,0.74547356
CNV/CNV-5431636-1.jpeg,retfound,0,0,final,1.0,55.697533,0.94422746,0.6041367,0.7867705
CNV/CNV-5431636-2.jpeg,retfound,0,0,final,1.0,47.931873,0.967578,0.62254566,0.78350437
CNV/CNV-5457415-1.jpeg,retfound,0,0,final,1.0,49.300476,0.95264304,0.6306576,0.7941673
CNV/CNV-5536678-1.jpeg,retfound,0,0,final,1.0,50.708725,0.95767784,0.67281413,0.77130157
CNV/CNV-5536678-2.jpeg,retfound,0,0,final,1.0,48.140015,0.9433807,0.6070321,0.75419796
CNV/CNV-5557306-1.jpeg,retfound,0,0,final,1.0,52.492268,0.9478103,0.6337267,0.81315106
CNV/CNV-5594757-1.jpeg,retfound,0,0,final,1.0,46.7247,0.9352094,0.6138867,0.7088882
CNV/CNV-5594757-2.jpeg,retfound,0,0,final,1.0,49.838104,0.95565695,0.6377274,0.7690563
CNV/CNV-5603164-1.jpeg,retfound,0,0,final,1.0,57.768044,0.93228924,0.6799469,0.7247155
CNV/CNV-564246-1.jpeg,retfound,0,0,final,1.0,54.014595,0.8513799,0.8173969,0.6310601
CNV/CNV-5674369-1.jpeg,retfound,0,0,final,1.0,46.479774,0.9434664,0.69566226,0.7005484
CNV/CNV-5674369-2.jpeg,retfound,0,0,final,1.0,48.660225,0.9618889,0.66687346,0.72649395
CNV/CNV-5674369-3.jpeg,retfound,0,0,final,1.0,54.146152,0.9448761,0.63377935,0.77276355
CNV/CNV-5674369-4.jpeg,retfound,0,0,final,1.0,50.66349,0.95397717,0.66028464,0.77357745
CNV/CNV-5674369-5.jpeg,retfound,0,0,final,1.0,44.258442,0.97055745,0.6454874,0.7735277
CNV/CNV-5760454-1.jpeg,retfound,0,0,final,1.0,51.831463,0.93085766,0.6048337,0.7499028
CNV/CNV-5813701-1.jpeg,retfound,0,0,final,1.0,47.81838,0.96153176,0.6370398,0.7531487
CNV/CNV-5813701-2.jpeg,retfound,0,0,final,1.0,56.194195,0.92172164,0.6342354,0.72155064
CNV/CNV-5813701-3.jpeg,retfound,0,0,final,1.0,47.12841,0.9611971,0.6486673,0.7502961
CNV/CNV-5824631-1.jpeg,retfound,0,0,final,1.0,46.888165,0.96399724,0.70394117,0.74447316
CNV/CNV-5861916-1.jpeg,retfound,0,0,final,1.0,45.40318,0.9343503,0.7308105,0.6986098
CNV/CNV-5861916-2.jpeg,retfound,0,0,final,1.0,52.19125,0.9362906,0.6417546,0.7487439
CNV/CNV-5861916-3.jpeg,retfound,0,0,final,1.0,44.584446,0.9580477,0.67542034,0.73098326
CNV/CNV-5861916-4.jpeg,retfound,0,0,final,1.0,53.936768,0.94275004,0.69535965,0.74598
CNV/CNV-5861916-5.jpeg,retfound,0,0,final,1.0,48.703495,0.96366763,0.68194795,0.7637415
CNV/CNV-5904584-1.jpeg,retfound,0,0,final,1.0,43.51194,0.94192034,0.74501085,0.70442903
CNV/CNV-5904584-2.jpeg,retfound,0,0,final,1.0,47.26358,0.96108234,0.65974057,0.7707632
CNV/CNV-5904584-3.jpeg,retfound,0,0,final,1.0,48.8752,0.94085884,0.6374263,0.73201025
CNV/CNV-5969175-1.jpeg,retfound,0,0,final,1.0,54.343147,0.93858474,0.6143493,0.84118176
CNV/CNV-5969175-2.jpeg,retfound,0,0,final,1.0,49.569965,0.95872974,0.649927,0.7808547
CNV/CNV-6053140-1.jpeg,retfound,0,0,final,1.0,60.70434,0.85853475,0.570455,0.8505679
CNV/CNV-6190971-1.jpeg,retfound,0,0,final,1.0,49.575912,0.9709513,0.7105479,0.7774162
CNV/CNV-6215140-1.jpeg,retfound,0,0,final,1.0,45.94056,0.9717415,0.6722589,0.76286185
CNV/CNV-6215140-2.jpeg,retfound,0,0,final,1.0,47.45568,0.9403033,0.6328356,0.6880049
CNV/CNV-624911-1.jpeg,retfound,0,0,final,1.0,53.147522,0.9315127,0.7122367,0.7287359
CNV/CNV-624911-2.jpeg,retfound,0,0,final,1.0,51.338406,0.9462447,0.7008935,0.73612446
CNV/CNV-624911-3.jpeg,retfound,0,0,final,1.0,50.121452,0.9548883,0.685027,0.72982645
CNV/CNV-6256161-1.jpeg,retfound,0,0,final,1.0,57.803867,0.87626314,0.55947924,0.74183595
CNV/CNV-732516-1.jpeg,retfound,0,0,final,1.0,46.573563,0.9583976,0.67602,0.7499948
CNV/CNV-732516-2.jpeg,retfound,0,0,final,1.0,47.918995,0.9488886,0.668332,0.7298005
CNV/CNV-732516-3.jpeg,retfound,0,0,final,1.0,48.339573,0.9530531,0.6435547,0.7355345
CNV/CNV-732516-4.jpeg,retfound,0,0,final,1.0,53.95825,0.92984617,0.63459516,0.7190439
CNV/CNV-743852-1.jpeg,retfound,0,0,final,1.0,46.113895,0.9549739,0.71645296,0.7334692
CNV/CNV-776149-1.jpeg,retfound,0,0,final,1.0,48.769714,0.9603467,0.6220566,0.7718529
CNV/CNV-779442-1.jpeg,retfound,0,0,final,1.0,54.799816,0.9426236,0.6590897,0.8005029
CNV/CNV-779442-2.jpeg,retfound,0,0,final,1.0,59.10623,0.8858133,0.6182093,0.7155196
CNV/CNV-779442-3.jpeg,retfound,0,0,final,1.0,62.71235,0.841411,0.5320376,0.7116215
CNV/CNV-781814-1.jpeg,retfound,0,0,final,1.0,54.110348,0.9080055,0.63639593,0.6530741
CNV/CNV-794538-1.jpeg,retfound,0,0,final,1.0,55.16246,0.9408419,0.6298329,0.8151978
CNV/CNV-794538-2.jpeg,retfound,0,0,final,1.0,50.80079,0.9555944,0.62786937,0.7923542
CNV/CNV-81630-1.jpeg,retfound,0,0,final,1.0,56.953365,0.9063657,0.6854718,0.7019428
CNV/CNV-81630-2.jpeg,retfound,0,0,final,1.0,47.28261,0.95365,0.6925138,0.72667015
CNV/CNV-81630-3.jpeg,retfound,0,0,final,1.0,47.143196,0.93092906,0.73616374,0.7158066
CNV/CNV-81630-4.jpeg,retfound,0,0,final,1.0,49.559105,0.94468087,0.7167909,0.73446524
CNV/CNV-827677-1.jpeg,retfound,0,0,final,1.0,44.601406,0.96950346,0.6628952,0.7506153
CNV/CNV-830921-1.jpeg,retfound,0,0,final,1.0,63.168,0.86179245,0.56580806,0.7525348
CNV/CNV-865813-1.jpeg,retfound,0,0,final,1.0,48.76879,0.96009547,0.61154693,0.7714659
CNV/CNV-904464-1.jpeg,retfound,0,0,final,1.0,50.991978,0.9489544,0.61614424,0.74508584
CNV/CNV-904464-2.jpeg,retfound,0,0,final,1.0,48.97512,0.96185374,0.66267025,0.7430707
CNV/CNV-904464-3.jpeg,retfound,0,0,final,1.0,49.204514,0.94920635,0.66201806,0.737524
CNV/CNV-904464-4.jpeg,retfound,0,0,final,1.0,51.191433,0.93674064,0.71671367,0.7327976
CNV/CNV-909994-1.jpeg,retfound,0,0,final,1.0,55.349705,0.9361504,0.7310715,0.771538
CNV/CNV-933576-1.jpeg,retfound,0,0,final,1.0,47.4554,0.9676798,0.66128707,0.7863196
CNV/CNV-933576-2.jpeg,retfound,0,0,final,1.0,46.55128,0.974225,0.67564213,0.77417827
CNV/CNV-933576-3.jpeg,retfound,0,0,final,1.0,51.797855,0.9572078,0.69973624,0.783175
CNV/CNV-933576-4.jpeg,retfound,0,0,final,1.0,53.505726,0.9422194,0.64394426,0.76237833
CNV/CNV-954024-1.jpeg,retfound,0,0,final,1.0,49.59689,0.9582188,0.6252582,0.7446361
CNV/CNV-987193-1.jpeg,retfound,0,0,final,1.0,48.41491,0.95848846,0.6956364,0.73369956
CNV/CNV-987193-2.jpeg,retfound,0,0,final,1.0,52.1908,0.95139235,0.66665727,0.8197113
CNV/CNV-995513-1.jpeg,retfound,0,0,final,1.0,55.205315,0.93301916,0.65246576,0.8103193
DME/DME-1081406-1.jpeg,retfound,0,0,final,1.0,62.625153,0.5480144,0.83975625,0.6042787
DME/DME-1102486-1.jpeg,retfound,0,0,final,1.0,54.87892,0.55041486,0.77368593,0.44664478
DME/DME-1102486-2.jpeg,retfound,0,0,final,1.0,42.31098,0.3311873,0.7355463,0.2884022
DME/DME-1102486-3.jpeg,retfound,0,0,final,1.0,42.874725,0.38106877,0.61230344,0.17896649
DME/DME-1102486-4.jpeg,retfound,0,0,final,1.0,43.121315,0.40891168,0.79267406,0.30333892
DME/DME-11053-1.jpeg,retfound,0,0,final,1.0,37.965347,0.1764497,0.55883074,0.32253128
DME/DME-119840-1.jpeg,retfound,0,0,final,1.0,50.771534,0.39804995,0.67652917,0.59245574
DME/DME-1274315-1.jpeg,retfound,0,0,final,1.0,50.19886,0.78041357,0.831612,0.57537055
DME/DME-1274315-2.jpeg,retfound,0,0,final,1.0,46.605835,0.5787307,0.75644374,0.38461965
DME/DME-138971-1.jpeg,retfound,0,0,final,1.0,40.29195,0.39970663,0.83671653,0.4146469
DME/DME-138971-2.jpeg,retfound,0,0,final,1.0,49.833946,0.4990344,0.83369756,0.5212438
DME/DME-1430899-1.jpeg,retfound,0,0,final,1.0,62.197044,0.46949363,0.7792839,0.4927914
DME/DME-1479682-1.jpeg,retfound,0,0,final,1.0,58.6713,0.7481954,0.82564056,0.61150426
DME/DME-15208-1.jpeg,retfound,0,0,final,1.0,58.134747,0.48991698,0.7867534,0.47263587
DME/DME-15208-2.jpeg,retfound,0,0,final,1.0,46.17376,0.19321106,0.51269007,0.12323231
DME/DME-2091157-1.jpeg,retfound,0,0,final,1.0,55.036606,0.7158402,0.8125075,0.70060384
DME/DME-2105194-1.jpeg,retfound,0,0,final,1.0,53.744762,0.50417334,0.5090057,0.42607558
DME/DME-2126962-1.jpeg,retfound,0,0,final,1.0,59.26866,0.65682113,0.8617623,0.65762603
DME/DME-2261889-1.jpeg,retfound,0,0,final,1.0,54.869183,0.4965762,0.46635675,0.44825733
DME/DME-2556938-1.jpeg,retfound,0,0,final,1.0,49.38292,0.3588976,0.7384781,0.43179566
DME/DME-2630113-1.jpeg,retfound,0,0,final,1.0,56.677315,0.5358541,0.74220943,0.57853526
DME/DME-2630665-1.jpeg,retfound,0,0,final,1.0,50.182476,0.5141781,0.81756353,0.391433
DME/DME-269181-1.jpeg,retfound,0,0,final,1.0,46.161324,0.48766458,0.83122754,0.3834688
DME/DME-269181-2.jpeg,retfound,0,0,final,1.0,42.919804,0.41716844,0.8276783,0.3617168
DME/DME-269181-3.jpeg,retfound,0,0,final,1.0,56.203552,0.50415444,0.8242328,0.615397
DME/DME-2716523-1.jpeg,retfound,0,0,final,1.0,58.11506,0.53947276,0.7774911,0.48846787
DME/DME-2763635-1.jpeg,retfound,0,0,final,1.0,50.758377,0.54269487,0.84504217,0.45264694
DME/DME-30521-1.jpeg,retfound,0,0,final,1.0,61.25794,0.5233146,0.76971173,0.6079347
DME/DME-30521-10.jpeg,retfound,0,0,final,1.0,64.31529,0.5847399,0.5804069,0.48921818
DME/DME-30521-11.jpeg,retfound,0,0,final,1.0,56.24046,0.4908725,0.77014375,0.6000519
DME/DME-30521-12.jpeg,retfound,0,0,final,1.0,70.14167,0.6567563,0.6507405,0.71204716
DME/DME-30521-13.jpeg,retfound,0,0,final,1.0,60.19833,0.6128944,0.80738556,0.6228348
DME/DME-30521-2.jpeg,retfound,0,0,final,1.0,39.688835,0.2376896,0.43993476,0.23555756
DME/DME-30521-3.jpeg,retfound,0,0,final,1.0,46.34619,0.3967021,0.75232816,0.36599466
DME/DME-30521-4.jpeg,retfound,0,0,final,1.0,55.420288,0.41817388,0.6391028,0.37798345
DME/DME-30521-5.jpeg,retfound,0,0,final,1.0,60.705986,0.5372735,0.8233561,0.584208
DME/DME-30521-6.jpeg,retfound,0,0,final,1.0,60.91935,0.63474566,0.7680415,0.59386134
DME/DME-30521-7.jpeg,retfound,0,0,final,1.0,61.81812,0.5539125,0.69524145,0.5627103
DME/DME-30521-8.jpeg,retfound,0,0,final,1.0,57.04888,0.42663997,0.64002985,0.45283717
DME/DME-30521-9.jpeg,retfound,0,0,final,1.0,59.66475,0.44619304,0.65825963,0.42142236
DME/DME-306172-1.jpeg,retfound,0,0,final,1.0,56.654343,0.6316862,0.86718655,0.5421106
DME/DME-3064922-1.jpeg,retfound,0,0,final,1.0,57.45589,0.84995365,0.7822764,0.7013424
DME/DME-3157783-1.jpeg,retfound,0,0,final,1.0,46.42137,0.468244,0.84686255,0.4120622
DME/DME-323904-1.jpeg,retfound,0,0,final,1.0,39.885975,0.4193901,0.81503904,0.34772658
DME/DME-323904-2.jpeg,retfound,0,0,final,1.0,60.01637,0.6038691,0.8332436,0.68533957
DME/DME-3288089-1.jpeg,retfound,0,0,final,1.0,51.202747,0.9165436,0.77876776,0.72361726
DME/DME-3475211-1.jpeg,retfound,0,0,final,1.0,52.373165,0.5345341,0.609513,0.443097
DME/DME-3722280-1.jpeg,retfound,0,0,final,1.0,57.05484,0.5010225,0.41247994,0.57415855
DME/DME-3731953-1.jpeg,retfound,0,0,final,1.0,53.14755,0.5661435,0.86512834,0.5983948
DME/DME-37503-1.jpeg,retfound,0,0,final,1.0,43.601097,0.34076217,0.6914072,0.31951457
DME/DME-3791742-1.jpeg,retfound,0,0,final,1.0,47.33732,0.50885385,0.8824487,0.50089866
DME/DME-3810791-1.jpeg,retfound,0,0,final,1.0,54.058662,0.6006731,0.7611265,0.4950218
DME/DME-3921035-1.jpeg,retfound,0,0,final,1.0,53.604755,0.4856615,0.4121935,0.33860856
DME/DME-4079773-1.jpeg,retfound,0,0,final,1.0,31.418455,-0.1210465,-0.086285934,-0.15781415
DME/DME-4117019-1.jpeg,retfound,0,0,final,1.0,43.705463,0.06455788,0.09288946,0.16220915
DME/DME-4146088-1.jpeg,retfound,0,0,final,1.0,24.147055,-0.04165781,0.18563299,-0.06711138
DME/DME-4240465-1.jpeg,retfound,0,0,final,1.0,48.622177,0.29926363,0.6014732,0.3471099
DME/DME-4240465-2.jpeg,retfound,0,0,final,1.0,49.702644,0.5336116,0.8283105,0.4444579
DME/DME-4244491-1.jpeg,retfound,0,0,final,1.0,47.206738,0.6166129,0.8453753,0.4422472
DME/DME-4298019-1.jpeg,retfound,0,0,final,1.0,40.658787,0.17067364,0.62352824,0.22326884
DME/DME-4336607-1.jpeg,retfound,0,0,final,1.0,53.305744,0.5692886,0.73360175,0.43479228
DME/DME-4478609-1.jpeg,retfound,0,0,final,1.0,52.860058,0.7763543,0.79425466,0.6918597
DME/DME-4616882-1.jpeg,retfound,0,0,final,1.0,48.684834,0.35125846,0.6879852,0.42586243
DME/DME-462675-1.jpeg,retfound,0,0,final,1.0,61.54264,0.5847384,0.7674409,0.5864904
DME/DME-4634094-1.jpeg,retfound,0,0,final,1.0,56.917725,0.38769266,0.6704081,0.43734145
DME/DME-4634094-2.jpeg,retfound,0,0,final,1.0,59.475464,0.7110277,0.8591325,0.70477885
DME/DME-4658666-1.jpeg,retfound,0,0,final,1.0,39.400932,0.3033567,0.60427797,0.14713365
DME/DME-4732091-1.jpeg,retfound,0,0,final,1.0,50.80658,0.57413334,0.7711624,0.42239252
DME/DME-4732091-2.jpeg,retfound,0,0,final,1.0,52.655605,0.6990426,0.8467556,0.5395565
DME/DME-4804900-1.jpeg,retfound,0,0,final,1.0,42.61697,0.22560316,0.063391164,0.19925168
DME/DME-4897748-1.jpeg,retfound,0,0,final,1.0,50.74952,0.44851416,0.6855506,0.4084915
DME/DME-4940184-1.jpeg,retfound,0,0,final,1.0,55.33888,0.27750045,0.4821151,0.45773554
DME/DME-4989358-1.jpeg,retfound,0,0,final,1.0,53.264305,0.6151732,0.80843925,0.5831597
DME/DME-5014129-1.jpeg,retfound,0,0,final,1.0,51.12196,0.38726798,0.6351946,0.4159194
DME/DME-5014129-2.jpeg,retfound,0,0,final,1.0,42.28158,0.28754994,0.63091004,0.28945667
DME/DME-5071032-1.jpeg,retfound,0,0,final,1.0,55.607758,0.6044805,0.838318,0.633603
DME/DME-5072525-1.jpeg,retfound,0,0,final,1.0,56.79642,0.7476027,0.7888691,0.5521164
DME/DME-5434248-1.jpeg,retfound,0,0,final,1.0,51.612297,0.40299165,0.69583654,0.43410307
DME/DME-5465575-1.jpeg,retfound,0,0,final,1.0,54.033287,0.7573092,0.79306644,0.5708343
DME/DME-5497895-1.jpeg,retfound,0,0,final,1.0,55.871902,0.68624496,0.85271513,0.60551983
DME/DME-563695-1.jpeg,retfound,0,0,final,1.0,47.92443,0.42010856,0.79380304,0.4405213
DME/DME-563695-2.jpeg,retfound,0,0,final,1.0,42.76475,0.5380631,0.90436065,0.497433
DME/DME-5656004-1.jpeg,retfound,0,0,final,1.0,58.02263,0.50850487,0.7641331,0.5244849
DME/DME-5713682-1.jpeg,retfound,0,0,final,1.0,51.462074,0.8871512,0.8292459,0.73575854
DME/DME-57603-1.jpeg,retfound,0,0,final,1.0,52.59983,0.45454884,0.78235495,0.40365183
DME/DME-5760454-1.jpeg,retfound,0,0,final,1.0,35.473335,0.15081812,0.51414394,0.09142747
DME/DME-5768195-1.jpeg,retfound,0,0,final,1.0,51.860355,0.5180174,0.8330413,0.49756885
DME/DME-5796574-1.jpeg,retfound,0,0,final,1.0,60.11254,0.7259103,0.7867342,0.5264398
DME/DME-5796574-2.jpeg,retfound,0,0,final,1.0,52.225193,0.7494055,0.81961083,0.593682
DME/DME-5802218-1.jpeg,retfound,0,0,final,1.0,56.58458,0.8931311,0.6842277,0.71429694
DME/DME-5834001-1.jpeg,retfound,0,0,final,1.0,46.325165,0.6374122,0.7343596,0.41231135
DME/DME-5843591-1.jpeg,retfound,0,0,final,1.0,41.391315,0.4047594,0.6358094,0.33941093
DME/DME-5864085-1.jpeg,retfound,0,0,final,1.0,44.751675,0.381617,0.7877546,0.30555832
DME/DME-5912153-1.jpeg,retfound,0,0,final,1.0,48.261654,0.33196405,0.6784134,0.26323345
DME/DME-5975636-1.jpeg,retfound,0,0,final,1.0,29.816652,-0.14290118,0.0032417793,0.023007706
DME/DME-5981434-1.jpeg,retfound,0,0,final,1.0,28.975851,-0.09962039,0.1560974,-0.09244253
DME/DME-6090983-1.jpeg,retfound,0,0,final,1.0,44.759644,0.13015623,0.4714819,0.15458229
DME/DME-6151003-1.jpeg,retfound,0,0,final,1.0,34.893684,0.20001684,0.4444992,0.10788477
DME/DME-6296605-1.jpeg,retfound,0,0,final,1.0,46.968838,0.35568476,0.70982146,0.5001509
DME/DME-6314020-1.jpeg,retfound,0,0,final,1.0,50.561543,0.6320244,0.8903262,0.5491449
DME/DME-633268-1.jpeg,retfound,0,0,final,1.0,59.014523,0.6939678,0.7570286,0.5728743
DME/DME-6383847-1.jpeg,retfound,0,0,final,1.0,60.98987,0.5159496,0.74693453,0.48965275
DME/DME-6434323-1.jpeg,retfound,0,0,final,1.0,29.644115,-0.11457708,-0.09701977,-0.07159271
DME/DME-671384-1.jpeg,retfound,0,0,final,1.0,43.455917,0.33218277,0.75794524,0.40975583
DME/DME-6716735-1.jpeg,retfound,0,0,final,1.0,48.69031,0.5467192,0.83279455,0.44740826
DME/DME-6716735-2.jpeg,retfound,0,0,final,1.0,36.797253,0.32370794,0.68124485,0.20473331
DME/DME-70266-1.jpeg,retfound,0,0,final,1.0,60.955418,0.6661329,0.73849756,0.55449796
DME/DME-70266-2.jpeg,retfound,0,0,final,1.0,57.18069,0.68567896,0.83791703,0.5867166
DME/DME-70266-3.jpeg,retfound,0,0,final,1.0,58.85158,0.7001221,0.7441474,0.55878466
DME/DME-7027665-1.jpeg,retfound,0,0,final,1.0,55.073235,0.40721038,0.7128923,0.5268569
DME/DME-7194085-1.jpeg,retfound,0,0,final,1.0,57.483536,0.5555456,0.74001205,0.51714134
DME/DME-7239304-1.jpeg,retfound,0,0,final,1.0,44.521698,0.3595258,0.76638806,0.35448152
DME/DME-7248535-1.jpeg,retfound,0,0,final,1.0,49.35518,0.42885256,0.77515423,0.3884905
DME/DME-7432714-1.jpeg,retfound,0,0,final,1.0,47.393864,0.35623565,0.7145703,0.3847749
DME/DME-7434518-1.jpeg,retfound,0,0,final,1.0,31.579378,0.06696717,-0.1157383,0.100975916
DME/DME-7469235-1.jpeg,retfound,0,0,final,1.0,46.31501,0.16867366,0.370444,0.119936265
DME/DME-7503514-1.jpeg,retfound,0,0,final,1.0,56.174313,0.4743402,0.660156,0.3816611
DME/DME-7558688-1.jpeg,retfound,0,0,final,1.0,67.506195,0.5571394,0.7291076,0.66378194
DME/DME-7573590-1.jpeg,retfound,0,0,final,1.0,54.01612,0.67768794,0.87324953,0.56932724
DME/DME-7578162-1.jpeg,retfound,0,0,final,1.0,57.80887,0.50058436,0.7757137,0.52907956
DME/DME-7585263-1.jpeg,retfound,0,0,final,1.0,42.635113,0.5108706,0.8524711,0.4216998
DME/DME-7585263-2.jpeg,retfound,0,0,final,1.0,44.52251,0.44750544,0.8023001,0.39120176
DME/DME-7585263-3.jpeg,retfound,0,0,final,1.0,56.98439,0.592112,0.76904476,0.4891293
DME/DME-7591008-1.jpeg,retfound,0,0,final,1.0,51.81507,0.54006565,0.7735642,0.40524906
DME/DME-7614088-1.jpeg,retfound,0,0,final,1.0,61.737453,0.6409737,0.7104926,0.53066456
DME/DME-7650134-1.jpeg,retfound,0,0,final,1.0,47.901855,0.17989936,0.38380396,0.1976738
DME/DME-7650134-2.jpeg,retfound,0,0,final,1.0,54.692734,0.3249388,0.48973095,0.28914475
DME/DME-7706610-1.jpeg,retfound,0,0,final,1.0,63.50595,0.59632033,0.76293254,0.5478397
DME/DME-7706610-2.jpeg,retfound,0,0,final,1.0,68.25189,0.57307875,0.71677285,0.58559203
DME/DME-7706610-3.jpeg,retfound,0,0,final,1.0,58.508747,0.6753906,0.7951999,0.5503787
DME/DME-7756213-1.jpeg,retfound,0,0,final,1.0,60.18119,0.5329909,0.49902996,0.42829493
DME/DME-7757895-1.jpeg,retfound,0,0,final,1.0,50.865437,0.57700187,0.8958518,0.58506244
DME/DME-7763916-1.jpeg,retfound,0,0,final,1.0,44.620567,0.40699133,0.7529652,0.34753984
DME/DME-7780589-1.jpeg,retfound,0,0,final,1.0,47.04643,0.39374173,0.8219212,0.41945025
DME/DME-778975-1.jpeg,retfound,0,0,final,1.0,40.852394,0.4319176,0.81657386,0.34654498
DME/DME-778975-2.jpeg,retfound,0,0,final,1.0,53.99459,0.5461701,0.8578304,0.5922233
DME/DME-7793366-1.jpeg,retfound,0,0,final,1.0,40.776234,0.37246382,0.7071607,0.2534737
DME/DME-7837305-1.jpeg,retfound,0,0,final,1.0,48.383343,0.5914861,0.7894819,0.4409486
DME/DME-7837305-2.jpeg,retfound,0,0,final,1.0,55.84482,0.68102145,0.738169,0.50659305
DME/DME-7837305-3.jpeg,retfound,0,0,final,1.0,41.569084,0.21513304,0.54130316,0.15167683
DME/DME-7837305-4.jpeg,retfound,0,0,final,1.0,49.485817,0.36568695,0.75791144,0.32978675
DME/DME-7837305-5.jpeg,retfound,0,0,final,1.0,57.417225,0.55151916,0.7853583,0.4787966
DME/DME-7843891-1.jpeg,retfound,0,0,final,1.0,42.54417,0.38021195,0.7218946,0.33893156
DME/DME-7846574-1.jpeg,retfound,0,0,final,1.0,48.595966,0.45751548,0.82221246,0.44593439
DME/DME-7870558-1.jpeg,retfound,0,0,final,1.0,60.146873,0.5194124,0.60180855,0.56179535
DME/DME-7870558-2.jpeg,retfound,0,0,final,1.0,54.73137,0.3111781,0.4574275,0.34166574
DME/DME-7870558-3.jpeg,retfound,0,0,final,1.0,43.649174,0.18875213,0.5510273,0.25548548
DME/DME-7870558-4.jpeg,retfound,0,0,final,1.0,38.443127,0.14425683,0.56101346,0.2426956
DME/DME-7907461-1.jpeg,retfound,0,0,final,1.0,41.878662,0.2828583,0.326297,0.1705985
DME/DME-7918201-1.jpeg,retfound,0,0,final,1.0,51.81145,0.29924646,0.26638252,0.30611748
DME/DME-7918201-2.jpeg,retfound,0,0,final,1.0,54.690113,0.54179525,0.783254,0.4821824
DME/DME-7928636-1.jpeg,retfound,0,0,final,1.0,46.85463,0.33850223,0.71081996,0.32180983
DME/DME-7928636-2.jpeg,retfound,0,0,final,1.0,47.163914,0.5293714,0.81957483,0.3900031
DME/DME-7934335-1.jpeg,retfound,0,0,final,1.0,64.147575,0.51619923,0.603285,0.5584533
DME/DME-7939555-1.jpeg,retfound,0,0,final,1.0,51.79648,0.6808506,0.84405047,0.59377176
DME/DME-7939555-2.jpeg,retfound,0,0,final,1.0,55.27548,0.6669971,0.8263724,0.6269368
DME/DME-7939555-3.jpeg,retfound,0,0,final,1.0,36.091343,0.26438326,0.67250687,0.15614796
DME/DME-7939555-4.jpeg,retfound,0,0,final,1.0,51.593998,0.5350955,0.8067122,0.50566137
DME/DME-7939555-5.jpeg,retfound,0,0,final,1.0,48.564487,0.46524942,0.6564114,0.46825138
DME/DME-7972888-1.jpeg,retfound,0,0,final,1.0,56.634525,0.6111418,0.79313505,0.5667168
DME/DME-7983936-1.jpeg,retfound,0,0,final,1.0,63.57862,0.5996433,0.59633887,0.44770038
DME/DME-7990001-1.jpeg,retfound,0,0,final,1.0,57.53933,0.8962589,0.65869164,0.81717527
DME/DME-8000885-1.jpeg,retfound,0,0,final,1.0,42.145443,0.39656812,0.79763734,0.40158063
DME/DME-8019418-1.jpeg,retfound,0,0,final,1.0,65.16701,0.4322879,0.58474046,0.48713937
DME/DME-8019418-2.jpeg,retfound,0,0,final,1.0,53.767418,0.32703245,0.65540355,0.35024774
DME/DME-8019418-3.jpeg,retfound,0,0,final,1.0,63.604385,0.5522841,0.74011815,0.5507356
DME/DME-8019418-4.jpeg,retfound,0,0,final,1.0,46.407032,0.40177888,0.76256835,0.31111327
DME/DME-8021831-1.jpeg,retfound,0,0,final,1.0,37.577785,0.40384752,0.7862459,0.2942189
DME/DME-8056259-1.jpeg,retfound,0,0,final,1.0,52.830524,0.5135791,0.8435815,0.5400266
DME/DME-8080050-1.jpeg,retfound,0,0,final,1.0,49.25421,0.81166184,0.6932684,0.59370846
DME/DME-8130267-1.jpeg,retfound,0,0,final,1.0,45.69585,0.40557766,0.7894237,0.38747197
DME/DME-8136649-1.jpeg,retfound,0,0,final,1.0,53.083496,0.398002,0.68790114,0.34766763
DME/DME-8167779-1.jpeg,retfound,0,0,final,1.0,61.10942,0.4347861,0.44644725,0.64670026
DME/DME-8177380-1.jpeg,retfound,0,0,final,1.0,64.4816,0.43959042,0.48764002,0.47757846
DME/DME-8177380-2.jpeg,retfound,0,0,final,1.0,48.66592,0.28375745,0.33534566,0.34269476
DME/DME-8177380-3.jpeg,retfound,0,0,final,1.0,51.765827,0.33829814,0.3127694,0.27576727
DME/DME-8200056-1.jpeg,retfound,0,0,final,1.0,48.26266,0.30341882,0.68008864,0.4698058
DME/DME-8200056-2.jpeg,retfound,0,0,final,1.0,51.535793,0.4033813,0.698048,0.39380223
DME/DME-8200056-3.jpeg,retfound,0,0,final,1.0,41.242165,0.31425124,0.7485986,0.36380285
DME/DME-8218042-1.jpeg,retfound,0,0,final,1.0,53.272522,0.43738616,0.6899735,0.5331603
DME/DME-8231523-1.jpeg,retfound,0,0,final,1.0,37.9791,0.08924543,0.39427558,0.20244192
DME/DME-82328-1.jpeg,retfound,0,0,final,1.0,61.255783,0.5847676,0.8270924,0.584657
DME/DME-8366524-1.jpeg,retfound,0,0,final,1.0,33.71137,0.03971143,0.026459228,-0.021277133
DME/DME-8366524-2.jpeg,retfound,0,0,final,1.0,35.84404,0.06031441,0.15846448,0.17163596
DME/DME-8426419-1.jpeg,retfound,0,0,final,1.0,57.013577,0.7364749,0.76165134,0.6064515
DME/DME-8426419-2.jpeg,retfound,0,0,final,1.0,57.271465,0.5515901,0.79413646,0.56526923
DME/DME-8457431-1.jpeg,retfound,0,0,final,1.0,57.5724,0.6136114,0.7611756,0.5106941
DME/DME-8469406-1.jpeg,retfound,0,0,final,1.0,53.674213,0.70511883,0.7857509,0.5475491
DME/DME-8472707-1.jpeg,retfound,0,0,final,1.0,43.584038,0.163008,0.5067848,0.06663586
DME/DME-8477096-1.jpeg,retfound,0,0,final,1.0,59.347557,0.45926467,0.58594936,0.49877304
DME/DME-8525575-1.jpeg,retfound,0,0,final,1.0,39.306858,0.21176401,0.5921626,0.20554931
DME/DME-8525575-2.jpeg,retfound,0,0,final,1.0,47.62166,0.3419655,0.6336295,0.3097009
DME/DME-8525575-3.jpeg,retfound,0,0,final,1.0,63.652763,0.57115936,0.7609436,0.5692121
DME/DME-8525575-4.jpeg,retfound,0,0,final,1.0,51.835785,0.41266745,0.72952425,0.3630287
DME/DME-8525575-5.jpeg,retfound,0,0,final,1.0,57.617226,0.5229949,0.7218415,0.5914462
DME/DME-8525575-6.jpeg,retfound,0,0,final,1.0,53.626244,0.4407547,0.6502374,0.41648996
DME/DME-8525575-7.jpeg,retfound,0,0,final,1.0,51.68283,0.52647674,0.8153652,0.43804502
DME/DME-8525575-8.jpeg,retfound,0,0,final,1.0,53.73167,0.46179947,0.70657706,0.4730397
DME/DME-8589279-1.jpeg,retfound,0,0,final,1.0,52.810234,0.52727884,0.8077686,0.53289974
DME/DME-8602716-1.jpeg,retfound,0,0,final,1.0,53.900135,0.5093943,0.69394064,0.43903443
DME/DME-8602716-2.jpeg,retfound,0,0,final,1.0,45.080788,0.25060326,0.4893052,0.2182194
DME/DME-8602716-3.jpeg,retfound,0,0,final,1.0,48.185234,0.50061375,0.8176574,0.4937299
DME/DME-8602716-4.jpeg,retfound,0,0,final,1.0,44.74172,0.21976511,0.59115684,0.22715236
DME/DME-8615417-1.jpeg,retfound,0,0,final,1.0,50.234226,0.49900088,0.85442525,0.49985233
DME/DME-8615417-2.jpeg,retfound,0,0,final,1.0,65.98004,0.6195065,0.8293525,0.6594722
DME/DME-8635355-1.jpeg,retfound,0,0,final,1.0,56.31719,0.7008894,0.82948923,0.61446166
DME/DME-8635355-2.jpeg,retfound,0,0,final,1.0,38.42258,0.27554443,0.70543444,0.2562115
DME/DME-8729675-1.jpeg,retfound,0,0,final,1.0,57.709297,0.4875458,0.580908,0.5061789
DME/DME-8729675-2.jpeg,retfound,0,0,final,1.0,38.719334,0.16198282,0.27783248,0.07289655
DME/DME-8732456-1.jpeg,retfound,0,0,final,1.0,50.139626,0.38905507,0.7279067,0.45411298
DME/DME-8766603-1.jpeg,retfound,0,0,final,1.0,36.201378,0.25196823,0.67549384,0.33440524
DME/DME-8807486-1.jpeg,retfound,0,0,final,1.0,40.97032,0.05786132,0.2161968,0.03136856
DME/DME-8847144-1.jpeg,retfound,0,0,final,1.0,39.56162,0.49215618,0.85584015,0.5001838
DME/DME-8851193-1.jpeg,retfound,0,0,final,1.0,58.05331,0.77453303,0.75550735,0.664269
DME/DME-8861620-1.jpeg,retfound,0,0,final,1.0,46.690113,0.49022612,0.87535554,0.502308
DME/DME-8861620-2.jpeg,retfound,0,0,final,1.0,40.583935,0.46704832,0.8511125,0.4008031
DME/DME-8861620-3.jpeg,retfound,0,0,final,1.0,50.855656,0.5858716,0.8466041,0.4961447
DME/DME-8889771-1.jpeg,retfound,0,0,final,1.0,47.50819,0.43494776,0.6914965,0.27933818
DME/DME-8889771-2.jpeg,retfound,0,0,final,1.0,45.80379,0.41681463,0.8311938,0.47549954
DME/DME-8889771-3.jpeg,retfound,0,0,final,1.0,44.463245,0.41913447,0.78043497,0.38452497
DME/DME-8889771-4.jpeg,retfound,0,0,final,1.0,47.215656,0.32250842,0.7251954,0.36142305
DME/DME-8908847-1.jpeg,retfound,0,0,final,1.0,45.72755,0.12471324,0.43540022,0.28126162
DME/DME-8989419-1.jpeg,retfound,0,0,final,1.0,46.817543,0.5187719,0.85331804,0.458606
DME/DME-9066695-1.jpeg,retfound,0,0,final,1.0,55.5142,0.56951493,0.7035619,0.441975
DME/DME-9109143-1.jpeg,retfound,0,0,final,1.0,62.886864,0.74765277,0.7503767,0.5595633
DME/DME-910956-1.jpeg,retfound,0,0,final,1.0,63.492188,0.5697108,0.74701625,0.60633445
DME/DME-9211360-1.jpeg,retfound,0,0,final,1.0,37.59864,0.41266996,0.7552947,0.31500292
DME/DME-9211360-2.jpeg,retfound,0,0,final,1.0,57.133003,0.79317397,0.83613086,0.7011737
DME/DME-9241179-1.jpeg,retfound,0,0,final,1.0,72.37025,0.67829096,0.61132485,0.6968905
DME/DME-9333524-1.jpeg,retfound,0,0,final,1.0,52.219418,0.42754653,0.7890744,0.49116278
DME/DME-9361825-1.jpeg,retfound,0,0,final,1.0,56.187828,0.5160436,0.8290652,0.45417953
DME/DME-9378346-1.jpeg,retfound,0,0,final,1.0,53.912113,0.71470374,0.8462339,0.5437984
DME/DME-9378346-2.jpeg,retfound,0,0,final,1.0,51.927185,0.83841217,0.7852223,0.5999681
DME/DME-9378346-3.jpeg,retfound,0,0,final,1.0,51.143116,0.7117189,0.85994256,0.5563772
DME/DME-9428363-1.jpeg,retfound,0,0,final,1.0,52.879967,0.4458813,0.7018988,0.42034334
DME/DME-9488073-1.jpeg,retfound,0,0,final,1.0,50.680424,0.41036427,0.6497705,0.39584205
DME/DME-9488073-2.jpeg,retfound,0,0,final,1.0,57.31663,0.58267725,0.80687106,0.5466505
DME/DME-9504297-1.jpeg,retfound,0,0,final,1.0,47.26066,0.6091992,0.8004376,0.39935517
DME/DME-9557298-1.jpeg,retfound,0,0,final,1.0,50.283455,0.28455544,0.5264052,0.39850864
DME/DME-9579219-1.jpeg,retfound,0,0,final,1.0,57.3592,0.59230626,0.7139908,0.4422995
DME/DME-98994-1.jpeg,retfound,0,0,final,1.0,54.715237,0.7621211,0.83986396,0.5901028
DME/DME-98994-2.jpeg,retfound,0,0,final,1.0,55.38665,0.66979504,0.8662619,0.5881759
DRUSEN/DRUSEN-1083159-1.jpeg,retfound,0,0,final,1.0,61.517593,0.65807337,0.47502577,0.88805103
DRUSEN/DRUSEN-1112835-1.jpeg,retfound,0,0,final,1.0,68.20119,0.582657,0.60256344,0.6720318
DRUSEN/DRUSEN-1173253-1.jpeg,retfound,0,0,final,1.0,59.760994,0.86183226,0.5983826,0.91605496
DRUSEN/DRUSEN-1193659-1.jpeg,retfound,0,0,final,1.0,65.699066,0.76469135,0.5998351,0.9056294
DRUSEN/DRUSEN-1219727-1.jpeg,retfound,0,0,final,1.0,63.747192,0.7177048,0.4500357,0.8367642
DRUSEN/DRUSEN-1225603-1.jpeg,retfound,0,0,final,1.0,54.338005,0.38166288,0.2051013,0.63086915
DRUSEN/DRUSEN-1225603-2.jpeg,retfound,0,0,final,1.0,46.623318,0.23498423,0.15102771,0.49279296
DRUSEN/DRUSEN-1237848-1.jpeg,retfound,0,0,final,1.0,61.096405,0.734763,0.5283498,0.9109173
DRUSEN/DRUSEN-1237848-2.jpeg,retfound,0,0,final,1.0,54.84543,0.31830785,0.45857882,0.54155874
DRUSEN/DRUSEN-1237848-3.jpeg,retfound,0,0,final,1.0,58.893345,0.30881637,0.22427289,0.57580626
DRUSEN/DRUSEN-1246453-1.jpeg,retfound,0,0,final,1.0,66.62938,0.8008983,0.50719154,0.7582818
DRUSEN/DRUSEN-1487749-1.jpeg,retfound,0,0,final,1.0,57.787716,0.51481426,0.45850784,0.7444025
DRUSEN/DRUSEN-1487749-2.jpeg,retfound,0,0,final,1.0,52.95533,0.49487206,0.28721732,0.77777696
DRUSEN/DRUSEN-1487749-3.jpeg,retfound,0,0,final,1.0,56.55392,0.51524436,0.35105443,0.78402346
DRUSEN/DRUSEN-1487749-4.jpeg,retfound,0,0,final,1.0,49.510952,0.27777374,0.20877627,0.5182736
DRUSEN/DRUSEN-1530990-1.jpeg,retfound,0,0,final,1.0,63.61637,0.7384528,0.5115584,0.8362189
DRUSEN/DRUSEN-1730592-1.jpeg,retfound,0,0,final,1.0,65.4962,0.7235255,0.49162292,0.8594126
DRUSEN/DRUSEN-1786810-1.jpeg,retfound,0,0,final,1.0,65.96119,0.64573914,0.5904281,0.83693826
DRUSEN/DRUSEN-1786810-2.jpeg,retfound,0,0,final,1.0,67.54265,0.71155715,0.48474494,0.83589303
DRUSEN/DRUSEN-1786810-3.jpeg,retfound,0,0,final,1.0,63.778004,0.758311,0.5706197,0.90954846
DRUSEN/DRUSEN-1789270-1.jpeg,retfound,0,0,final,1.0,58.806507,0.704661,0.52517474,0.9114059
DRUSEN/DRUSEN-1793499-1.jpeg,retfound,0,0,final,1.0,65.104744,0.6854711,0.48468104,0.8670975
DRUSEN/DRUSEN-1912508-1.jpeg,retfound,0,0,final,1.0,68.063354,0.7158671,0.57419634,0.87979835
DRUSEN/DRUSEN-1997439-1.jpeg,retfound,0,0,final,1.0,61.89738,0.58215684,0.44257295,0.8516856
DRUSEN/DRUSEN-1997439-2.jpeg,retfound,0,0,final,1.0,60.56506,0.6920613,0.46396405,0.8647731
DRUSEN/DRUSEN-1997439-3.jpeg,retfound,0,0,final,1.0,57.345657,0.52047086,0.425295,0.79778826
DRUSEN/DRUSEN-1997439-4.jpeg,retfound,0,0,final,1.0,65.6096,0.6006978,0.5047574,0.8183518
DRUSEN/DRUSEN-2108193-1.jpeg,retfound,0,0,final,1.0,65.61815,0.7080372,0.4125148,0.7595497
DRUSEN/DRUSEN-2108193-2.jpeg,retfound,0,0,final,1.0,56.91037,0.83643675,0.49560657,0.87160105
DRUSEN/DRUSEN-2128644-1.jpeg,retfound,0,0,final,1.0,58.11693,0.8266184,0.5396513,0.8904832
DRUSEN/DRUSEN-2128644-2.jpeg,retfound,0,0,final,1.0,66.04907,0.70810825,0.45541513,0.81271493
DRUSEN/DRUSEN-2128644-3.jpeg,retfound,0,0,final,1.0,64.94118,0.8067391,0.6350999,0.92474306
DRUSEN/DRUSEN-2141150-1.jpeg,retfound,0,0,final,1.0,58.101555,0.38240367,0.35328043,0.6232136
DRUSEN/DRUSEN-2156263-1.jpeg,retfound,0,0,final,1.0,60.272373,0.8680037,0.67665744,0.903972
DRUSEN/DRUSEN-2173657-1.jpeg,retfound,0,0,final,1.0,57.759914,0.59642726,0.4442532,0.8550898
DRUSEN/DRUSEN-2180220-1.jpeg,retfound,0,0,final,1.0,66.83263,0.67665064,0.5447662,0.86992264
DRUSEN/DRUSEN-2185112-1.jpeg,retfound,0,0,final,1.0,65.23355,0.62144995,0.4677613,0.8326927
DRUSEN/DRUSEN-2185112-2.jpeg,retfound,0,0,final,1.0,61.3515,0.7936294,0.47286278,0.8867695
DRUSEN/DRUSEN-2232211-1.jpeg,retfound,0,0,final,1.0,63.241444,0.6250551,0.5268135,0.8768445
DRUSEN/DRUSEN-2253582-1.jpeg,retfound,0,0,final,1.0,66.979004,0.81012243,0.63017756,0.8810858
DRUSEN/DRUSEN-2257047-1.jpeg,retfound,0,0,final,1.0,60.60726,0.7016269,0.45034522,0.87572145
DRUSEN/DRUSEN-2257047-2.jpeg,retfound,0,0,final,1.0,63.29496,0.8199894,0.62635493,0.82705224
DRUSEN/DRUSEN-2257047-3.jpeg,retfound,0,0,final,1.0,62.943356,0.6805629,0.5454602,0.8786427
DRUSEN/DRUSEN-2257047-4.jpeg,retfound,0,0,final,1.0,61.157776,0.6076379,0.47414547,0.86290526
DRUSEN/DRUSEN-2257047-5.jpeg,retfound,0,0,final,1.0,61.882053,0.644508,0.45518947,0.85996795
DRUSEN/DRUSEN-2257047-6.jpeg,retfound,0,0,final,1.0,69.528786,0.61928755,0.54737586,0.8382664
DRUSEN/DRUSEN-2257047-7.jpeg,retfound,0,0,final,1.0,51.536835,0.45567673,0.3311547,0.7500427
DRUSEN/DRUSEN-2257047-8.jpeg,retfound,0,0,final,1.0,62.573196,0.5840303,0.4291278,0.78811485
DRUSEN/DRUSEN-228939-1.jpeg,retfound,0,0,final,1.0,56.076473,0.66200626,0.4139396,0.8572893
DRUSEN/DRUSEN-228939-2.jpeg,retfound,0,0,final,1.0,53.97734,0.34947047,0.30166084,0.6448307
DRUSEN/DRUSEN-2308158-1.jpeg,retfound,0,0,final,1.0,38.497585,0.25045815,0.030044256,0.485933
DRUSEN/DRUSEN-2403178-1.jpeg,retfound,0,0,final,1.0,44.68524,0.17407888,0.08056441,0.43912983
DRUSEN/DRUSEN-2403178-2.jpeg,retfound,0,0,final,1.0,61.221935,0.80522114,0.4889477,0.8663014
DRUSEN/DRUSEN-2403178-3.jpeg,retfound,0,0,final,1.0,62.36175,0.8582169,0.58951694,0.8729143
DRUSEN/DRUSEN-2403178-4.jpeg,retfound,0,0,final,1.0,74.14083,0.701738,0.47376072,0.6889752
DRUSEN/DRUSEN-2403178-5.jpeg,retfound,0,0,final,1.0,67.44831,0.72407544,0.59935176,0.86405075
DRUSEN/DRUSEN-2403178-6.jpeg,retfound,0,0,final,1.0,63.554943,0.5572118,0.44966692,0.79323596
DRUSEN/DRUSEN-2443068-1.jpeg,retfound,0,0,final,1.0,53.855015,0.45765913,0.39348733,0.76072705
DRUSEN/DRUSEN-2489093-1.jpeg,retfound,0,0,final,1.0,66.68635,0.7115294,0.4546613,0.7874899
DRUSEN/DRUSEN-2489093-2.jpeg,retfound,0,0,final,1.0,66.555214,0.5914752,0.5137825,0.7431598
DRUSEN/DRUSEN-2510299-1.jpeg,retfound,0,0,final,1.0,56.053085,0.81837344,0.51661605,0.9085309
DRUSEN/DRUSEN-2510299-2.jpeg,retfound,0,0,final,1.0,65.762505,0.72009385,0.5842925,0.86743575
DRUSEN/DRUSEN-2541184-1.jpeg,retfound,0,0,final,1.0,65.98838,0.7406181,0.60135394,0.8855449
DRUSEN/DRUSEN-2785977-1.jpeg,retfound,0,0,final,1.0,61.629395,0.69578403,0.4411086,0.8461278
DRUSEN/DRUSEN-2951435-1.jpeg,retfound,0,0,final,1.0,61.224533,0.77101177,0.62976587,0.9206747
DRUSEN/DRUSEN-3017923-1.jpeg,retfound,0,0,final,1.0,63.30553,0.702074,0.49700966,0.917204
DRUSEN/DRUSEN-303435-1.jpeg,retfound,0,0,final,1.0,66.0588,0.60895205,0.58033246,0.8253513
DRUSEN/DRUSEN-3214955-1.jpeg,retfound,0,0,final,1.0,66.7576,0.82122153,0.576748,0.8890717
DRUSEN/DRUSEN-3241692-1.jpeg,retfound,0,0,final,1.0,68.02864,0.69860315,0.53002,0.87811357
DRUSEN/DRUSEN-3276918-1.jpeg,retfound,0,0,final,1.0,56.470905,0.54320467,0.29476964,0.7800034
DRUSEN/DRUSEN-3276918-2.jpeg,retfound,0,0,final,1.0,52.248623,0.30617833,0.2608511,0.5679722
DRUSEN/DRUSEN-3317878-1.jpeg,retfound,0,0,final,1.0,60.323982,0.5874946,0.5210209,0.80996513
DRUSEN/DRUSEN-3424668-1.jpeg,retfound,0,0,final,1.0,60.37587,0.7395419,0.5595974,0.9195045
DRUSEN/DRUSEN-3424668-2.jpeg,retfound,0,0,final,1.0,59.34991,0.8091736,0.50539446,0.89541614
DRUSEN/DRUSEN-3424668-3.jpeg,retfound,0,0,final,1.0,61.781864,0.69703,0.48879462,0.85056436
DRUSEN/DRUSEN-3424668-4.jpeg,retfound,0,0,final,1.0,63.26898,0.56331336,0.46519247,0.7976377
DRUSEN/DRUSEN-3439251-1.jpeg,retfound,0,0,final,1.0,60.13752,0.8438013,0.56531364,0.90219903
DRUSEN/DRUSEN-3439251-2.jpeg,retfound,0,0,final,1.0,72.45119,0.7776264,0.6212291,0.8593289
DRUSEN/DRUSEN-3482415-1.jpeg,retfound,0,0,final,1.0,61.478577,0.6194862,0.4783442,0.87450385
DRUSEN/DRUSEN-349021-1.jpeg,retfound,0,0,final,1.0,64.84873,0.6729431,0.49762565,0.87966204
DRUSEN/DRUSEN-349021-2.jpeg,retfound,0,0,final,1.0,65.92417,0.8387667,0.5468534,0.8585093
DRUSEN/DRUSEN-3571629-1.jpeg,retfound,0,0,final,1.0,60.848293,0.7017261,0.5155382,0.90716016
DRUSEN/DRUSEN-364469-1.jpeg,retfound,0,0,final,1.0,64.13689,0.76741123,0.563058,0.88550293
DRUSEN/DRUSEN-364469-2.jpeg,retfound,0,0,final,1.0,61.11996,0.65401495,0.5064742,0.86960465
DRUSEN/DRUSEN-364469-3.jpeg,retfound,0,0,final,1.0,62.46282,0.5686003,0.44776958,0.70037913
DRUSEN/DRUSEN-364469-4.jpeg,retfound,0,0,final,1.0,59.734398,0.6264465,0.39259216,0.82932067
DRUSEN/DRUSEN-4240777-1.jpeg,retfound,0,0,final,1.0,63.682312,0.5263263,0.52157116,0.76630056
DRUSEN/DRUSEN-4291972-1.jpeg,retfound,0,0,final,1.0,60.31189,0.80859405,0.5343392,0.9081521
DRUSEN/DRUSEN-4293095-1.jpeg,retfound,0,0,final,1.0,55.71906,0.9215155,0.56894565,0.8686091
DRUSEN/DRUSEN-4293095-2.jpeg,retfound,0,0,final,1.0,63.235638,0.62618387,0.40682015,0.8338649
DRUSEN/DRUSEN-4304015-1.jpeg,retfound,0,0,final,1.0,63.015003,0.73718953,0.53560317,0.9197093
DRUSEN/DRUSEN-4314625-1.jpeg,retfound,0,0,final,1.0,57.910873,0.53983366,0.4111723,0.8025092
DRUSEN/DRUSEN-4343867-1.jpeg,retfound,0,0,final,1.0,60.24818,0.86229205,0.55452,0.9108524
DRUSEN/DRUSEN-4343867-2.jpeg,retfound,0,0,final,1.0,67.16733,0.7019436,0.48309943,0.8882983
DRUSEN/DRUSEN-4379246-1.jpeg,retfound,0,0,final,1.0,65.70668,0.7675473,0.48449022,0.8661555
DRUSEN/DRUSEN-4379246-2.jpeg,retfound,0,0,final,1.0,69.20199,0.626199,0.46436462,0.8385348
DRUSEN/DRUSEN-457907-1.jpeg,retfound,0,0,final,1.0,65.80622,0.85969925,0.6351409,0.84659123
DRUSEN/DRUSEN-4666680-1.jpeg,retfound,0,0,final,1.0,60.343052,0.81793445,0.56435746,0.91465205
DRUSEN/DRUSEN-4666680-2.jpeg,retfound,0,0,final,1.0,62.762177,0.55347794,0.42802846,0.8226712
DRUSEN/DRUSEN-4696998-1.jpeg,retfound,0,0,final,1.0,57.663956,0.760944,0.43723112,0.85668194
DRUSEN/DRUSEN-4878077-1.jpeg,retfound,0,0,final,1.0,67.77072,0.829019,0.5699657,0.8674745
DRUSEN/DRUSEN-4878077-2.jpeg,retfound,0,0,final,1.0,64.91457,0.7143934,0.5471418,0.89505935
DRUSEN/DRUSEN-4878077-3.jpeg,retfound,0,0,final,1.0,63.60014,0.81741,0.6683006,0.9123446
DRUSEN/DRUSEN-4878077-4.jpeg,retfound,0,0,final,1.0,62.369225,0.8730322,0.60038,0.88275516
DRUSEN/DRUSEN-4878077-5.jpeg,retfound,0,0,final,1.0,76.47904,0.71135676,0.6135131,0.81653935
DRUSEN/DRUSEN-4878077-6.jpeg,retfound,0,0,final,1.0,69.528915,0.6876075,0.5352889,0.88734233
DRUSEN/DRUSEN-4904794-1.jpeg,retfound,0,0,final,1.0,58.502987,0.8017082,0.48575106,0.8552326
DRUSEN/DRUSEN-4951152-1.jpeg,retfound,0,0,final,1.0,66.03714,0.7149174,0.4803372,0.834223
DRUSEN/DRUSEN-4973287-1.jpeg,retfound,0,0,final,1.0,66.25563,0.8327558,0.6187073,0.87147844
DRUSEN/DRUSEN-5094722-1.jpeg,retfound,0,0,final,1.0,66.42576,0.5352592,0.5948234,0.7484617
DRUSEN/DRUSEN-525301-1.jpeg,retfound,0,0,final,1.0,60.380116,0.72786427,0.66327447,0.8618865
DRUSEN/DRUSEN-5331157-1.jpeg,retfound,0,0,final,1.0,67.74422,0.6100846,0.41869694,0.80675566
DRUSEN/DRUSEN-538779-1.jpeg,retfound,0,0,final,1.0,47.074333,0.2908011,0.2408416,0.6125816
DRUSEN/DRUSEN-5443411-1.jpeg,retfound,0,0,final,1.0,61.390114,0.84941053,0.6167779,0.8792809
DRUSEN/DRUSEN-5477211-1.jpeg,retfound,0,0,final,1.0,64.75186,0.7585219,0.5396899,0.8946122
DRUSEN/DRUSEN-5477211-2.jpeg,retfound,0,0,final,1.0,64.05374,0.8059862,0.5145993,0.88718534
DRUSEN/DRUSEN-5710007-1.jpeg,retfound,0,0,final,1.0,65.480515,0.7241006,0.5674511,0.9030815
DRUSEN/DRUSEN-5710007-2.jpeg,retfound,0,0,final,1.0,67.88098,0.8212316,0.68515474,0.8501798
DRUSEN/DRUSEN-5753467-1.jpeg,retfound,0,0,final,1.0,59.332226,0.4733148,0.31259954,0.7500551
DRUSEN/DRUSEN-5801431-1.jpeg,retfound,0,0,final,1.0,63.490093,0.71324676,0.595475,0.86379135
DRUSEN/DRUSEN-584218-1.jpeg,retfound,0,0,final,1.0,64.7614,0.63742197,0.5335753,0.7772243
DRUSEN/DRUSEN-5864720-1.jpeg,retfound,0,0,final,1.0,63.776737,0.7380815,0.5140708,0.9137335
DRUSEN/DRUSEN-5864720-2.jpeg,retfound,0,0,final,1.0,62.007195,0.7045009,0.48978266,0.89169115
DRUSEN/DRUSEN-5929729-1.jpeg,retfound,0,0,final,1.0,61.369267,0.747934,0.5273471,0.91977835
DRUSEN/DRUSEN-609387-1.jpeg,retfound,0,0,final,1.0,57.17583,0.41267616,0.3777169,0.72879016
DRUSEN/DRUSEN-609387-2.jpeg,retfound,0,0,final,1.0,57.29612,0.60547256,0.42834526,0.85963666
DRUSEN/DRUSEN-609387-3.jpeg,retfound,0,0,final,1.0,66.59759,0.715521,0.52940685,0.89674306
DRUSEN/DRUSEN-6190971-1.jpeg,retfound,0,0,final,1.0,59.75614,0.826701,0.50054646,0.8327428
DRUSEN/DRUSEN-6190971-2.jpeg,retfound,0,0,final,1.0,61.25866,0.7441693,0.4916072,0.90556586
DRUSEN/DRUSEN-6193297-1.jpeg,retfound,0,0,final,1.0,61.352844,0.8436767,0.5443591,0.8806019
DRUSEN/DRUSEN-6193297-2.jpeg,retfound,0,0,final,1.0,63.31804,0.84808016,0.57273245,0.88492787
DRUSEN/DRUSEN-6193297-3.jpeg,retfound,0,0,final,1.0,60.015976,0.731212,0.54863435,0.9360932
DRUSEN/DRUSEN-6193297-4.jpeg,retfound,0,0,final,1.0,63.71286,0.6078856,0.42521316,0.81891036
DRUSEN/DRUSEN-6193297-5.jpeg,retfound,0,0,final,1.0,59.312477,0.8311033,0.51411605,0.85938215
DRUSEN/DRUSEN-6264369-1.jpeg,retfound,0,0,final,1.0,57.341152,0.7186595,0.5155456,0.8796022
DRUSEN/DRUSEN-7064008-1.jpeg,retfound,0,0,final,1.0,59.489918,0.6148639,0.399544,0.8371315
DRUSEN/DRUSEN-7199590-1.jpeg,retfound,0,0,final,1.0,59.48777,0.7146459,0.46255013,0.8955492
DRUSEN/DRUSEN-732516-1.jpeg,retfound,0,0,final,1.0,65.94435,0.61341536,0.5035348,0.84534043
DRUSEN/DRUSEN-732516-2.jpeg,retfound,0,0,final,1.0,63.527065,0.6804335,0.59602845,0.8343165
DRUSEN/DRUSEN-732516-3.jpeg,retfound,0,0,final,1.0,61.94625,0.6805662,0.47814944,0.8848506
DRUSEN/DRUSEN-7345121-1.jpeg,retfound,0,0,final,1.0,50.145576,0.26332438,0.3238923,0.31407452
DRUSEN/DRUSEN-7350225-1.jpeg,retfound,0,0,final,1.0,58.69807,0.49609712,0.38908508,0.7145597
DRUSEN/DRUSEN-7373858-1.jpeg,retfound,0,0,final,1.0,68.1208,0.6256521,0.53897446,0.8182831
DRUSEN/DRUSEN-7393104-1.jpeg,retfound,0,0,final,1.0,63.83349,0.7789548,0.54127806,0.8911034
DRUSEN/DRUSEN-7513011-1.jpeg,retfound,0,0,final,1.0,62.624252,0.76066583,0.56899863,0.91282916
DRUSEN/DRUSEN-7555604-1.jpeg,retfound,0,0,final,1.0,60.765244,0.82171994,0.54353714,0.90403646
DRUSEN/DRUSEN-7555604-2.jpeg,retfound,0,0,final,1.0,69.14466,0.6624155,0.59287524,0.7761333
DRUSEN/DRUSEN-7557808-1.jpeg,retfound,0,0,final,1.0,64.07746,0.709414,0.43412772,0.8565202
DRUSEN/DRUSEN-7563760-1.jpeg,retfound,0,0,final,1.0,62.06232,0.84309953,0.5506705,0.8871509
DRUSEN/DRUSEN-7675318-1.jpeg,retfound,0,0,final,1.0,62.927444,0.76152205,0.49295574,0.8952239
DRUSEN/DRUSEN-7675318-2.jpeg,retfound,0,0,final,1.0,63.568493,0.76419306,0.5228237,0.90870214
DRUSEN/DRUSEN-7710023-1.jpeg,retfound,0,0,final,1.0,60.47377,0.81704867,0.5591525,0.8745984
DRUSEN/DRUSEN-7710023-2.jpeg,retfound,0,0,final,1.0,59.607338,0.78249097,0.48767108,0.87872505
DRUSEN/DRUSEN-7763772-1.jpeg,retfound,0,0,final,1.0,59.518497,0.5486272,0.5754377,0.83252484
DRUSEN/DRUSEN-781814-1.jpeg,retfound,0,0,final,1.0,63.595055,0.79294586,0.5472401,0.9080937
DRUSEN/DRUSEN-783692-1.jpeg,retfound,0,0,final,1.0,60.549908,0.8029938,0.48590082,0.8840327
DRUSEN/DRUSEN-7915033-1.jpeg,retfound,0,0,final,1.0,65.91216,0.83789015,0.5611834,0.8869899
DRUSEN/DRUSEN-7915033-2.jpeg,retfound,0,0,final,1.0,62.029427,0.7073909,0.44299912,0.8838062
DRUSEN/DRUSEN-7915033-3.jpeg,retfound,0,0,final,1.0,62.738274,0.71909976,0.5231015,0.8959942
DRUSEN/DRUSEN-8023853-1.jpeg,retfound,0,0,final,1.0,60.6319,0.75356334,0.47948498,0.896363
DRUSEN/DRUSEN-8039905-1.jpeg,retfound,0,0,final,1.0,58.148304,0.9183861,0.63045716,0.8664043
DRUSEN/DRUSEN-8074563-1.jpeg,retfound,0,0,final,1.0,57.881046,0.28986195,0.38677973,0.5778534
DRUSEN/DRUSEN-8074563-2.jpeg,retfound,0,0,final,1.0,65.64773,0.5934571,0.57645726,0.8341697
DRUSEN/DRUSEN-8074563-3.jpeg,retfound,0,0,final,1.0,64.115486,0.5560262,0.5151041,0.8196807
DRUSEN/DRUSEN-8086850-1.jpeg,retfound,0,0,final,1.0,61.748764,0.6291863,0.3790899,0.8139995
DRUSEN/DRUSEN-8086850-2.jpeg,retfound,0,0,final,1.0,63.06347,0.6722216,0.5345621,0.91970086
DRUSEN/DRUSEN-8086850-3.jpeg,retfound,0,0,final,1.0,65.70285,0.7177072,0.54304,0.90202075
DRUSEN/DRUSEN-8086850-4.jpeg,retfound,0,0,final,1.0,62.299183,0.68758684,0.5288707,0.907287
DRUSEN/DRUSEN-8086850-5.jpeg,retfound,0,0,final,1.0,64.86582,0.81754667,0.57985425,0.9142544
DRUSEN/DRUSEN-8086850-6.jpeg,retfound,0,0,final,1.0,59.69421,0.8189962,0.55067575,0.92956567
DRUSEN/DRUSEN-8086850-7.jpeg,retfound,0,0,final,1.0,62.879646,0.5816906,0.5152706,0.8417103
DRUSEN/DRUSEN-8086850-8.jpeg,retfound,0,0,final,1.0,54.086006,0.5422332,0.3710242,0.8473683
DRUSEN/DRUSEN-8117834-1.jpeg,retfound,0,0,final,1.0,60.645496,0.58839715,0.34447068,0.68148994
DRUSEN/DRUSEN-8213975-1.jpeg,retfound,0,0,final,1.0,72.04578,0.68052876,0.5324464,0.8417947
DRUSEN/DRUSEN-8251771-1.jpeg,retfound,0,0,final,1.0,67.64658,0.7274461,0.57734835,0.82494104
DRUSEN/DRUSEN-8261063-1.jpeg,retfound,0,0,final,1.0,64.33166,0.65039045,0.46939617,0.8551386
DRUSEN/DRUSEN-8261063-2.jpeg,retfound,0,0,final,1.0,74.87199,0.587189,0.54218096,0.7492695
DRUSEN/DRUSEN-8261063-3.jpeg,retfound,0,0,final,1.0,58.29188,0.3446564,0.4811139,0.5150099
DRUSEN/DRUSEN-8261063-4.jpeg,retfound,0,0,final,1.0,70.68129,0.6448264,0.591231,0.82247627
DRUSEN/DRUSEN-8261063-5.jpeg,retfound,0,0,final,1.0,70.28282,0.64649665,0.4128242,0.71478057
DRUSEN/DRUSEN-8261063-6.jpeg,retfound,0,0,final,1.0,68.99265,0.63459027,0.5376773,0.83395827
DRUSEN/DRUSEN-8261063-7.jpeg,retfound,0,0,final,1.0,63.625282,0.63134885,0.4164369,0.8614388
DRUSEN/DRUSEN-827677-1.jpeg,retfound,0,0,final,1.0,65.08576,0.47852695,0.45008248,0.7043038
DRUSEN/DRUSEN-8281517-1.jpeg,retfound,0,0,final,1.0,66.35461,0.76064646,0.5607663,0.8647487
DRUSEN/DRUSEN-8292670-1.jpeg,retfound,0,0,final,1.0,59.9133,0.7796027,0.63772726,0.9091915
DRUSEN/DRUSEN-8319985-1.jpeg,retfound,0,0,final,1.0,57.32309,0.3135489,0.36803275,0.45429096
DRUSEN/DRUSEN-8339642-1.jpeg,retfound,0,0,final,1.0,31.788187,-0.12951255,0.028201396,-0.03438949
DRUSEN/DRUSEN-8345703-1.jpeg,retfound,0,0,final,1.0,37.399014,0.13083823,-0.04446215,0.28278896
DRUSEN/DRUSEN-8345703-2.jpeg,retfound,0,0,final,1.0,54.37776,0.40801948,0.16765475,0.56330097
DRUSEN/DRUSEN-8351260-1.jpeg,retfound,0,0,final,1.0,51.801662,0.39300933,0.41270757,0.74223745
DRUSEN/DRUSEN-8351260-2.jpeg,retfound,0,0,final,1.0,64.64984,0.7464217,0.5931968,0.88237727
DRUSEN/DRUSEN-8389446-1.jpeg,retfound,0,0,final,1.0,57.937992,0.82908267,0.5357857,0.8898443
DRUSEN/DRUSEN-8389446-2.jpeg,retfound,0,0,final,1.0,60.733128,0.34463567,0.3043987,0.5952638
DRUSEN/DRUSEN-8389446-3.jpeg,retfound,0,0,final,1.0,59.646378,0.78359854,0.48008728,0.88902664
DRUSEN/DRUSEN-8440718-1.jpeg,retfound,0,0,final,1.0,64.632195,0.7166618,0.6380142,0.85018444
DRUSEN/DRUSEN-8440718-2.jpeg,retfound,0,0,final,1.0,59.199,0.74742854,0.5535757,0.89024884
DRUSEN/DRUSEN-8440718-3.jpeg,retfound,0,0,final,1.0,66.901,0.74969405,0.5668951,0.8711302
DRUSEN/DRUSEN-8440718-4.jpeg,retfound,0,0,final,1.0,68.49377,0.8098712,0.73616445,0.7837719
DRUSEN/DRUSEN-8440718-5.jpeg,retfound,0,0,final,1.0,66.21019,0.7777122,0.621192,0.879266
DRUSEN/DRUSEN-8549730-1.jpeg,retfound,0,0,final,1.0,60.312363,0.81858826,0.6490814,0.92980754
DRUSEN/DRUSEN-8549730-2.jpeg,retfound,0,0,final,1.0,60.976658,0.8531997,0.55037796,0.8968447
DRUSEN/DRUSEN-8549730-3.jpeg,retfound,0,0,final,1.0,65.01871,0.6804352,0.5167681,0.8892273
DRUSEN/DRUSEN-8549730-4.jpeg,retfound,0,0,final,1.0,60.50443,0.6094473,0.67749435,0.81841755
DRUSEN/DRUSEN-8549730-5.jpeg,retfound,0,0,final,1.0,67.62823,0.8022386,0.6204282,0.8694346
DRUSEN/DRUSEN-8549730-6.jpeg,retfound,0,0,final,1.0,66.508965,0.7551223,0.73118657,0.8358865
DRUSEN/DRUSEN-8549730-7.jpeg,retfound,0,0,final,1.0,66.09587,0.7296158,0.53433305,0.88719964
DRUSEN/DRUSEN-8577392-1.jpeg,retfound,0,0,final,1.0,61.654057,0.49878687,0.4163388,0.7424238
DRUSEN/DRUSEN-8605472-1.jpeg,retfound,0,0,final,1.0,60.664127,0.6814798,0.44132298,0.8765618
DRUSEN/DRUSEN-8656509-1.jpeg,retfound,0,0,final,1.0,71.835915,0.6927407,0.61489403,0.67427033
DRUSEN/DRUSEN-8708331-1.jpeg,retfound,0,0,final,1.0,62.08488,0.8657027,0.5458182,0.8436434
DRUSEN/DRUSEN-8811857-1.jpeg,retfound,0,0,final,1.0,54.793636,0.54656994,0.3541625,0.8262732
DRUSEN/DRUSEN-8811857-2.jpeg,retfound,0,0,final,1.0,58.34476,0.7376375,0.44718462,0.8599851
DRUSEN/DRUSEN-8854406-1.jpeg,retfound,0,0,final,1.0,67.04707,0.6998214,0.5340545,0.8074465
DRUSEN/DRUSEN-8854406-2.jpeg,retfound,0,0,final,1.0,62.999256,0.5700158,0.72022456,0.5934109
DRUSEN/DRUSEN-8870525-1.jpeg,retfound,0,0,final,1.0,67.806496,0.7094283,0.5403109,0.878573
DRUSEN/DRUSEN-8870525-2.jpeg,retfound,0,0,final,1.0,59.416534,0.85524315,0.64936435,0.896968
DRUSEN/DRUSEN-8870525-3.jpeg,retfound,0,0,final,1.0,57.94858,0.8093186,0.5367868,0.8867425
DRUSEN/DRUSEN-9049813-1.jpeg,retfound,0,0,final,1.0,60.100616,0.69455975,0.45072818,0.88657093
DRUSEN/DRUSEN-9059831-1.jpeg,retfound,0,0,final,1.0,68.757,0.53202605,0.31672442,0.6704178
DRUSEN/DRUSEN-9059831-2.jpeg,retfound,0,0,final,1.0,64.2636,0.82218635,0.6579022,0.82380146
DRUSEN/DRUSEN-907869-1.jpeg,retfound,0,0,final,1.0,60.247307,0.6752768,0.49661443,0.8959788
DRUSEN/DRUSEN-907869-2.jpeg,retfound,0,0,final,1.0,57.41771,0.54829705,0.38704938,0.84983236
DRUSEN/DRUSEN-9087597-1.jpeg,retfound,0,0,final,1.0,57.539757,0.65436685,0.3226835,0.7921732
DRUSEN/DRUSEN-9087597-2.jpeg,retfound,0,0,final,1.0,62.820408,0.61198556,0.49986145,0.8249215
DRUSEN/DRUSEN-9155039-1.jpeg,retfound,0,0,final,1.0,56.04232,0.49458876,0.36220258,0.67975664
DRUSEN/DRUSEN-9201573-1.jpeg,retfound,0,0,final,1.0,54.35568,0.43454272,0.14899537,0.563885
DRUSEN/DRUSEN-9225057-1.jpeg,retfound,0,0,final,1.0,43.585335,0.22348477,0.10429336,0.4955496
DRUSEN/DRUSEN-9225057-2.jpeg,retfound,0,0,final,1.0,53.281048,0.36416534,0.10502851,0.55197775
DRUSEN/DRUSEN-9280370-1.jpeg,retfound,0,0,final,1.0,67.25795,0.73711395,0.5067354,0.84436977
DRUSEN/DRUSEN-9442692-1.jpeg,retfound,0,0,final,1.0,65.5913,0.73463213,0.5162129,0.90619755
DRUSEN/DRUSEN-9504181-1.jpeg,retfound,0,0,final,1.0,63.206642,0.7494207,0.5612979,0.9118798
DRUSEN/DRUSEN-9504181-2.jpeg,retfound,0,0,final,1.0,64.77369,0.815375,0.5679482,0.87861216
DRUSEN/DRUSEN-95633-1.jpeg,retfound,0,0,final,1.0,62.73032,0.8274097,0.62863505,0.8756186
DRUSEN/DRUSEN-956663-1.jpeg,retfound,0,0,final,1.0,67.61868,0.51922977,0.4286979,0.67905235
DRUSEN/DRUSEN-9624303-1.jpeg,retfound,0,0,final,1.0,58.315758,0.7645185,0.59023774,0.8955045
DRUSEN/DRUSEN-9624303-2.jpeg,retfound,0,0,final,1.0,60.621784,0.82926506,0.5457307,0.8327986
DRUSEN/DRUSEN-9642260-1.jpeg,retfound,0,0,final,1.0,61.964237,0.76315534,0.632133,0.8753363
DRUSEN/DRUSEN-9689334-1.jpeg,retfound,0,0,final,1.0,62.247166,0.8097711,0.60278165,0.91348493
DRUSEN/DRUSEN-9734808-1.jpeg,retfound,0,0,final,1.0,61.774303,0.80805296,0.5562175,0.9279065
DRUSEN/DRUSEN-9734808-2.jpeg,retfound,0,0,final,1.0,61.99156,0.89070904,0.60041857,0.90303457
DRUSEN/DRUSEN-9800172-1.jpeg,retfound,0,0,final,1.0,54.207844,0.37243515,0.12991823,0.5570272
DRUSEN/DRUSEN-987193-1.jpeg,retfound,0,0,final,1.0,66.16375,0.56210506,0.62677,0.76118636
NORMAL/NORMAL-1017237-1.jpeg,retfound,0,0,final,1.0,25.561655,-0.25749794,-0.24385774,-0.26143512
NORMAL/NORMAL-101880-1.jpeg,retfound,0,0,final,1.0,25.690508,-0.17416888,-0.20941478,-0.1457966
NORMAL/NORMAL-1025847-1.jpeg,retfound,0,0,final,1.0,31.289286,-0.09221393,-0.24887931,0.01991397
NORMAL/NORMAL-1038998-1.jpeg,retfound,0,0,final,1.0,28.254086,-0.18356238,-0.21410671,-0.069044575
NORMAL/NORMAL-1042462-1.jpeg,retfound,0,0,final,1.0,30.002592,0.0017566723,-0.095461056,-0.0052928524
NORMAL/NORMAL-1058176-1.jpeg,retfound,0,0,final,1.0,27.916294,-0.093009345,0.028837532,-0.10094095
NORMAL/NORMAL-1063128-1.jpeg,retfound,0,0,final,1.0,21.708206,-0.21162836,-0.4151899,-0.12481652
NORMAL/NORMAL-1073137-1.jpeg,retfound,0,0,final,1.0,29.959236,-0.11584318,-0.0077133276,-0.11480425
NORMAL/NORMAL-1081406-1.jpeg,retfound,0,0,final,1.0,63.3724,0.40509388,0.6091683,0.5809943
NORMAL/NORMAL-112928-1.jpeg,retfound,0,0,final,1.0,19.44815,-0.18758416,-0.3259508,-0.2481657
NORMAL/NORMAL-119840-1.jpeg,retfound,0,0,final,1.0,21.300262,-0.22011623,-0.35335097,-0.088942185
NORMAL/NORMAL-12494-1.jpeg,retfound,0,0,final,1.0,38.13912,0.082444705,0.33893004,0.14725585
NORMAL/NORMAL-12494-2.jpeg,retfound,0,0,final,1.0,19.989096,-0.3148254,-0.3583706,-0.23309861
NORMAL/NORMAL-12494-3.jpeg,retfound,0,0,final,1.0,19.33861,-0.4130798,-0.29054338,-0.4462756
NORMAL/NORMAL-12494-4.jpeg,retfound,0,0,final,1.0,19.267412,-0.3091275,-0.39826897,-0.33742195
NORMAL/NORMAL-12494-5.jpeg,retfound,0,0,final,1.0,23.675112,-0.20310035,-0.32125908,-0.17904969
NORMAL/NORMAL-133321-1.jpeg,retfound,0,0,final,1.0,23.671885,0.013879739,0.35671163,-0.10841061
NORMAL/NORMAL-138971-1.jpeg,retfound,0,0,final,1.0,37.843376,-0.0010122512,-0.019205326,0.12038252
NORMAL/NORMAL-15208-1.jpeg,retfound,0,0,final,1.0,30.676733,-0.03416411,0.06480616,-0.124236874
NORMAL/NORMAL-15307-1.jpeg,retfound,0,0,final,1.0,40.81304,0.19350764,0.04968018,0.19985928
NORMAL/NORMAL-153950-1.jpeg,retfound,0,0,final,1.0,17.213966,-0.33888257,-0.51804763,-0.33585334
NORMAL/NORMAL-1746717-1.jpeg,retfound,0,0,final,1.0,25.791168,-0.14353848,0.06182152,-0.118959315
NORMAL/NORMAL-1759350-1.jpeg,retfound,0,0,final,1.0,28.133575,-0.14741814,-0.30302167,-0.11783143
NORMAL/NORMAL-1781140-1.jpeg,retfound,0,0,final,1.0,37.679214,0.14938682,0.07935865,0.13336799
NORMAL/NORMAL-1791409-1.jpeg,retfound,0,0,final,1.0,21.343906,-0.20831501,-0.3826214,-0.14448681
NORMAL/NORMAL-1831654-1.jpeg,retfound,0,0,final,1.0,22.171719,-0.17037204,-0.1887933,-0.17030707
NORMAL/NORMAL-1853526-1.jpeg,retfound,0,0,final,1.0,21.088726,-0.20752448,-0.33963355,-0.18092099
NORMAL/NORMAL-1860310-1.jpeg,retfound,0,0,final,1.0,22.64083,-0.19916788,-0.29093325,-0.18994531
NORMAL/NORMAL-1897894-1.jpeg,retfound,0,0,final,1.0,23.68398,-0.23262137,-0.29529214,-0.31127232
NORMAL/NORMAL-1907560-1.jpeg,retfound,0,0,final,1.0,26.275534,-0.12379423,-0.27244556,-0.10815458
NORMAL/NORMAL-1908313-1.jpeg,retfound,0,0,final,1.0,21.702667,-0.2861432,-0.31015366,-0.3178522
NORMAL/NORMAL-1951042-1.jpeg,retfound,0,0,final,1.0,20.045708,-0.36451864,-0.4414635,-0.29269242
NORMAL/NORMAL-1957379-1.jpeg,retfound,0,0,final,1.0,22.614204,-0.12649867,-0.20128413,-0.16966376
NORMAL/NORMAL-197082-1.jpeg,retfound,0,0,final,1.0,23.473843,-0.17429498,-0.3817605,-0.04817272
NORMAL/NORMAL-1983894-1.jpeg,retfound,0,0,final,1.0,23.890804,-0.08623287,-0.053111006,-0.0776307
NORMAL/NORMAL-1988065-1.jpeg,retfound,0,0,final,1.0,21.748903,-0.23770344,-0.13136488,-0.19076388
NORMAL/NORMAL-1989796-1.jpeg,retfound,0,0,final,1.0,38.84283,0.06379885,0.106177464,0.17400262
NORMAL/NORMAL-1998191-1.jpeg,retfound,0,0,final,1.0,21.698095,-0.1413251,-0.18749836,-0.17363128
NORMAL/NORMAL-2010714-1.jpeg,retfound,0,0,final,1.0,21.970215,-0.25293073,-0.42691952,-0.32821205
NORMAL/NORMAL-2011412-1.jpeg,retfound,0,0,final,1.0,36.551903,0.042524043,0.13975194,-0.043627
NORMAL/NORMAL-2019006-1.jpeg,retfound,0,0,final,1.0,28.297129,0.041641407,-0.08483604,-0.08126706
NORMAL/NORMAL-2019423-1.jpeg,retfound,0,0,final,1.0,23.64435,-0.18441604,-0.12750007,-0.21527278
NORMAL/NORMAL-2055634-1.jpeg,retfound,0,0,final,1.0,28.358414,-0.12733355,-0.19539458,-0.14327314
NORMAL/NORMAL-2059629-1.jpeg,retfound,0,0,final,1.0,34.768284,-0.059828974,-0.086016476,0.064283505
NORMAL/NORMAL-2075832-1.jpeg,retfound,0,0,final,1.0,26.07309,-0.05472729,-0.14600125,-0.096284494
NORMAL/NORMAL-2082689-1.jpeg,retfound,0,0,final,1.0,20.44679,-0.33613017,-0.42331684,-0.34628838
NORMAL/NORMAL-2095710-1.jpeg,retfound,0,0,final,1.0,33.27207,0.0778746,-0.2151367,0.08886315
NORMAL/NORMAL-2113822-1.jpeg,retfound,0,0,final,1.0,19.59127,-0.24358933,-0.3221991,-0.13568422
NORMAL/NORMAL-2120559-1.jpeg,retfound,0,0,final,1.0,22.695127,-0.16553105,-0.2821136,-0.25075948
NORMAL/NORMAL-2120559-2.jpeg,retfound,0,0,final,1.0,27.039642,-0.088305295,-0.22625332,-0.11815061
NORMAL/NORMAL-2120559-3.jpeg,retfound,0,0,final,1.0,23.977383,-0.21670513,-0.12759568,-0.2408724
NORMAL/NORMAL-2126186-1.jpeg,retfound,0,0,final,1.0,26.917088,-0.14794943,0.10925725,-0.08449213
NORMAL/NORMAL-2131138-1.jpeg,retfound,0,0,final,1.0,29.766945,-0.18966745,-0.2150833,-0.17839538
NORMAL/NORMAL-2158556-1.jpeg,retfound,0,0,final,1.0,29.683094,-0.17033273,-0.13535886,-0.036199905
NORMAL/NORMAL-2167295-1.jpeg,retfound,0,0,final,1.0,30.720064,-0.07050796,-0.16319475,0.015009679
NORMAL/NORMAL-2181272-1.jpeg,retfound,0,0,final,1.0,26.51261,-0.20076096,-0.10957076,-0.13763463
NORMAL/NORMAL-2182640-1.jpeg,retfound,0,0,final,1.0,28.875528,0.018300692,0.21001065,-0.0009807623
NORMAL/NORMAL-2192790-1.jpeg,retfound,0,0,final,1.0,30.118479,0.0639503,-0.11985529,0.0005467078
NORMAL/NORMAL-2197972-1.jpeg,retfound,0,0,final,1.0,21.310724,-0.16005607,-0.291854,-0.1376372
NORMAL/NORMAL-2226488-1.jpeg,retfound,0,0,final,1.0,34.948444,-0.10039725,-0.013143736,-0.20014527
NORMAL/NORMAL-2231056-1.jpeg,retfound,0,0,final,1.0,23.86982,-0.25555855,-0.34657934,-0.2570802
NORMAL/NORMAL-223814-1.jpeg,retfound,0,0,final,1.0,24.56196,-0.18583299,-0.37335902,-0.13285246
NORMAL/NORMAL-2244950-1.jpeg,retfound,0,0,final,1.0,23.9642,-0.18275434,-0.32192522,-0.14233851
NORMAL/NORMAL-2287992-1.jpeg,retfound,0,0,final,1.0,26.095472,-0.14090621,0.05318601,-0.2032436
NORMAL/NORMAL-2305502-1.jpeg,retfound,0,0,final,1.0,23.30651,-0.17618337,-0.307659,-0.074815825
NORMAL/NORMAL-2312921-1.jpeg,retfound,0,0,final,1.0,28.553158,-0.101732954,0.15292881,-0.22993201
NORMAL/NORMAL-2316423-1.jpeg,retfound,0,0,final,1.0,31.174162,-0.00554354,0.12267007,-0.10070815
NORMAL/NORMAL-2335256-1.jpeg,retfound,0,0,final,1.0,22.891476,-0.17226636,-0.32237157,-0.18366389
NORMAL/NORMAL-2342517-1.jpeg,retfound,0,0,final,1.0,29.392355,-0.17203896,-0.25085723,-0.04243558
NORMAL/NORMAL-2350851-1.jpeg,retfound,0,0,final,1.0,23.790035,-0.03866938,-0.11934726,-0.08050819
NORMAL/NORMAL-2351012-1.jpeg,retfound,0,0,final,1.0,19.298803,-0.35090777,-0.24357086,-0.39019597
NORMAL/NORMAL-2362579-1.jpeg,retfound,0,0,final,1.0,23.482897,-0.1048087,0.0049708616,-0.15301678
NORMAL/NORMAL-2366700-1.jpeg,retfound,0,0,final,1.0,22.123976,-0.3103522,-0.4151322,-0.35485673
NORMAL/NORMAL-2373878-1.jpeg,retfound,0,0,final,1.0,24.303246,-0.20042463,-0.23033172,-0.053659484
NORMAL/NORMAL-2377429-1.jpeg,retfound,0,0,final,1.0,18.827332,-0.3344117,-0.5059165,-0.2466178
NORMAL/NORMAL-2392366-1.jpeg,retfound,0,0,final,1.0,27.866808,-0.05430088,-0.27549964,-0.06709256
NORMAL/NORMAL-2397754-1.jpeg,retfound,0,0,final,1.0,29.834192,-0.014318695,0.05002108,0.016235776
NORMAL/NORMAL-2403175-1.jpeg,retfound,0,0,final,1.0,25.729675,-0.06430493,-0.16257316,-0.008578091
NORMAL/NORMAL-2416187-1.jpeg,retfound,0,0,final,1.0,25.68702,-0.15942854,-0.16955756,-0.030643929
NORMAL/NORMAL-2421067-1.jpeg,retfound,0,0,final,1.0,19.235304,-0.2630392,-0.34949636,-0.2721526
NORMAL/NORMAL-2424949-1.jpeg,retfound,0,0,final,1.0,41.56268,0.114879034,0.09217879,0.12979314
NORMAL/NORMAL-2434258-1.jpeg,retfound,0,0,final,1.0,23.064232,-0.15866062,-0.10733832,-0.21890992
NORMAL/NORMAL-2436365-1.jpeg,retfound,0,0,final,1.0,17.785177,-0.30803332,-0.5307813,-0.34641635
NORMAL/NORMAL-2448954-1.jpeg,retfound,0,0,final,1.0,19.530935,-0.28572488,-0.49071574,-0.37171084
NORMAL/NORMAL-2459401-1.jpeg,retfound,0,0,final,1.0,22.409998,-0.12795278,-0.26124364,-0.24589925
NORMAL/NORMAL-2460548-1.jpeg,retfound,0,0,final,1.0,25.014301,-0.22122264,-0.2043086,-0.24568808
NORMAL/NORMAL-2476896-1.jpeg,retfound,0,0,final,1.0,30.398151,-0.008475926,-0.08390493,-0.031514265
NORMAL/NORMAL-2493975-1.jpeg,retfound,0,0,final,1.0,27.343729,-0.17032541,-0.15526375,-0.21122321
NORMAL/NORMAL-2504667-1.jpeg,retfound,0,0,final,1.0,21.465929,-0.16263123,-0.49537975,-0.07822521
NORMAL/NORMAL-2509453-1.jpeg,retfound,0,0,final,1.0,24.907242,-0.1836629,-0.075068414,-0.22856587
NORMAL/NORMAL-2517546-1.jpeg,retfound,0,0,final,1.0,21.23894,-0.22652927,-0.49938872,-0.20293444
NORMAL/NORMAL-2549549-1.jpeg,retfound,0,0,final,1.0,23.738249,-0.14581086,-0.1823307,-0.20773205
NORMAL/NORMAL-2551333-1.jpeg,retfound,0,0,final,1.0,22.393204,-0.18346691,-0.2694726,-0.19777356
NORMAL/NORMAL-2569106-1.jpeg,retfound,0,0,final,1.0,20.064856,-0.22271295,-0.07192099,-0.22586429
NORMAL/NORMAL-2570020-1.jpeg,retfound,0,0,final,1.0,29.012236,-0.15742582,-0.18137091,-0.04113552
NORMAL/NORMAL-2579419-1.jpeg,retfound,0,0,final,1.0,34.749847,0.07820092,-0.102902815,-0.024133455
NORMAL/NORMAL-2598368-1.jpeg,retfound,0,0,final,1.0,29.7809,-0.124902114,0.15875757,0.003428943
NORMAL/NORMAL-2602596-1.jpeg,retfound,0,0,final,1.0,17.673992,-0.30575627,-0.44656032,-0.20741603
NORMAL/NORMAL-2627129-1.jpeg,retfound,0,0,final,1.0,21.396172,-0.28521466,-0.39163125,-0.2529743
NORMAL/NORMAL-2633503-1.jpeg,retfound,0,0,final,1.0,33.093124,-0.02505146,0.027293311,0.15801835
NORMAL/NORMAL-2636641-1.jpeg,retfound,0,0,final,1.0,22.941671,-0.12905784,-0.19428098,-0.16587272
NORMAL/NORMAL-2665491-1.jpeg,retfound,0,0,final,1.0,19.521532,-0.28499448,-0.39188614,-0.19991815
NORMAL/NORMAL-269181-1.jpeg,retfound,0,0,final,1.0,40.312176,0.268435,-0.038515676,0.10483586
NORMAL/NORMAL-2705520-1.jpeg,retfound,0,0,final,1.0,28.461113,-0.18351321,-0.17859334,-0.06272224
NORMAL/NORMAL-2709055-1.jpeg,retfound,0,0,final,1.0,27.898643,-0.12587571,-0.23860893,-0.13736153
NORMAL/NORMAL-2733663-1.jpeg,retfound,0,0,final,1.0,22.93212,-0.13546798,-0.2451274,-0.13772088
NORMAL/NORMAL-2739821-1.jpeg,retfound,0,0,final,1.0,40.1951,0.109962955,0.39957967,0.1885925
NORMAL/NORMAL-2769622-1.jpeg,retfound,0,0,final,1.0,19.676123,-0.23453748,-0.4003251,-0.30679527
NORMAL/NORMAL-2769622-2.jpeg,retfound,0,0,final,1.0,37.066013,0.002892173,-0.018912945,0.14535755
NORMAL/NORMAL-279206-1.jpeg,retfound,0,0,final,1.0,55.26408,0.44422895,0.2750042,0.3787378
NORMAL/NORMAL-283376-1.jpeg,retfound,0,0,final,1.0,23.953724,-0.15117109,-0.15714407,-0.17011887
NORMAL/NORMAL-285896-1.jpeg,retfound,0,0,final,1.0,19.60272,-0.21115083,-0.42177057,-0.20225474
NORMAL/NORMAL-2973935-1.jpeg,retfound,0,0,final,1.0,23.94596,-0.17056838,-0.16663863,-0.17767946
NORMAL/NORMAL-3059523-1.jpeg,retfound,0,0,final,1.0,31.949444,-0.033122495,0.13070236,0.042930808
NORMAL/NORMAL-307151-1.jpeg,retfound,0,0,final,1.0,25.547235,-0.08740337,-0.0050832536,-0.061307866
NORMAL/NORMAL-307151-2.jpeg,retfound,0,0,final,1.0,20.655794,-0.18289931,-0.31230012,-0.246274
NORMAL/NORMAL-3077276-1.jpeg,retfound,0,0,final,1.0,25.64122,-0.08560002,-0.1565755,-0.076349944
NORMAL/NORMAL-3100637-1.jpeg,retfound,0,0,final,1.0,23.953518,-0.18936688,-0.20887569,-0.22891787
NORMAL/NORMAL-3103940-1.jpeg,retfound,0,0,final,1.0,18.853226,-0.17334084,-0.32730654,-0.19187686
NORMAL/NORMAL-3108564-1.jpeg,retfound,0,0,final,1.0,24.854187,-0.2094867,-0.23375416,-0.17544504
NORMAL/NORMAL-3134896-1.jpeg,retfound,0,0,final,1.0,29.807966,-0.09704669,0.08330685,-0.13852325
NORMAL/NORMAL-3166591-1.jpeg,retfound,0,0,final,1.0,18.84893,-0.2646458,-0.47107077,-0.32191837
NORMAL/NORMAL-3220509-1.jpeg,retfound,0,0,final,1.0,23.65006,-0.28038707,-0.3381182,-0.12819651
NORMAL/NORMAL-3244919-1.jpeg,retfound,0,0,final,1.0,28.2191,-0.1570842,-0.27461115,-0.069503106
NORMAL/NORMAL-3256489-1.jpeg,retfound,0,0,final,1.0,22.28545,-0.07352514,-0.25011683,-0.20689197
NORMAL/NORMAL-3277704-1.jpeg,retfound,0,0,final,1.0,22.089802,-0.2857226,-0.23003441,-0.26866046
NORMAL/NORMAL-3300015-1.jpeg,retfound,0,0,final,1.0,21.032465,-0.17312402,-0.3726582,-0.27129427
NORMAL/NORMAL-3307598-1.jpeg,retfound,0,0,final,1.0,25.557846,-0.14435457,-0.25264224,-0.07795935
NORMAL/NORMAL-3307598-2.jpeg,retfound,0,0,final,1.0,29.698696,-0.02493372,-0.10853229,0.041728884
NORMAL/NORMAL-3308307-1.jpeg,retfound,0,0,final,1.0,38.754665,0.0937992,0.18199116,0.06252634
NORMAL/NORMAL-330905-1.jpeg,retfound,0,0,final,1.0,23.859545,-0.26591682,-0.2003468,-0.26898843
NORMAL/NORMAL-3320960-1.jpeg,retfound,0,0,final,1.0,21.491238,-0.14270887,-0.25255147,-0.092322685
NORMAL/NORMAL-3326661-1.jpeg,retfound,0,0,final,1.0,31.641588,-0.11704982,0.078840464,-0.05352778
NORMAL/NORMAL-3330006-1.jpeg,retfound,0,0,final,1.0,32.48874,0.022498028,0.042201087,0.01715066
NORMAL/NORMAL-3332063-1.jpeg,retfound,0,0,final,1.0,23.647387,-0.18162334,-0.37415928,-0.14257294
NORMAL/NORMAL-33350-1.jpeg,retfound,0,0,final,1.0,28.550566,0.031130359,-0.12021908,0.09817749
NORMAL/NORMAL-33350-2.jpeg,retfound,0,0,final,1.0,25.865314,-0.011759518,-0.2241741,0.019648489
NORMAL/NORMAL-33350-3.jpeg,retfound,0,0,final,1.0,35.644897,0.011634489,0.14784405,0.13765131
NORMAL/NORMAL-3340309-1.jpeg,retfound,0,0,final,1.0,32.196823,-0.028137883,-0.012147759,-0.07261111
NORMAL/NORMAL-3346049-1.jpeg,retfound,0,0,final,1.0,26.037642,-0.17705703,-0.20758867,-0.11921719
NORMAL/NORMAL-3347645-1.jpeg,retfound,0,0,final,1.0,27.474075,-0.07099817,0.109815076,-0.024900306
NORMAL/NORMAL-3354044-1.jpeg,retfound,0,0,final,1.0,39.256355,0.061006334,0.15678933,0.18712014
NORMAL/NORMAL-3361560-1.jpeg,retfound,0,0,final,1.0,30.694841,0.013445596,0.022014294,-0.01513875
NORMAL/NORMAL-3361750-1.jpeg,retfound,0,0,final,1.0,20.436739,-0.23831294,-0.2842805,-0.1331461
NORMAL/NORMAL-33637-1.jpeg,retfound,0,0,final,1.0,22.551893,-0.22828738,-0.21480882,-0.27621523
NORMAL/NORMAL-3373954-1.jpeg,retfound,0,0,final,1.0,37.31057,0.037607457,0.074537136,0.04650665
NORMAL/NORMAL-3380901-1.jpeg,retfound,0,0,final,1.0,30.127665,-0.14025739,-0.21173023,-0.17439932
NORMAL/NORMAL-338568-1.jpeg,retfound,0,0,final,1.0,23.142773,-0.24918091,-0.3553394,-0.25679812
NORMAL/NORMAL-3390782-1.jpeg,retfound,0,0,final,1.0,25.3217,-0.22125056,-0.28429642,-0.18647096
NORMAL/NORMAL-3398969-1.jpeg,retfound,0,0,final,1.0,45.0544,0.14695285,0.16538012,0.30088747
NORMAL/NORMAL-3399839-1.jpeg,retfound,0,0,final,1.0,21.43627,-0.22499664,-0.1390735,-0.21531986
NORMAL/NORMAL-3416330-1.jpeg,retfound,0,0,final,1.0,24.393122,-0.1085029,0.12388643,-0.14284948
NORMAL/NORMAL-3431386-1.jpeg,retfound,0,0,final,1.0,26.434471,-0.20558596,-0.2206418,-0.1899373
NORMAL/NORMAL-3451887-1.jpeg,retfound,0,0,final,1.0,30.118881,-0.089808255,-0.11822593,0.024035888
NORMAL/NORMAL-3465750-1.jpeg,retfound,0,0,final,1.0,29.413586,-0.002702131,-0.12291351,-0.10579361
NORMAL/NORMAL-3466714-1.jpeg,retfound,0,0,final,1.0,21.172457,-0.19171445,-0.2824791,-0.2140997
NORMAL/NORMAL-3475211-1.jpeg,retfound,0,0,final,1.0,19.73214,-0.1897948,-0.27812517,-0.21911085
NORMAL/NORMAL-348347-1.jpeg,retfound,0,0,final,1.0,20.832764,-0.27621114,-0.35097206,-0.26472998
NORMAL/NORMAL-349021-1.jpeg,retfound,0,0,final,1.0,30.536053,-0.077886924,0.12323074,0.051958375
NORMAL/NORMAL-351109-1.jpeg,retfound,0,0,final,1.0,38.918556,-0.04254938,0.13280012,0.012925111
NORMAL/NORMAL-351109-2.jpeg,retfound,0,0,final,1.0,19.973751,-0.3103583,-0.27365372,-0.29962128
NORMAL/NORMAL-3531215-1.jpeg,retfound,0,0,final,1.0,25.27672,-0.25590882,-0.32312575,-0.2587999
NORMAL/NORMAL-3538316-1.jpeg,retfound,0,0,final,1.0,24.117384,-0.22117974,-0.20625003,-0.11637678
NORMAL/NORMAL-3561306-1.jpeg,retfound,0,0,final,1.0,22.77359,-0.2755645,-0.37026173,-0.13626833
NORMAL/NORMAL-3561306-2.jpeg,retfound,0,0,final,1.0,23.141579,-0.17474045,-0.34384882,-0.17385924
NORMAL/NORMAL-366503-1.jpeg,retfound,0,0,final,1.0,21.694586,-0.13452017,-0.21528697,-0.23368517
NORMAL/NORMAL-366503-2.jpeg,retfound,0,0,final,1.0,22.40002,-0.11246363,-0.13309506,-0.17574932
NORMAL/NORMAL-36734-1.jpeg,retfound,0,0,final,1.0,25.797688,-0.10080379,-0.09222683,-0.08269609
NORMAL/NORMAL-37818-1.jpeg,retfound,0,0,final,1.0,27.75909,-0.13163422,0.020895183,-0.15293272
NORMAL/NORMAL-395557-1.jpeg,retfound,0,0,final,1.0,26.886742,-0.037664928,-0.04391386,-0.07974832
NORMAL/NORMAL-402066-1.jpeg,retfound,0,0,final,1.0,29.116812,-0.048522677,-0.07143849,-0.025345566
NORMAL/NORMAL-402066-2.jpeg,retfound,0,0,final,1.0,23.75773,-0.2474813,-0.22950134,-0.14623955
NORMAL/NORMAL-402066-3.jpeg,retfound,0,0,final,1.0,22.439777,-0.21321194,-0.13231829,-0.13761237
NORMAL/NORMAL-402066-4.jpeg,retfound,0,0,final,1.0,29.118126,-0.056842096,-0.14755574,-0.062048748
NORMAL/NORMAL-402066-5.jpeg,retfound,0,0,final,1.0,20.86568,-0.24105959,-0.21258351,-0.18403146
NORMAL/NORMAL-438684-1.jpeg,retfound,0,0,final,1.0,24.726309,-0.2244741,-0.33085877,-0.24245381
NORMAL/NORMAL-438684-2.jpeg,retfound,0,0,final,1.0,26.466372,-0.18446341,-0.21576288,-0.25526065
NORMAL/NORMAL-438684-3.jpeg,retfound,0,0,final,1.0,24.873617,-0.19588834,-0.35273987,-0.24343976
NORMAL/NORMAL-443980-1.jpeg,retfound,0,0,final,1.0,22.956121,-0.22601911,-0.394419,-0.13360107
NORMAL/NORMAL-446851-1.jpeg,retfound,0,0,final,1.0,36.788464,-0.06146635,-0.060856834,0.023146896
NORMAL/NORMAL-446851-2.jpeg,retfound,0,0,final,1.0,33.619534,-0.06538312,-0.064735696,0.023064617
NORMAL/NORMAL-447690-1.jpeg,retfound,0,0,final,1.0,26.784464,-0.10493296,-0.21721976,-0.109045155
NORMAL/NORMAL-447690-2.jpeg,retfound,0,0,final,1.0,20.390646,-0.3074783,-0.37279585,-0.2539709
NORMAL/NORMAL-450532-1.jpeg,retfound,0,0,final,1.0,26.506947,-0.23102486,-0.084499136,0.055696443
NORMAL/NORMAL-450923-1.jpeg,retfound,0,0,final,1.0,19.08442,-0.28971827,-0.3467523,-0.20586434
NORMAL/NORMAL-450923-2.jpeg,retfound,0,0,final,1.0,25.983305,-0.101438545,-0.05057435,-0.16289881
NORMAL/NORMAL-460711-1.jpeg,retfound,0,0,final,1.0,22.957062,-0.2503262,-0.19737557,-0.23458037
NORMAL/NORMAL-460844-1.jpeg,retfound,0,0,final,1.0,19.318676,-0.25216004,-0.38744268,-0.23352759
NORMAL/NORMAL-466978-1.jpeg,retfound,0,0,final,1.0,27.589869,0.015040701,0.080296904,-0.089923225
NORMAL/NORMAL-469935-1.jpeg,retfound,0,0,final,1.0,22.447304,-0.17550354,-0.30847114,-0.18922392
NORMAL/NORMAL-4761187-1.jpeg,retfound,0,0,final,1.0,30.422125,-0.012012977,-0.0076150373,0.005363616
NORMAL/NORMAL-4790999-1.jpeg,retfound,0,0,final,1.0,27.460154,-0.07169725,-0.24423319,-0.024196483
NORMAL/NORMAL-48053-1.jpeg,retfound,0,0,final,1.0,27.758982,-0.103005186,-0.15591675,-0.046822283
NORMAL/NORMAL-4839633-1.jpeg,retfound,0,0,final,1.0,23.037926,-0.18656877,-0.22162154,-0.22007503
NORMAL/NORMAL-486271-1.jpeg,retfound,0,0,final,1.0,24.016285,-0.17611198,-0.248871,-0.17893386
NORMAL/NORMAL-508852-1.jpeg,retfound,0,0,final,1.0,22.084414,-0.16364093,-0.26370594,-0.2074002
NORMAL/NORMAL-508852-2.jpeg,retfound,0,0,final,1.0,21.976158,-0.094649255,-0.28024834,-0.1936076
NORMAL/NORMAL-519372-1.jpeg,retfound,0,0,final,1.0,34.052895,0.051395204,0.13722333,0.077289455
NORMAL/NORMAL-524640-1.jpeg,retfound,0,0,final,1.0,25.417166,-0.19707672,-0.23512457,-0.12422882
NORMAL/NORMAL-544457-1.jpeg,retfound,0,0,final,1.0,24.464674,-0.16817902,-0.35632628,-0.04924288
NORMAL/NORMAL-544711-1.jpeg,retfound,0,0,final,1.0,24.71774,-0.20867157,-0.12423655,-0.15154788
NORMAL/NORMAL-547422-1.jpeg,retfound,0,0,final,1.0,30.846972,-0.032197297,0.09576675,-0.05813803
NORMAL/NORMAL-547422-2.jpeg,retfound,0,0,final,1.0,22.388556,-0.17865202,0.046515316,-0.18328021
NORMAL/NORMAL-549356-1.jpeg,retfound,0,0,final,1.0,25.000383,-0.13117065,-0.46012446,-0.19721392
NORMAL/NORMAL-549356-2.jpeg,retfound,0,0,final,1.0,18.401995,-0.27544683,-0.2920649,-0.3273736
NORMAL/NORMAL-549356-3.jpeg,retfound,0,0,final,1.0,22.351784,-0.22852376,-0.25389963,-0.32998824
NORMAL/NORMAL-552739-1.jpeg,retfound,0,0,final,1.0,24.166254,-0.15638933,-0.0641353,-0.2395362
NORMAL/NORMAL-557437-1.jpeg,retfound,0,0,final,1.0,27.472633,0.020712236,-0.12280283,0.120171875
NORMAL/NORMAL-557437-2.jpeg,retfound,0,0,final,1.0,25.11865,-0.18649697,-0.08865052,-0.18180576
NORMAL/NORMAL-565818-1.jpeg,retfound,0,0,final,1.0,19.821507,-0.17271538,-0.31813407,-0.17335865
NORMAL/NORMAL-566040-1.jpeg,retfound,0,0,final,1.0,29.517363,-0.091422364,-0.022076773,-0.057528988
NORMAL/NORMAL-568518-1.jpeg,retfound,0,0,final,1.0,24.176266,-0.20669825,-0.2940741,-0.29590952
NORMAL/NORMAL-568518-2.jpeg,retfound,0,0,final,1.0,28.867577,-0.07033765,0.013476394,-0.101503864
NORMAL/NORMAL-571157-1.jpeg,retfound,0,0,final,1.0,25.811895,-0.07194853,-0.10600725,-0.11608881
NORMAL/NORMAL-571484-1.jpeg,retfound,0,0,final,1.0,24.11753,-0.1992189,-0.27824268,-0.12370044
NORMAL/NORMAL-572972-1.jpeg,retfound,0,0,final,1.0,31.373543,-0.10803893,-0.13500372,0.1202705
NORMAL/NORMAL-574089-1.jpeg,retfound,0,0,final,1.0,22.977438,-0.17451459,-0.10848886,-0.1886993
NORMAL/NORMAL-582215-1.jpeg,retfound,0,0,final,1.0,33.51612,-0.016740834,0.1963396,0.12998359
NORMAL/NORMAL-588227-1.jpeg,retfound,0,0,final,1.0,35.44541,-0.05384501,0.06930429,-0.009452024
NORMAL/NORMAL-60471-1.jpeg,retfound,0,0,final,1.0,22.861092,-0.20489863,-0.18567547,-0.19147423
NORMAL/NORMAL-605310-1.jpeg,retfound,0,0,final,1.0,27.256432,-0.1657942,-0.18862572,-0.13449955
NORMAL/NORMAL-626127-1.jpeg,retfound,0,0,final,1.0,22.038519,-0.16116059,-0.10763663,-0.27988902
NORMAL/NORMAL-628048-1.jpeg,retfound,0,0,final,1.0,22.586998,-0.20928442,-0.26768512,-0.15495515
NORMAL/NORMAL-629493-1.jpeg,retfound,0,0,final,1.0,27.534145,-0.11312241,-0.082963906,0.10685656
NORMAL/NORMAL-651257-1.jpeg,retfound,0,0,final,1.0,21.85516,-0.25587344,-0.21987744,-0.259719
NORMAL/NORMAL-655117-1.jpeg,retfound,0,0,final,1.0,19.902803,-0.28140113,-0.32475317,-0.23715785
NORMAL/NORMAL-655447-1.jpeg,retfound,0,0,final,1.0,26.64571,-0.16041717,-0.07098761,-0.20252723
NORMAL/NORMAL-664536-1.jpeg,retfound,0,0,final,1.0,22.99869,-0.24410808,-0.3169907,-0.23148118
NORMAL/NORMAL-66515-1.jpeg,retfound,0,0,final,1.0,31.262108,-0.07500881,-0.099499814,-0.041227043
NORMAL/NORMAL-672619-1.jpeg,retfound,0,0,final,1.0,18.20285,-0.3248477,-0.46035457,-0.31562456
NORMAL/NORMAL-692554-1.jpeg,retfound,0,0,final,1.0,21.508472,-0.20168966,-0.09395935,-0.2826259
NORMAL/NORMAL-693575-1.jpeg,retfound,0,0,final,1.0,19.871277,-0.26233807,-0.29959244,-0.37276822
NORMAL/NORMAL-697826-1.jpeg,retfound,0,0,final,1.0,34.7991,0.041922666,0.43977702,0.12167254
NORMAL/NORMAL-744709-1.jpeg,retfound,0,0,final,1.0,22.200138,-0.34502932,-0.37514025,-0.31917155
NORMAL/NORMAL-755659-1.jpeg,retfound,0,0,final,1.0,30.8478,-0.05814581,-0.047901176,0.010570092
NORMAL/NORMAL-758272-1.jpeg,retfound,0,0,final,1.0,24.14603,-0.0717256,-0.043901235,-0.16839042
NORMAL/NORMAL-76914-1.jpeg,retfound,0,0,final,1.0,26.861143,0.0066263536,-0.11052996,0.016423639
NORMAL/NORMAL-772481-1.jpeg,retfound,0,0,final,1.0,22.205654,-0.11982569,-0.1136084,-0.26917714
NORMAL/NORMAL-84466-1.jpeg,retfound,0,0,final,1.0,25.718859,-0.03124578,-0.2826197,-0.020996846
NORMAL/NORMAL-85367-1.jpeg,retfound,0,0,final,1.0,19.112143,-0.24308099,-0.2838024,-0.28747693
NORMAL/NORMAL-9251-1.jpeg,retfound,0,0,final,1.0,26.004774,-0.111597724,0.004171764,-0.19439334
NORMAL/NORMAL-98720-1.jpeg,retfound,0,0,final,1.0,26.22192,-0.14289752,-0.37683803,-0.05077819
